"hgnc_symbol","ENTREZID.Hs"
"AGRN",375790
"DLL1",28514
"SNX2",6643
"EDF1",8721
"SEMA7A",8482
"ADGRL1",22859
"PENK",5179
"TNF",7124
"CXCL10",3627
"ICAM1",3383
"CD2",914
"CD55",1604
"GSTP1",2950
"CSF1",1435
"GZMB",3002
"LAMC1",3915
"CCL4",6351
"HLA-E",3133
"HLA-E",3133
"IL1RN",3557
"MX1",4599
"GRN",2896
"L1CAM",3897
"TNFSF8",944
"NAMPT",10135
"TNFSF10",8743
"GALC",2581
"S100A10",6281
"B2M",567
"PLCB2",5330
"LTB",4050
"LGALS3BP",3959
"EBI3",10148
"BSPRY",54836
"PACS2",23241
"NTNG2",84628
"WNT16",51384
"NENF",29937
"COLQ",8292
