"sample","condition"
"GSM148911.CEL","MM"
"GSM148914.CEL","MM"
"GSM148915.CEL","MM"
"GSM148916.CEL","MM"
"GSM148917.CEL","MM"
"GSM148918.CEL","MM"
"GSM148920.CEL","MM"
"GSM148921.CEL","MM"
"GSM148922.CEL","MM"
"GSM148923.CEL","MM"
"GSM148924.CEL","MM"
"GSM148925.CEL","MM"
"GSM148926.CEL","MM"
"GSM148930.CEL","MM"
"GSM148932.CEL","MM"
"GSM148933.CEL","MM"
"GSM148934.CEL","MM"
"GSM148935.CEL","MM"
"GSM148936.CEL","MM"
"GSM148938.CEL","MM"
"GSM148939.CEL","MM"
"GSM148940.CEL","MM"
"GSM148942.CEL","MM"
"GSM148944.CEL","MM"
"GSM148946.CEL","MM"
"GSM148947.CEL","MM"
"GSM148949.CEL","MM"
"GSM148950.CEL","MM"
"GSM148951.CEL","MM"
"GSM148952.CEL","MM"
"GSM148955.CEL","MM"
"GSM148956.CEL","MM"
"GSM148958.CEL","MM"
"GSM148959.CEL","MM"
"GSM148960.CEL","MM"
"GSM148961.CEL","MM"
"GSM148962.CEL","MM"
"GSM148964.CEL","MM"
"GSM148967.CEL","MM"
"GSM148968.CEL","MM"
"GSM148969.CEL","MM"
"GSM148971.CEL","MM"
"GSM148973.CEL","MM"
"GSM148974.CEL","MM"
"GSM148978.CEL","MM"
"GSM148979.CEL","MM"
"GSM148980.CEL","MM"
"GSM148981.CEL","MM"
"GSM148983.CEL","MM"
"GSM148986.CEL","MM"
"GSM148987.CEL","MM"
"GSM148988.CEL","MM"
"GSM148989.CEL","MM"
"GSM148990.CEL","MM"
"GSM148991.CEL","MM"
"GSM148992.CEL","MM"
"GSM148993.CEL","MM"
"GSM148995.CEL","MM"
"GSM148996.CEL","HD"
"GSM148997.CEL","MM"
"GSM148998.CEL","MM"
"GSM148999.CEL","MM"
"GSM149000.CEL","MM"
"GSM149001.CEL","MM"
"GSM149002.CEL","MM"
"GSM149004.CEL","MM"
"GSM149005.CEL","MM"
"GSM149006.CEL","MM"
"GSM149007.CEL","MM"
"GSM149008.CEL","MM"
"GSM149009.CEL","MM"
"GSM149010.CEL","MM"
"GSM149012.CEL","MM"
"GSM149016.CEL","MM"
"GSM149017.CEL","MM"
"GSM149018.CEL","MM"
"GSM149019.CEL","MM"
"GSM149021.CEL","MM"
"GSM149023.CEL","MM"
"GSM149025.CEL","MM"
"GSM149028.CEL","MM"
"GSM149029.CEL","HD"
"GSM149030.CEL","MM"
"GSM149031.CEL","MM"
"GSM149032.CEL","MM"
"GSM149033.CEL","MM"
"GSM149034.CEL","MM"
"GSM149037.CEL","MM"
"GSM149038.CEL","MM"
"GSM149040.CEL","MM"
"GSM149043.CEL","MM"
"GSM149044.CEL","MM"
"GSM149045.CEL","HD"
"GSM149047.CEL","MM"
"GSM149048.CEL","MM"
"GSM149049.CEL","MM"
"GSM149050.CEL","MM"
"GSM149052.CEL","MM"
"GSM149054.CEL","MM"
"GSM149055.CEL","MM"
"GSM149056.CEL","MM"
"GSM149059.CEL","MM"
"GSM149060.CEL","MM"
"GSM149061.CEL","MM"
"GSM149062.CEL","HD"
"GSM149063.CEL","HD"
"GSM149064.CEL","HD"
"GSM149065.CEL","HD"
"GSM149066.CEL","HD"
"GSM149067.CEL","HD"
"GSM149068.CEL","HD"
"GSM149069.CEL","HD"
"GSM149070.CEL","HD"
"GSM149071.CEL","HD"
"GSM149072.CEL","HD"
"GSM149073.CEL","HD"
"GSM3227604_NORM.1.CEL","HD"
"GSM3227605_NORM.2.CEL","HD"
"GSM3227606_NORM.3.CEL","HD"
"GSM3227607_NORM.4.CEL","HD"
"GSM3227608_MM.004.CEL","MM"
"GSM3227609_MM.021.CEL","MM"
"GSM3227610_MM.025.CEL","MM"
"GSM3227611_MM.030.CEL","MM"
"GSM3227612_MM.035.CEL","MM"
"GSM3227613_MM.039.CEL","MM"
"GSM3227614_MM.040.CEL","MM"
"GSM3227615_MM.042.CEL","MM"
"GSM3227616_MM.043.CEL","MM"
"GSM3227617_MM.049.CEL","MM"
"GSM3227618_MM.050.CEL","MM"
"GSM3227619_MM.052.CEL","MM"
"GSM3227620_MM.055.CEL","MM"
"GSM3227621_MM.056.CEL","MM"
"GSM3227622_MM.066.CEL","MM"
"GSM3227623_MM.069.CEL","MM"
"GSM3227624_MM.074.CEL","MM"
"GSM3227625_MM.078.CEL","MM"
"GSM3227626_MM.104.CEL","MM"
"GSM3227627_MM.115.CEL","MM"
"GSM3227628_MM.123.CEL","MM"
"GSM3227629_MM.154.CEL","MM"
"GSM3227630_MM.179.CEL","MM"
"GSM3227631_MM.206.CEL","MM"
"GSM3227632_MM.212.CEL","MM"
"GSM3227633_MM.213.CEL","MM"
"GSM3227634_MM.239.CEL","MM"
"GSM3227635_MM.243.CEL","MM"
"GSM3227636_MM.263.CEL","MM"
"GSM3227637_MM.268.CEL","MM"
"GSM3227638_MM.269.CEL","MM"
"GSM3227639_MM.274.CEL","MM"
"GSM3227640_MM.278.CEL","MM"
"GSM3227641_MM.295.CEL","MM"
"GSM3227642_MM.301.CEL","MM"
"GSM3227643_MM.302.CEL","MM"
"GSM3227644_MM.310.CEL","MM"
"GSM3227645_MM.313.CEL","MM"
"GSM3227646_MM.314.CEL","MM"
"GSM3227647_MM.321.CEL","MM"
"GSM3227648_MM.330.CEL","MM"
"GSM3227649_MM.335.CEL","MM"
"GSM3227650_MM.375.CEL","MM"
"GSM3227651_MM.392.CEL","MM"
"GSM3227652_MM.398.CEL","MM"
"GSM3227653_MM.402.CEL","MM"
"GSM3227654_MM.406.CEL","MM"
"GSM3227655_MM.413.CEL","MM"
"GSM3227656_MM.431.CEL","MM"
"GSM3227657_MM.464.CEL","MM"
"GSM3569443","MM"
"GSM3569444","MM"
"GSM3569445","MM"
"GSM3569446","MM"
"GSM3569447","MM"
"GSM3569448","MM"
"GSM3569449","MM"
"GSM3569450","MM"
"GSM3569451","MM"
"GSM3569452","MM"
"GSM3569453","MM"
"GSM3569454","MM"
"GSM3569455","MM"
"GSM3569456","MM"
"GSM3569457","MM"
"GSM3569458","HD"
"GSM3569459","MM"
"GSM3569460","MM"
"GSM3569461","MM"
"GSM3569462","MM"
"GSM3569463","MM"
"GSM3569464","MM"
"GSM3569465","MM"
"GSM3569466","MM"
"GSM3569467","MM"
"GSM3569468","MM"
"GSM3569469","MM"
"GSM3569470","MM"
"GSM3569471","MM"
"GSM3569472","MM"
"GSM3569473","MM"
"GSM3569474","MM"
"GSM3569475","MM"
"GSM3569476","MM"
"GSM3569477","MM"
"GSM3569478","MM"
"GSM3569479","MM"
"GSM3569480","MM"
"GSM3569481","MM"
"GSM3569482","HD"
"GSM3569483","MM"
"GSM3569484","MM"
"GSM3569485","MM"
"GSM3569486","MM"
"GSM3569487","MM"
"GSM3569488","MM"
"GSM3569489","MM"
"GSM3569490","HD"
"A24.10","MM"
"A26.6B","MM"
"A26.8","MM"
"A26.9B","MM"
"A26.10B","MM"
"A26.11","MM"
"A26.12","MM"
"A27.12","MM"
"A26.13","MM"
"A26.14","MM"
"A19.1","MM"
"A26.15B","MM"
"A19.8","MM"
"A19.2","MM"
"A24.7","MM"
"A19.5","MM"
"A19.6","MM"
"A24.8","MM"
"A17.5","MM"
"A17.9","MM"
"A24.11","MM"
"A27.18","MM"
"A27.19","MM"
"A27.20","MM"
"A26.1","MM"
"A24.4","MM"
"A28.13","MM"
"A28.15","MM"
"A26.18.A26.19","HD"
"A28c.14","HD"
"A27.21.A27.22","HD"
"RNAseq100","MM"
"RNAseq101","MM"
"RNAseq102","MM"
"RNAseq103","MM"
"RNAseq104","MM"
"RNAseq105","MM"
"RNAseq106","MM"
"RNAseq107","MM"
"RNAseq108","MM"
"RNAseq109","MM"
"RNAseq110","MM"
"RNAseq111","MM"
"RNAseq33","HD"
"RNAseq34","HD"
"RNAseq35","HD"
"RNAseq36","HD"
"RNAseq37","HD"
"RNAseq38","HD"
"RNAseq39","HD"
"RNAseq40","HD"
"RNAseq41","HD"
"RNAseq42","HD"
"RNAseq43","HD"
"RNAseq44","HD"
"RNAseq45","HD"
"RNAseq46","HD"
"RNAseq47","HD"
"RNAseq48","HD"
"RNAseq49","HD"
"RNAseq50","HD"
"RNAseq51","HD"
"RNAseq52","HD"
"RNAseq53","HD"
"RNAseq54","HD"
"RNAseq55","HD"
"RNAseq56","HD"
"RNAseq57","HD"
"RNAseq58","HD"
"RNAseq59","HD"
"RNAseq60","HD"
"RNAseq61","HD"
"RNAseq62","HD"
"RNAseq63","HD"
"RNAseq64","HD"
"RNAseq80","MM"
"RNAseq81","MM"
"RNAseq82","MM"
"RNAseq83","MM"
"RNAseq84","MM"
"RNAseq85","MM"
"RNAseq86","MM"
"RNAseq87","MM"
"RNAseq88","MM"
"RNAseq89","MM"
"RNAseq90","MM"
"RNAseq91","MM"
"RNAseq92","MM"
"RNAseq93","MM"
"RNAseq94","MM"
"RNAseq95","MM"
"RNAseq96","MM"
"RNAseq97","MM"
"RNAseq98","MM"
"RNAseq99","MM"
"GSM978562_NM2009030505.CEL","HD"
"GSM978563_NM2009030507.CEL","HD"
"GSM978564_NM2009032406.CEL","HD"
"GSM978565_NM2009042816.CEL","HD"
"GSM978566_NM2009042817.CEL","HD"
"GSM978567_NM2009042818.CEL","HD"
"GSM978568_SPORE_MM_0618_3.CEL","MM"
"GSM978569_SPORE_MM_0741_3.CEL","MM"
"GSM978570_SPORE_MM_0757_3.CEL","MM"
"GSM978571_SPORE_MM_0825_3.CEL","MM"
"GSM978572_SPORE_MM_0834_3.CEL","MM"
"GSM978573_SPORE_MM_0846_3.CEL","MM"
"GSM978574_SPORE_MM_0865_3.CEL","MM"
"GSM978575_SPORE_MM_0887_3.CEL","MM"
"GSM978576_SPORE_MM_0891_3.CEL","MM"
"GSM978577_SPORE_MM_0943_3.CEL","MM"
"GSM978578_SPORE_MM_0998_3.CEL","MM"
"GSM978579_SPORE_MM_1012_3.CEL","MM"
"GSM978580_SPORE_MM_1014_3.CEL","MM"
"GSM978581_SPORE_MM_1022_3.CEL","MM"
"GSM978582_SPORE_MM_1032_3.CEL","MM"
"GSM978583_SPORE_MM_1066_3.CEL","MM"
"GSM978584_SPORE_MM_1086_3.CEL","MM"
"GSM978585_SPORE_MM_1108_3.CEL","MM"
"GSM978586_SPORE_MM_1121_3.CEL","MM"
"GSM978587_SPORE_MM_1225_3.CEL","MM"
"GSM978588_SPORE_MM_1244_3.CEL","MM"
"GSM978589_SPORE_MM_1269_3.CEL","MM"
"GSM978590_SPORE_MM_1306_3.CEL","MM"
"GSM978591_SPORE_MM_1384_3.CEL","MM"
"GSM978592_SPORE_MM_1432_3.CEL","MM"
"GSM978593_SPORE_MM_1469_3.CEL","MM"
"GSM978594_SPORE_MM_1479_3.CEL","MM"
"GSM978595_SPORE_MM_1488_3.CEL","MM"
"GSM978596_SPORE_MM_1509_3.CEL","MM"
"GSM978597_SPORE_MM_1612_3.CEL","MM"
"GSM978598_SPORE_MM_1616_3.CEL","MM"
"GSM978599_SPORE_MM_1630_3.CEL","MM"
"GSM978600_SPORE_MM_1631_3.CEL","MM"
"GSM978601_SPORE_MM_1641_3.CEL","MM"
"GSM978602_SPORE_MM_1661_3.CEL","MM"
"GSM978603_SPORE_MM_1666_3.CEL","MM"
"GSM978604_SPORE_MM_1678_3.CEL","MM"
"GSM978605_SPORE_MM_1679_3.CEL","MM"
"GSM978606_SPORE_MM_1717_3.CEL","MM"
"GSM978607_SPORE_MM_1729_3.CEL","MM"
"GSM978608_SPORE_MM_1765_3.CEL","MM"
"GSM978609_SPORE_MM_1775_3.CEL","MM"
"GSM978610_SPORE_MM_1890_3.CEL","MM"
"GSM978611_SPORE_MM_1898_3.CEL","MM"
"GSM978612_SPORE_MM_1917_3.CEL","MM"
"GSM978613_SPORE_MM_1918_3.CEL","MM"
"GSM978614_SPORE_MM_1926_3.CEL","MM"
"GSM978615_SPORE_MM_1930_3.CEL","MM"
"GSM978616_SPORE_MM_1959_3.CEL","MM"
"GSM978617_SPORE_MM_1960_3.CEL","MM"
"GSM978618_SPORE_MM_1961_3.CEL","MM"
"GSM978619_SPORE_MM_1969_3.CEL","MM"
"GSM978620_SPORE_MM_1972_3.CEL","MM"
"GSM978621_SPORE_MM_2011_3.CEL","MM"
"GSM978622_SPORE_MM_2021_3.CEL","MM"
"GSM978623_SPORE_MM_2229_3.CEL","MM"
"GSM978624_SPORE_MM_2236_3.CEL","MM"
"GSM978625_SPORE_MM_2301_3.CEL","MM"
"GSM978626_SPORE_MM_2331_3.CEL","MM"
"GSM978627_SPORE_MM_2351_3.CEL","MM"
"GSM978628_SPORE_MM_2369_3.CEL","MM"
"GSM978629_SPORE_MM_2384_3.CEL","MM"
"GSM978630_SPORE_MM_2424_3.CEL","MM"
"GSM978631_SPORE_MM_2438_3.CEL","MM"
"GSM978632_SPORE_MM_2475_3.CEL","MM"
"GSM978633_SPORE_MM_2482_3.CEL","MM"
"GSM978634_SPORE_MM_2490_3.CEL","MM"
"GSM978635_SPORE_MM_2508_3.CEL","MM"
"GSM978636_SPORE_MM_2516_3.CEL","MM"
"GSM978637_SPORE_MM_2526_3.CEL","MM"
"GSM978638_SPORE_MM_2530_3.CEL","MM"
"GSM978639_SPORE_MM_2548_3.CEL","MM"
"GSM978640_SPORE_MM_2552_3.CEL","MM"
"GSM978641_SPORE_MM_2554_3.CEL","MM"
"GSM978642_SPORE_MM_2567_3.CEL","MM"
"GSM978643_SPORE_MM_2570_3.CEL","MM"
"GSM978644_SPORE_MM_2571_3.CEL","MM"
"GSM978645_SPORE_MM_2583_3.CEL","MM"
"GSM978646_SPORE_MM_2660_3.CEL","MM"
"GSM978647_SPORE_MM_2667_3.CEL","MM"
"GSM978648_SPORE_MM_2668_3.CEL","MM"
"GSM978649_SPORE_MM_2669_3.CEL","MM"
"GSM978650_SPORE_MM_2679_3.CEL","MM"
"GSM978651_SPORE_MM_2733_3.CEL","MM"
"GSM978652_SPORE_MM_2739_3.CEL","MM"
"GSM978653_SPORE_MM_2740_3.CEL","MM"
"GSM978654_SPORE_MM_2773_3.CEL","MM"
"GSM978655_SPORE_MM_2789_3.CEL","MM"
"GSM978656_SPORE_MM_2793_3.CEL","MM"
"GSM978657_SPORE_MM_2806_3.CEL","MM"
"GSM978658_SPORE_MM_2825_3.CEL","MM"
"GSM978659_SPORE_MM_2833_3.CEL","MM"
"GSM978660_SPORE_MM_2855_3.CEL","MM"
"GSM978661_SPORE_MM_2860_3.CEL","MM"
"GSM978662_SPORE_MM_2874_3.CEL","MM"
"GSM978663_SPORE_MM_2880_3.CEL","MM"
"GSM978664_SPORE_MM_2893_3.CEL","MM"
"GSM978665_SPORE_MM_2900_3.CEL","MM"
"GSM978666_SPORE_MM_2912_3.CEL","MM"
"GSM978667_SPORE_MM_2923_3.CEL","MM"
"GSM978668_SPORE_MM_2958_3.CEL","MM"
"GSM978669_SPORE_MM_2964_3.CEL","MM"
"GSM978670_SPORE_MM_2968_3.CEL","MM"
"GSM978671_SPORE_MM_2977_3.CEL","MM"
"GSM978672_SPORE_MM_2980_3.CEL","MM"
"GSM978673_SPORE_MM_2989_3.CEL","MM"
"GSM978674_SPORE_MM_2992_3.CEL","MM"
"GSM978675_SPORE_MM_3018_3.CEL","MM"
"GSM978676_SPORE_MM_3038_3.CEL","MM"
"GSM978677_SPORE_MM_3044_3.CEL","MM"
"GSM978678_SPORE_MM_3062_3.CEL","MM"
"GSM978679_SPORE_MM_3065_3.CEL","MM"
"GSM978680_SPORE_MM_3071_3.CEL","MM"
"GSM978681_SPORE_MM_3085_3.CEL","MM"
"GSM978682_SPORE_MM_3089_3.CEL","MM"
"GSM978683_SPORE_MM_3110_3.CEL","MM"
"GSM978684_SPORE_MM_3121_3.CEL","MM"
"GSM978685_SPORE_MM_3164_3.CEL","MM"
"GSM978686_SPORE_MM_3166_3.CEL","MM"
"GSM978687_SPORE_MM_3186_3.CEL","MM"
"GSM978688_SPORE_MM_3224_3.CEL","MM"
"GSM978689_SPORE_MM_3242_3.CEL","MM"
"GSM978690_SPORE_MM_3243_3.CEL","MM"
"GSM978691_SPORE_MM_3251_3.CEL","MM"
"GSM978692_SPORE_MM_3255_3.CEL","MM"
"GSM978693_SPORE_MM_3286_3.CEL","MM"
"GSM978694_SPORE_MM_3294_3.CEL","MM"
"GSM978695_SPORE_MM_3298_3.CEL","MM"
"GSM978696_SPORE_MM_3306_3.CEL","MM"
"GSM978697_SPORE_MM_3322_3.CEL","MM"
"GSM978698_SPORE_MM_3328_3.CEL","MM"
"GSM978699_SPORE_MM_3339b_3.CEL","MM"
"GSM978700_SPORE_MM_3352_3.CEL","MM"
"GSM978701_SPORE_MM_3361_3.CEL","MM"
"GSM978702_SPORE_MM_3375_3.CEL","MM"
"GSM978703_SPORE_MM_3400_3.CEL","MM"
"GSM978704_SPORE_MM_3415_3.CEL","MM"
"GSM978705_SPORE_MM_3420_3.CEL","MM"
"GSM978706_SPORE_MM_3458_3.CEL","MM"
"GSM978707_SPORE_MM_3467_3.CEL","MM"
"GSM978708_SPORE_MM_3476_3.CEL","MM"
"GSM978709_SPORE_MM_3477_3.CEL","MM"
"GSM978710_SPORE_MM_3480_3.CEL","MM"
"GSM978711_SPORE_MM_3486_3.CEL","MM"
"GSM978712_SPORE_MM_3535_3.CEL","MM"
"GSM978713_SPORE_MM_3539_3.CEL","MM"
"GSM978714_SPORE_MM_3556_3.CEL","MM"
"GSM978715_SPORE_MM_3558_3.CEL","MM"
"GSM978716_SPORE_MM_3567_3.CEL","MM"
"GSM978717_SPORE_MM_3572_3.CEL","MM"
"GSM978718_SPORE_MM_3576_3.CEL","MM"
"GSM978719_SPORE_MM_3579_3.CEL","MM"
"GSM978720_SPORE_MM_3589_3.CEL","MM"
"GSM978721_SPORE_MM_3597_3.CEL","MM"
"GSM978722_SPORE_MM_3612_3.CEL","MM"
"GSM978723_SPORE_MM_3614_3.CEL","MM"
"GSM978724_SPORE_MM_3628_3.CEL","MM"
"GSM978725_SPORE_MM_3711_3.CEL","MM"
"GSM978726_SPORE_MM_3723_3.CEL","MM"
"GSM978727_SPORE_MM_3745_3.CEL","MM"
"GSM978728_SPORE_MM_3750_3.CEL","MM"
"GSM978729_SPORE_MM_3767_3.CEL","MM"
"GSM978730_SPORE_MM_3775_3.CEL","MM"
"GSM978731_SPORE_MM_3788_3.CEL","MM"
"GSM978732_SPORE_MM_3833_3.CEL","MM"
"GSM978733_SPORE_MM_501_3.CEL","MM"
"GSM978734_SPORE_MM_588_3.CEL","MM"
"GSM978735_SPORE_MM_838_3.CEL","MM"
"GSM978736_SPORE_MM_989_3.CEL","MM"
"GSM978737_SPORE_MM_997_3.CEL","MM"
"GSM1152309_M687.CEL","MM"
"GSM1152310_M724.CEL","MM"
"GSM1152311_M758.CEL","MM"
"GSM1152312_M786.CEL","MM"
"GSM1152313_M797.CEL","MM"
"GSM1152314_M801.CEL","MM"
"GSM1152315_M813.CEL","MM"
"GSM1152316_M828.CEL","MM"
"GSM1152317_M832.CEL","MM"
"GSM1152318_M833.CEL","MM"
"GSM1152319_M856.CEL","MM"
"GSM1152320_M880.CEL","MM"
"GSM1152321_M896.CEL","MM"
"GSM1152322_M906.CEL","MM"
"GSM1152323_M942.CEL","MM"
"GSM1152324_M956.CEL","MM"
"GSM1152325_M988.CEL","MM"
"GSM1152326_M995.CEL","MM"
"GSM1152327_M1017.CEL","MM"
"GSM1152328_M1018.CEL","MM"
"GSM1152329_M1028.CEL","MM"
"GSM1152330_M1037.CEL","MM"
"GSM1152331_M1041.CEL","MM"
"GSM1152332_M1042.CEL","MM"
"GSM1152333_M1049.CEL","MM"
"GSM1152334_M1051.CEL","MM"
"GSM1152335_M1054.CEL","MM"
"GSM1152336_M1062.CEL","MM"
"GSM1152337_M1070.CEL","MM"
"GSM1152338_M1081.CEL","MM"
"GSM1152339_M1089.CEL","MM"
"GSM1152340_M1093.CELL","MM"
"GSM1152341_M1094.CEL","MM"
"GSM1152342_M1105.CEL","MM"
"GSM1152343_M1111.CEL","MM"
"GSM1152344_M1117.CEL","MM"
"GSM1152345_M1134.CEL","MM"
"GSM1152346_M1137.CEL","MM"
"GSM1152347_M1142.CEL","MM"
"GSM1152348_M1148.CEL","MM"
"GSM1152349_M1155.CEL","MM"
"GSM1152350_N1351.CEL","HD"
"GSM1152351_N1362.CEL","HD"
"GSM1152352_N1588.CEL","HD"
"GSM1152353_N1610.CEL","HD"
"GSM1152354_N1645.CEL","HD"
"GSM2011243_BMPC49","HD"
"GSM2011244_BMPC56","HD"
"GSM2011245_BMPC57","HD"
"GSM2011246_BMPC65","HD"
"GSM2011247_PDLen1_A","MM"
"GSM2011252_PDLen2_A","MM"
"GSM2011257_PDLen3_A","MM"
"GSM2011262_PDLen4_A","MM"
"GSM2011267_PDLen5_A","MM"
"GSM2011271_PDLen6_A","MM"
"GSM2011276_PDLen7_A","MM"
