"hgnc_symbol","ENTREZID"
"COL18A1",80781
"GNAI2",2771
"ECM1",1893
"WNT5A",7474
"COL11A1",1301
"LAMA3",3909
"NECTIN2",5819
"COL6A2",1292
"LAMC2",3918
"VEGFC",7424
"NTF3",4908
"ICAM2",3384
"COL6A1",1291
"CXCL12",6387
"COL1A1",1277
"S100A10",6281
"BMP6",654
"ADGRG6",57211
"PTHLH",5744
"FN1",2335
"THY1",7070
"ADAM12",8038
"EFNA1",1942
"COL1A2",1278
"GREM1",26585
"SLIT3",6586
"DKK2",27123
"BMP2",650
"LAMA5",3911
"VEGFA",7422
"NGF",4803
"F8",2157
"COL3A1",1281
"IGFBP4",3487
"TCTN1",79600
"APP",351
"PODXL",5420
"GAS6",2621
"BMP4",652
"COL4A5",1287
"MFGE8",4240
"NLGN1",22871
"TGFA",7039
"COL4A6",1288
"PSAP",5660
"THBS2",7058
"JAG2",3714
"COL6A3",1293
"EDN1",1906
"AGRN",375790
"SERPINE2",5270
"NFASC",23114
"RELN",5649
"LAMB1",3912
"LAMA4",3910
"FGF7",2252
"COL4A1",1282
"ADAM15",8751
"SEMA3F",6405
"CSF1",1435
"FST",10468
"SFRP1",6422
"TIMP3",7078
"DCN",1634
"COL4A2",1284
"SORT1",6272
"CDH11",1009
"ADM",133
"MFAP5",8076
"GRN",2896
"EFNA4",1945
"COL7A1",1294
"LIF",3976
