Node1,Sign,Node2,Weight
A2M,-1,KLK3,100
A2M,-1,MMP2,100
A2M,-1,MMP9,100
ADAM10,1,BTC,100
ADAM10,1,CDH1,100
ADAM10,1,DLL1,100
ADAM10,1,EGF,100
ADAM17,1,TNF,100
AKT1,-1,FOXO1,100
AKT1,-1,ITPR1,100
AKT1,-1,YAP1,100
AKT1,1,CDK2,100
AKT1,1,CTNNB1,100
AKT1,1,GSK3B,100
AKT1,1,SMAD3,56.99999999999999
ANGPTL4,-1,LPL,100
APEX1,1,RELB,55.00000000000001
APOE,1,APP,100
ARAF,1,MAPK3,26
AREG,1,EGFR,40
AREG,1,ERBB2,43
AREG,1,MMP9,100
ARNT,1,AHR,100
ARNT,1,HIF1A,39
ATF2,1,MMP2,100
B2M,1,HLA_E,100
BDNF,1,NGFR,100
BDNF,1,NTF3,100
BMP1,1,COL5A2,100
BMP6,1,SMAD5,100
C3,1,C5,100
C5,1,C3,100
CALR,1,LPL,100
CCL13,1,CCL2,100
CCL4,-1,CCL3,100
CDH17,1,CTNNB1,100
CDH23,1,CTNNB1,100
CDK2,-1,FOXO1,100
CDK2,-1,RB1,100
CDK2,1,FOXM1,100
CDK2,1,MYBL2,100
CDK2,1,MYC,100
CFH,-1,C3,100
CHUK,-1,NFKB1,45
CHUK,-1,RELB,45
CIITA,1,RFX5,100
CSF1,1,TNF,100
CSNK2A1,-1,ARNT,100
CSNK2A1,-1,FKBP4,100
CSNK2A1,-1,NFE2L2,100
CSNK2A1,-1,NR1H3,100
CSNK2A1,1,ACE,100
CSNK2A1,1,AKT1,100
CSNK2A1,1,APEX1,55.00000000000001
CSNK2A1,1,CTNNB1,100
CSNK2A1,1,HDAC2,100
CSNK2A1,1,IL16,100
CSNK2A1,1,RELA,100
CSNK2A1,1,SRF,100
CTNNB1,-1,PPARG,100
CTNNB1,1,MYC,100
CXCL1,1,ACKR1,100
DDX20,1,FOXL2,100
DLK1,1,FN1,100
E2F1,1,RELA,100
E2F3,1,MYBL2,100
EGFR,1,E2F1,40
EGFR,1,ERBB2,19
ERBB2,1,CTNNB1,43
ERBB2,1,PTGS2,43
EREG,1,EGFR,40
ETV3,1,DDX20,100
F10,1,F2,100
F11,1,HGF,100
F12,1,F11,100
F2,1,F11,100
F2,1,F8,100
F2,1,PLAU,100
F2,1,PROC,100
F2,1,PROS1,100
F7,1,F9,100
F8,1,F10,100
F9,1,F7,100
FGA,1,PLAT,100
FGF1,1,EGFR,40
FGF2,-1,THBS1,100
FGF9,1,FGF10,100
FN1,1,MMP9,100
FOXM1,1,MMP2,100
FOXO3,1,FASLG,100
FST,-1,INHBE,100
FST,-1,MSTN,100
GDNF,1,NCAM1,100
GNAS,1,PLCB1,100
GSK3B,-1,NFE2L1,100
GSK3B,-1,NFE2L2,100
GSK3B,-1,PSEN1,100
GSK3B,1,NFKB1,100
GSK3B,1,RELA,100
GSK3B,1,SMAD3,56.99999999999999
HBEGF,1,EGFR,40
HDAC2,-1,CDH1,100
HDAC2,-1,CIITA,100
HDAC2,-1,NFE2L2,100
HGF,1,PLAU,100
HIF1A,1,EPO,39
HMGB1,1,NFKB1,100
HRAS,1,ARAF,26
HRAS,1,BRAF,39
HRAS,1,JUN,100
HRAS,1,RAF1,43
HSP90AA1,-1,HIF1A,39
HSP90AA1,1,AKT1,100
HSP90AA1,1,RAF1,43
IFNB1,1,JAK1,100
IFNG,1,TNF,100
IL10,-1,NFKB1,100
IL12A,1,IL12B,100
IL6,1,PTHLH,100
JAK1,1,STAT1,100
JAK1,1,STAT2,100
JUN,1,CGA,100
JUN,1,FOSL2,100
JUN,1,PTGS2,100
KLK3,1,PTHLH,100
LEP,1,CRP,100
LPL,1,APOE,100
LYN,1,ITPR1,100
MAPK1,-1,BRAF,39
MAPK1,-1,EGFR,40
MAPK1,-1,ETV3,100
MAPK1,-1,GSK3B,100
MAPK1,1,ALOX5,100
MAPK1,1,HIF1A,39
MAPK1,1,PLCB1,100
MAPK1,1,STAT1,100
MAPK14,-1,MAPK1,100
MAPK14,-1,NFE2L2,100
MAPK14,-1,RB1,100
MAPK14,1,ATF2,100
MAPK14,1,CSNK2A1,100
MAPK14,1,ETS2,100
MAPK14,1,HBP1,100
MAPK14,1,JUN,100
MAPK14,1,MYC,100
MAPK14,1,RELA,100
MAPK14,1,SMAD3,56.99999999999999
MAPK14,1,TH,100
MAPK3,-1,FOXO3,99
MAPK3,-1,PPARG,99
MAPK3,1,ATF2,99
MAPK3,1,E2F1,99
MAPK3,1,IL16,99
MAPK3,1,JUN,99
MAPK3,1,JUND,99
MAPK3,1,MYC,99
MAPK3,1,RAF1,43
MAPK3,1,SMAD2,42
MAPK3,1,SMAD3,56.99999999999999
MAPK3,1,TH,99
MFNG,1,DLL1,100
MMP12,-1,F12,100
MMP13,-1,F12,100
MMP13,-1,FGB,100
MMP2,-1,A2M,100
MMP2,1,EGFR,40
MMP2,1,LAMC2,100
MMP7,-1,DCN,100
MMP7,1,NGF,100
MMP7,1,TFPI,100
MMP9,-1,A2M,100
MMP9,1,CXCL5,100
MYC,1,HSP90AA1,100
MYC,1,SMAD2,43
MYC,1,SMAD3,56.99999999999999
NFE2L2,-1,CCL2,100
NFKB1,1,JUN,100
NFKB1,1,RELA,100
NGF,1,NGFR,100
NGFR,-1,ZNF274,100
NRG1,1,ERBB2,43
NTF3,1,BDNF,100
NTF3,1,NGFR,100
NTF4,1,BDNF,100
NTF4,1,NGFR,100
OSM,1,IL6,100
PDGFB,-1,HRAS,100
PF4,-1,FGF2,100
PLAT,1,MAPK3,99
PLAU,1,HGF,100
PLAU,1,PLG,100
PLG,1,NGF,100
PPARG,1,NR1H3,100
PROC,-1,F7,100
PROS1,1,PROC,100
PSEN1,-1,CTNNB1,100
PSEN1,-1,TRAF6,100
PSEN1,1,CDH1,100
PSEN1,1,DLL1,100
PTGS2,1,IL4,100
PTHLH,1,IL6,100
RB1,-1,E2F1,100
RB1,-1,E2F2,100
RB1,-1,E2F3,100
RB1,-1,MYC,100
RB1,1,HIF1A,39
RELA,1,JUN,100
SERPINA1,-1,F12,100
SERPINA1,-1,F2,100
SERPINC1,-1,F9,100
SERPINE1,-1,PLAT,100
SFRP1,-1,FZD6,100
SFRP1,-1,WNT3A,100
SFRP1,-1,WNT5A,100
SFRP1,1,WNT4,100
SHANK1,1,ADGRL1,100
SMAD2,1,E2F4,43
SMAD2,1,ZEB2,43
SMAD3,1,E2F4,56.99999999999999
SMAD3,1,JUN,56.99999999999999
SMAD3,1,ZEB2,56.99999999999999
SRF,1,IL6,100
SRF,1,PTGS2,100
STAT1,-1,MYC,100
STAT1,-1,RELA,100
STAT1,1,ARNT,100
STAT1,1,FASLG,100
STAT1,1,IRF9,100
STAT2,1,IRF9,100
STAT2,1,STAT1,100
TGFA,1,EGFR,40
TGFA,1,ERBB2,43
TGM2,1,RB1,100
THBS1,-1,FN1,100
THBS1,-1,MMP2,100
THBS1,1,NGF,100
THBS1,1,PLG,100
TIMP2,-1,MMP2,100
TNC,1,EGFR,40
TNF,1,CHUK,45
TNF,1,NFE2L2,100
TNFSF11,1,NFKB1,100
TNFSF11,1,TRAF6,100
TRAF6,1,AKT1,100
TRAF6,1,MAPK14,100
TRAF6,1,NR2C2,100
VEGFA,1,EGFR,40
WNT1,1,FZD6,100
WNT1,1,FZD9,100
WNT11,1,FZD3,100
WNT16,1,FZD6,100
WNT2,1,FZD3,100
WNT3,1,FZD3,100
WNT3A,1,FZD6,100
WNT4,1,FZD3,100
WNT5A,1,FZD6,100
WNT5A,1,FZD9,100
WNT7A,1,FZD9,100
WNT7B,1,FZD3,100
YAP1,1,SMAD1,100
YAP1,1,TEAD1,100
