"Rank","Protein Kinase","Hypergeometric p-value","Z-score","Combined score","Enriched Substrates"
"1","CDK1","1.749e-30","0.00","0.00",""" title=""Overlapping EnrichrSubstrates"" data-content=""CDK1 targets 94 genes from the input gene list.The full list of substrates is available below:EHMT1 CSNK2A1 PPARGC1A LYN JUN EZH2 CTCF SIRT1 STAT3 APEX1 KPNA2 MAPKAPK2 SQSTM1 SP1 SP3 NFE2L2 ATRX UHRF1 E2F1 STUB1 TRIM28 SMARCC1 TP53 EGR1 SMARCA4 TP73 NCOA3 RELA NPM1 CCND1 HMGA1 BHLHE40 TCF3 GSK3B HMGB1 WHSC1 CREB1 AURKA MTA1 DROSHA VHL TAF1 RB1 SMC3 MYC HIF1A RAD21 BARD1 PLK1 CDKN1A NCOR2 NCOR1 RARA RPS3 CDKN2A CDH1 GTF2I MEN1 USP7 NCL DNMT1 CDK7 BCL2 SIN3A CHUK RFC1 SMC1A CEBPB HDAC2 POLR2A RBBP4 KLF4 PML CEBPZ SOX2 KAT5 CHEK2 CHEK1 TP53BP1 BANP SETDB1 ATM ATR TOP2A TOP2B XPO1 SUZ12 KDM1A SMAD3 NFKBIA YBX1 H2AFX SENP1 MAPK8"" style=""cursor: pointer; text-decoration: underline dotted;"">94 substrates"
"2","CSNK2A1","7.001e-29","0.00","0.00",""" title=""Overlapping EnrichrSubstrates"" data-content=""CSNK2A1 targets 88 genes from the input gene list.The full list of substrates is available below:DAXX CSNK2A1 ATF3 SET PPARGC1A JUN EZH2 CTCF SIRT1 POU5F1 STAT3 MYBBP1A APEX1 YY1 SQSTM1 SUMO1 ATRX UHRF1 E2F1 STUB1 TRIM28 SMARCC1 TP53 EGR1 SMARCA4 NCOA3 RELA NPM1 CCND1 TFAP2A VDR HMGA1 BHLHE40 TCF3 GSK3B CREB1 TAF9 AURKA DROSHA VHL RB1 SMC3 MYC HIF1A RAD21 BARD1 PLK1 SNAI1 CDKN1A ING4 NCOR2 NCOR1 CDKN2A CDH1 USP7 TLE1 NCL DNMT1 CDK7 BCL2 SIN3A CHUK RFC1 CEBPB HDAC2 HDAC3 RBBP4 KLF4 PML CEBPZ SOX2 CHEK2 CHEK1 TWIST1 TP53BP1 ATR TOP2A TOP2B XPO1 SUZ12 KDM1A HSPA8 SMAD3 HSPA4 NFKBIA H2AFX SENP1 MAPK9"" style=""cursor: pointer; text-decoration: underline dotted;"">88 substrates"
"3","CDK2","4.055e-27","0.00","0.00",""" title=""Overlapping EnrichrSubstrates"" data-content=""CDK2 targets 107 genes from the input gene list.The full list of substrates is available below:ATF3 SET JUN MYBBP1A APEX1 SP1 SP3 ATRX UHRF1 E2F1 TRIM28 TP63 SMARCC1 TP53 EGR1 SMARCA4 TP73 NR3C1 TFAP2A BHLHE40 TCF3 WHSC1 RNF4 MTA1 DROSHA SMC3 BARD1 PLK1 CDKN1A NCOR2 CDKN2A GTF2I USP7 TLE1 FKBP3 BCL2 RFC1 SMC1A CEBPB HDAC2 POLR2A PML CEBPZ KAT5 TP53BP2 TP53BP1 SETDB1 TOP2A TOP2B XPO1 PARP1 H2AFX MAPK8 EHMT1 DAXX LYN EZH2 CTCF POU5F1 STAT3 YY1 RUVBL2 KPNA2 ZBTB33 FOXP3 ZBTB16 NFE2L2 SUMO1 NCOA3 NPM1 HUWE1 CCND1 HMGA1 GSK3B CHD8 HMGB1 AURKA VHL TAF6 TAF1 RB1 MYC HIF1A RAD21 ING4 GPS1 RPS3 CDH1 MEN1 NCL DNMT1 CDK9 CDK7 SIN3A DNMT3B CHUK RBBP4 SOX2 CHEK2 CHEK1 BANP ATR SUZ12 CDYL SMAD3 NFKBIA SENP1"" style=""cursor: pointer; text-decoration: underline dotted;"">107 substrates"
"4","MAPK14","1.111e-26","0.00","0.00",""" title=""Overlapping EnrichrSubstrates"" data-content=""MAPK14 targets 69 genes from the input gene list.The full list of substrates is available below:ATF3 PPARGC1A HEXIM1 JUN EZH2 CTCF POU5F1 STAT3 APEX1 YY1 MAPKAPK2 SQSTM1 SP1 SP3 NFE2L2 ATRX E2F1 TP53 EGR1 SMARCA4 NCOA3 RELA NPM1 NR3C1 CCND1 HMGA1 BHLHE40 TCF3 GSK3B AURKA DROSHA VHL RB1 SMC3 MYC HIF1A PLK1 CDKN1A ING4 NCOR2 NCOR1 CDKN2A CDH1 GTF2I TLE1 DNMT1 BCL2 SIN3A CHUK CEBPB POLR2A RBBP4 KLF4 KAT5 CHEK1 TWIST1 HIST1H3A TP53BP1 BANP ATR TOP2A TOP2B XPO1 PARP1 SUZ12 HSPA8 SMAD3 NFKBIA MAPK8"" style=""cursor: pointer; text-decoration: underline dotted;"">69 substrates"
"5","GSK3B","1.715e-23","0.00","0.00",""" title=""Overlapping EnrichrSubstrates"" data-content=""GSK3B targets 94 genes from the input gene list.The full list of substrates is available below:ATF3 SET JUN MECP2 SP1 SP3 ATRX UHRF1 E2F1 TRIM24 TP63 SMARCC1 TP53 EGR1 SMARCA4 TP73 RELA RELB NR3C1 BHLHE40 TCF3 WHSC1 DROSHA CARM1 SMC3 BARD1 PLK1 SNAI1 CDKN1A NCOR2 NCOR1 CDKN2A GTF2I TLE1 BCL2 RFC1 CEBPB POLR2A PML KAT5 TWIST1 TP53BP2 TP53BP1 SETDB1 TOP2A TOP2B KDM1A MAPK8 MAPK7 EHMT1 DAXX LYN EZH2 CTCF SIRT1 POU5F1 STAT3 FOXP3 MAPKAPK2 SQSTM1 NFKB2 NFE2L2 NCOA3 NPM1 HUWE1 CCND1 HMGA1 GSK3B CREB1 VHL TAF1 RB1 MYC HIF1A ING4 GPS1 CDH1 DNMT1 SIN3A CHUK RBBP4 KLF4 KLF5 SOX2 CHEK1 BANP ATR SUZ12 CDYL HSPA8 SMAD3 SMAD7 NFKBIA ERBB4"" style=""cursor: pointer; text-decoration: underline dotted;"">94 substrates"
"6","MAPK1","3.475e-21","0.00","0.00",""" title=""Overlapping EnrichrSubstrates"" data-content=""MAPK1 targets 54 genes from the input gene list.The full list of substrates is available below:RB1 MYC CSNK2A1 TXNIP ATF3 GATA4 HIF1A BARD1 LYN JUN SNAI1 EZH2 CDKN1A POU5F1 NCOR2 RPS3 CDKN2A STAT3 MYBBP1A CDH1 GTF2I TLE1 MAPKAPK2 SP1 SP3 BCL2 CHUK CEBPB POLR2A KLF4 PML TP53 TWIST1 HIST1H3A TP53BP2 TP53BP1 BANP EGR1 TOP2A PARP1 RELA RXRA NR3C1 CCND1 SMAD3 HMGA1 SMAD7 NFKBIA BHLHE40 TCF3 GSK3B MAPK8 MAPK7 ERBB4"" style=""cursor: pointer; text-decoration: underline dotted;"">54 substrates"
"7","MAPK8","1.195e-17","0.00","0.00",""" title=""Overlapping EnrichrSubstrates"" data-content=""MAPK8 targets 33 genes from the input gene list.The full list of substrates is available below:SOX2 MYC TP53 TWIST1 BARD1 EGR1 JUN CDKN1A NCOA3 SIRT1 RARA RXRA RPS3 STAT6 SUZ12 CDKN2A STAT3 NR3C1 CCND1 CDH1 GTF2I TLE1 TFAP2A HMGA1 NFKBIA SP1 BHLHE40 BCL2 NFE2L2 SIN3A H2AFX KLF4 STUB1"" style=""cursor: pointer; text-decoration: underline dotted;"">33 substrates"
"8","MAPK3","7.758e-16","0.00","0.00",""" title=""Overlapping EnrichrSubstrates"" data-content=""MAPK3 targets 35 genes from the input gene list.The full list of substrates is available below:MYC TP53 ATF3 TWIST1 GATA4 BANP EGR1 JUN TOP2A CDKN1A POU5F1 RXRA RPS3 STAT3 NR3C1 CCND1 CDH1 GTF2I MAPKAPK2 SMAD3 SMAD7 NFKBIA SP1 BHLHE40 SP3 BCL2 GSK3B CHUK CEBPB MAPK8 MAPK7 POLR2A KLF4 PML STUB1"" style=""cursor: pointer; text-decoration: underline dotted;"">35 substrates"
"9","DNAPK","8.780e-16","0.00","0.00",""" title=""Overlapping EnrichrSubstrates"" data-content=""DNAPK targets 23 genes from the input gene list.The full list of substrates is available below:SOX2 KAT5 TRIM28 CHEK2 CHEK1 TP53 TP53BP1 BARD1 LYN JUN SP1 ATM TCF3 TOP2B IKBKB CHUK PARP1 ATRX H2AFX SMC1A RELA MAPK9 MAPK8"" style=""cursor: pointer; text-decoration: underline dotted;"">23 substrates"
"10","CK2ALPHA","1.024e-14","0.00","0.00",""" title=""Overlapping EnrichrSubstrates"" data-content=""CK2ALPHA targets 30 genes from the input gene list.The full list of substrates is available below:RB1 MYC CHEK1 TP53 LYN JUN SMARCA4 TOP2A NCOR2 RELA PPP1R8 NPM1 APEX1 KDM1A YY1 CDH1 TLE1 NCL VDR NFKBIA SP1 SUMO1 SIN3A EED HDAC2 HDAC3 RBBP4 MTA2 PML TAF1"" style=""cursor: pointer; text-decoration: underline dotted;"">30 substrates"
"11","HIPK2","1.077e-14","0.00","0.00",""" title=""Overlapping EnrichrSubstrates"" data-content=""HIPK2 targets 24 genes from the input gene list.The full list of substrates is available below:TRIM28 MYC TP63 TLE1 TP53 HIF1A SMAD3 HMGA1 BCL2 CHD8 PHF1 IKBKB MECP2 SUMO1 SIN3A CHUK PARP1 SIRT1 CREB1 NCOR1 CEBPB RELA MAPK8 PML"" style=""cursor: pointer; text-decoration: underline dotted;"">24 substrates"
"12","ATM","1.866e-14","0.00","0.00",""" title=""Overlapping EnrichrSubstrates"" data-content=""ATM targets 30 genes from the input gene list.The full list of substrates is available below:RB1 EHMT1 SMC3 SOX2 KAT5 TRIM28 CHEK2 CHEK1 TP63 DAXX TP53 HIF1A TP53BP1 BARD1 EGR1 SMARCA4 ATM EZH2 PARP1 GPS1 HUWE1 MEN1 SP1 RFC1 H2AFX SMC1A CREB1 E2F1 DROSHA VHL"" style=""cursor: pointer; text-decoration: underline dotted;"">30 substrates"
"13","CDC2","2.046e-14","0.00","0.00",""" title=""Overlapping EnrichrSubstrates"" data-content=""CDC2 targets 32 genes from the input gene list.The full list of substrates is available below:RB1 KAT5 TRIM28 MYC CHEK1 CSNK2A1 TP53 RAD21 TP53BP1 LYN JUN PLK1 ATM ATR EZH2 TP73 TOP2A TOP2B CDKN1A XPO1 PARP1 NCOR1 RELA NPM1 STAT3 CCND1 GTF2I NCL ZBTB16 CDK7 BCL2 E2F1"" style=""cursor: pointer; text-decoration: underline dotted;"">32 substrates"
"14","AKT1","3.578e-13","0.00","0.00",""" title=""Overlapping EnrichrSubstrates"" data-content=""AKT1 targets 32 genes from the input gene list.The full list of substrates is available below:SOX2 PPP2R1A MYC CHEK1 CSNK2A1 TXNIP TP53 TWIST1 HIST1H3A PPARGC1A EGR1 JUN EZH2 CDKN1A IKBKB POU5F1 NCOR1 RARA RPS3 CDKN2A STAT3 NR3C1 MAPKAPK2 DNMT1 SMAD3 SP1 BCL2 TCF3 GSK3B YBX1 CHUK CREB1"" style=""cursor: pointer; text-decoration: underline dotted;"">32 substrates"
"15","CDK4","6.375e-13","0.00","0.00",""" title=""Overlapping EnrichrSubstrates"" data-content=""CDK4 targets 22 genes from the input gene list.The full list of substrates is available below:RB1 SMC3 CCND1 MYC TP53 DNMT1 GATA4 HSPA8 JUN SMAD3 CDK7 SP1 BCL2 TCF3 CDKN1A CHD8 SUMO1 PARP1 RFC1 CEBPB CDKN2A STAT3"" style=""cursor: pointer; text-decoration: underline dotted;"">22 substrates"
"16","RPS6KA3","9.734e-13","0.00","0.00",""" title=""Overlapping EnrichrSubstrates"" data-content=""RPS6KA3 targets 30 genes from the input gene list.The full list of substrates is available below:MYC TP53 HIST1H3A EGR1 JUN PLK1 TOP2A TOP2B CDKN1A CTCF POU5F1 NCOR2 KAT2B CDKN2A STAT3 CCND1 CDH1 KPNA4 MAPKAPK2 SMAD3 HMGA1 SMAD7 NFKBIA BHLHE40 BCL2 GSK3B YBX1 SIN3A CHUK CREB1"" style=""cursor: pointer; text-decoration: underline dotted;"">30 substrates"
"17","JNK1","1.545e-9","0.00","0.00",""" title=""Overlapping EnrichrSubstrates"" data-content=""JNK1 targets 15 genes from the input gene list.The full list of substrates is available below:CDKN1A NR3C1 MYC SIRT1 TP53 HIF1A RELA MAPK8 E2F1 HSPA8 JUN SMAD3 STAT3 SP1 BCL2"" style=""cursor: pointer; text-decoration: underline dotted;"">15 substrates"
"18","ATR","2.237e-9","0.00","0.00",""" title=""Overlapping EnrichrSubstrates"" data-content=""ATR targets 17 genes from the input gene list.The full list of substrates is available below:CHEK2 CHEK1 DAXX TP53 CDK9 SP1 ATM ATR H2AFX SMC1A CREB1 GPS1 E2F1 NPM1 CDKN2A HUWE1 PML"" style=""cursor: pointer; text-decoration: underline dotted;"">17 substrates"
"19","ERK1","3.622e-9","0.00","0.00",""" title=""Overlapping EnrichrSubstrates"" data-content=""ERK1 targets 19 genes from the input gene list.The full list of substrates is available below:KAT5 MYC GTF2I SQSTM1 TP53 GATA4 HIF1A LYN JUN SMAD3 SP1 BCL2 TCF3 NCOR2 CEBPB RELA MAPK8 MAPK7 STAT3"" style=""cursor: pointer; text-decoration: underline dotted;"">19 substrates"
"20","GSK3BETA","4.302e-9","0.00","0.00",""" title=""Overlapping EnrichrSubstrates"" data-content=""GSK3BETA targets 18 genes from the input gene list.The full list of substrates is available below:CCND1 CDH1 MYC TP53 DNMT1 PPARGC1A JUN SMAD3 BCL2 SNAI1 GSK3B PHF1 PARP1 CREB1 CEBPB AURKA E2F1 STAT3"" style=""cursor: pointer; text-decoration: underline dotted;"">18 substrates"
"21","ABL1","5.219e-9","0.00","0.00",""" title=""Overlapping EnrichrSubstrates"" data-content=""ABL1 targets 19 genes from the input gene list.The full list of substrates is available below:RB1 CCND1 KAT5 MYC TP63 TP53 EGR1 JUN PLK1 NFKBIA BCL2 ATR TP73 CDKN1A NCOA3 CEBPB HDAC2 ERBB4 STAT3"" style=""cursor: pointer; text-decoration: underline dotted;"">19 substrates"
"22","CSNK1E","1.971e-8","0.00","0.00",""" title=""Overlapping EnrichrSubstrates"" data-content=""CSNK1E targets 12 genes from the input gene list.The full list of substrates is available below:CCND1 CDH1 MYC NCOA3 POU5F1 NCL TP53 DNMT1 SET CDKN2A SMARCA4 SNAI1"" style=""cursor: pointer; text-decoration: underline dotted;"">12 substrates"
"23","CHEK1","5.342e-8","0.00","0.00",""" title=""Overlapping EnrichrSubstrates"" data-content=""CHEK1 targets 20 genes from the input gene list.The full list of substrates is available below:RB1 SOX2 TRIM28 MYC CHEK1 TP53 HIST1H3A TP53BP1 PLK1 EZH2 TP73 TOP2A CDKN1A MYBBP1A KPNA2 YBX1 SIN3A H2AFX E2F1 TAF6"" style=""cursor: pointer; text-decoration: underline dotted;"">20 substrates"
"24","IKKALPHA","1.249e-7","0.00","0.00",""" title=""Overlapping EnrichrSubstrates"" data-content=""IKKALPHA targets 8 genes from the input gene list.The full list of substrates is available below:CHUK RELA NFKB2 RELB IKBKB NCOR2 NFKBIA IRF7"" style=""cursor: pointer; text-decoration: underline dotted;"">8 substrates"
"25","MAP3K14","1.653e-7","0.00","0.00",""" title=""Overlapping EnrichrSubstrates"" data-content=""MAP3K14 targets 15 genes from the input gene list.The full list of substrates is available below:RUVBL2 NCL HSPA8 NFKB2 NFKBIA YBX1 IKBKB CHUK CREB1 RARA RPS3 NPM1 MYBBP1A STUB1 HSPA1A"" style=""cursor: pointer; text-decoration: underline dotted;"">15 substrates"
"26","ERK2","3.091e-7","0.00","0.00",""" title=""Overlapping EnrichrSubstrates"" data-content=""ERK2 targets 16 genes from the input gene list.The full list of substrates is available below:RB1 MYC MAPKAPK2 TP53 GATA4 JUN SMAD3 SP1 BCL2 TCF3 NCOA3 NCOR2 CEBPB RELA MAPK7 STAT3"" style=""cursor: pointer; text-decoration: underline dotted;"">16 substrates"
"27","PRKCD","6.637e-7","0.00","0.00",""" title=""Overlapping EnrichrSubstrates"" data-content=""PRKCD targets 15 genes from the input gene list.The full list of substrates is available below:TRIM28 CDH1 SQSTM1 TP53 HIST1H3A LYN EGR1 JUN NFE2L2 TP73 GSK3B CDKN1A MAPK8 RPS3 STAT3"" style=""cursor: pointer; text-decoration: underline dotted;"">15 substrates"
"28","PRKDC","0.000001049","0.00","0.00",""" title=""Overlapping EnrichrSubstrates"" data-content=""PRKDC targets 13 genes from the input gene list.The full list of substrates is available below:CHEK2 MYC TP53 EGR1 NFKB2 ATM CDKN1A H2AFX RELA RELB MAPK8 POLR2A HUWE1"" style=""cursor: pointer; text-decoration: underline dotted;"">13 substrates"
"29","IKKBETA","0.000001298","0.00","0.00",""" title=""Overlapping EnrichrSubstrates"" data-content=""IKKBETA targets 9 genes from the input gene list.The full list of substrates is available below:RELA IKBKB CHUK STAT3 NFKB2 NFKBIA IRF7 SQSTM1 TP53"" style=""cursor: pointer; text-decoration: underline dotted;"">9 substrates"
"30","TBK1","0.000001727","0.00","0.00",""" title=""Overlapping EnrichrSubstrates"" data-content=""TBK1 targets 11 genes from the input gene list.The full list of substrates is available below:IKBKB RUVBL2 IRF7 SQSTM1 RELA E2F1 STAT6 HSPA8 STAT3 NFKBIA HSPA1A"" style=""cursor: pointer; text-decoration: underline dotted;"">11 substrates"
"31","CHUK","0.000002970","0.00","0.00",""" title=""Overlapping EnrichrSubstrates"" data-content=""CHUK targets 11 genes from the input gene list.The full list of substrates is available below:CCND1 MYC BTRC NCOA3 NCOR2 NCOR1 RELA RELB NFKB2 NFKBIA HSPA1A"" style=""cursor: pointer; text-decoration: underline dotted;"">11 substrates"
"32","CDK5","0.000003089","0.00","0.00",""" title=""Overlapping EnrichrSubstrates"" data-content=""CDK5 targets 16 genes from the input gene list.The full list of substrates is available below:RB1 NR3C1 PPP2R1A MYC TP53 DNMT1 HIF1A CDK7 BCL2 ATM NFE2L2 GSK3B CDKN1A STAT3 APEX1 STUB1"" style=""cursor: pointer; text-decoration: underline dotted;"">16 substrates"
"33","PKBALPHA","0.000004059","0.00","0.00",""" title=""Overlapping EnrichrSubstrates"" data-content=""PKBALPHA targets 17 genes from the input gene list.The full list of substrates is available below:MYC CHEK1 SMARCC1 TP53 PPARGC1A EZH2 CDKN1A IKBKB NCOR2 RARA RELA NPM1 SMAD3 NFKBIA GSK3B CHUK CREB1"" style=""cursor: pointer; text-decoration: underline dotted;"">17 substrates"
"34","IKBKB","0.000004938","0.00","0.00",""" title=""Overlapping EnrichrSubstrates"" data-content=""IKBKB targets 11 genes from the input gene list.The full list of substrates is available below:IKBKB TP63 SMARCC1 PARP1 RELA RELB RPS3 HSPA8 CDKN2A NFKBIA HSPA1A"" style=""cursor: pointer; text-decoration: underline dotted;"">11 substrates"
"35","MAPK9","0.000004938","0.00","0.00",""" title=""Overlapping EnrichrSubstrates"" data-content=""MAPK9 targets 11 genes from the input gene list.The full list of substrates is available below:CDKN1A CCND1 MYC H2AFX TP53 RXRA EGR1 JUN STAT3 NFKBIA BHLHE40"" style=""cursor: pointer; text-decoration: underline dotted;"">11 substrates"
"36","PRKCA","0.000005343","0.00","0.00",""" title=""Overlapping EnrichrSubstrates"" data-content=""PRKCA targets 40 genes from the input gene list.The full list of substrates is available below:HEXIM1 JUN IKBKB POU5F1 STAT3 FOXP3 MAPKAPK2 SQSTM1 NFE2L2 STUB1 TP53 EGR1 TP73 RELA CCND1 TGM2 VDR HMGA1 BHLHE40 GSK3B AURKA RB1 MYC CDKN1A NCOR2 NCOR1 CDKN2A AHR CDH1 CDK9 BCL2 CEBPB KLF4 HIST1H3A ATM TOP2A KDM1A SMAD3 NFKBIA ERBB4"" style=""cursor: pointer; text-decoration: underline dotted;"">40 substrates"
"37","PLK1","0.000007892","0.00","0.00",""" title=""Overlapping EnrichrSubstrates"" data-content=""PLK1 targets 19 genes from the input gene list.The full list of substrates is available below:SMC3 PPP2R1A CHEK2 MYC TP53 RAD21 TP53BP1 PLK1 TP73 TOP2A CDKN1A IKBKB XPO1 SUZ12 NPM1 KDM1A YY1 SMC1A AURKA"" style=""cursor: pointer; text-decoration: underline dotted;"">19 substrates"
"38","PRKACA","0.000007892","0.00","0.00",""" title=""Overlapping EnrichrSubstrates"" data-content=""PRKACA targets 43 genes from the input gene list.The full list of substrates is available below:ATF3 GATA4 PPARGC1A LYN JUN POU5F1 STAT3 ZBTB16 UHRF1 TP53 EGR1 NCOA3 RELA RXRA CCND1 TGM2 TFAP2A VDR BHLHE40 GSK3B CREB1 AURKA RB1 MYC HIF1A SNAI1 CDKN1A NCOR2 NCOR1 RARA CDKN2A CDH1 GTF2I TLE1 BCL2 CEBPB KLF4 ATR TOP2A TOP2B SMAD3 SMAD7 NFKBIA"" style=""cursor: pointer; text-decoration: underline dotted;"">43 substrates"
"39","CSNK2A2","0.00001209","0.00","0.00",""" title=""Overlapping EnrichrSubstrates"" data-content=""CSNK2A2 targets 13 genes from the input gene list.The full list of substrates is available below:SMC3 SOX2 CCND1 CDH1 MYC TP53 EGR1 JUN BCL2 TOP2A CDKN1A POU5F1 NPM1"" style=""cursor: pointer; text-decoration: underline dotted;"">13 substrates"
"40","RPS6KA1","0.00001232","0.00","0.00",""" title=""Overlapping EnrichrSubstrates"" data-content=""RPS6KA1 targets 10 genes from the input gene list.The full list of substrates is available below:GSK3B YBX1 CHEK1 CREB1 TP53 CEBPB MAPK7 EGR1 JUN NFKBIA"" style=""cursor: pointer; text-decoration: underline dotted;"">10 substrates"
"41","AURORAA","0.00001500","0.00","0.00",""" title=""Overlapping EnrichrSubstrates"" data-content=""AURORAA targets 10 genes from the input gene list.The full list of substrates is available below:TOP2A GSK3B CCND1 NCOA3 NCOR1 TP53 HDAC3 AURKA PLK1 NFKBIA"" style=""cursor: pointer; text-decoration: underline dotted;"">10 substrates"
"42","CHEK2","0.00001673","0.00","0.00",""" title=""Overlapping EnrichrSubstrates"" data-content=""CHEK2 targets 8 genes from the input gene list.The full list of substrates is available below:RB1 TRIM28 CHEK2 TP53 E2F1 VHL PLK1 PML"" style=""cursor: pointer; text-decoration: underline dotted;"">8 substrates"
"43","IKK","0.00001874","0.00","0.00",""" title=""Overlapping EnrichrSubstrates"" data-content=""IKK targets 4 genes from the input gene list.The full list of substrates is available below:NCOR2 CCND1 RELA NFKB2"" style=""cursor: pointer; text-decoration: underline dotted;"">4 substrates"
"44","CK2","0.00002022","0.00","0.00",""" title=""Overlapping EnrichrSubstrates"" data-content=""CK2 targets 9 genes from the input gene list.The full list of substrates is available below:TOP2A CDH1 TLE1 HDAC2 RELA MAPK9 JUN VDR NFKBIA"" style=""cursor: pointer; text-decoration: underline dotted;"">9 substrates"
"45","PLK3","0.00003346","0.00","0.00",""" title=""Overlapping EnrichrSubstrates"" data-content=""PLK3 targets 7 genes from the input gene list.The full list of substrates is available below:TOP2A HIF1A CHEK2 JUN NPM1 TP53 ATF3"" style=""cursor: pointer; text-decoration: underline dotted;"">7 substrates"
"46","PRKCB","0.00004011","0.00","0.00",""" title=""Overlapping EnrichrSubstrates"" data-content=""PRKCB targets 15 genes from the input gene list.The full list of substrates is available below:TP53 HIST1H3A EGR1 JUN TP73 CDKN1A STAT3 CCND1 CDH1 SMAD7 NFKBIA BHLHE40 BCL2 GSK3B MAPK9"" style=""cursor: pointer; text-decoration: underline dotted;"">15 substrates"
"47","PKR","0.00005103","0.00","0.00",""" title=""Overlapping EnrichrSubstrates"" data-content=""PKR targets 7 genes from the input gene list.The full list of substrates is available below:IKBKB NPM1 CHUK STAT3 NFKBIA IRF7 TP53"" style=""cursor: pointer; text-decoration: underline dotted;"">7 substrates"
"48","GSK","0.00005238","0.00","0.00",""" title=""Overlapping EnrichrSubstrates"" data-content=""GSK targets 6 genes from the input gene list.The full list of substrates is available below:CDKN1A CEBPB RELA CCND1 MYC SNAI1"" style=""cursor: pointer; text-decoration: underline dotted;"">6 substrates"
"49","SRC","0.00005401","0.00","0.00",""" title=""Overlapping EnrichrSubstrates"" data-content=""SRC targets 24 genes from the input gene list.The full list of substrates is available below:RB1 MYC LYN JUN PLK1 CDKN1A IKBKB POU5F1 WWOX STAT3 CDH1 GTF2I MAPKAPK2 BCL2 CEBPB KLF4 TP53 EGR1 TOP2A CCND1 SMAD3 SMAD7 NFKBIA AURKA"" style=""cursor: pointer; text-decoration: underline dotted;"">24 substrates"
"50","CSNK1A1","0.00007874","0.00","0.00",""" title=""Overlapping EnrichrSubstrates"" data-content=""CSNK1A1 targets 9 genes from the input gene list.The full list of substrates is available below:CDKN1A KDM1A YBX1 CDH1 CREB1 SQSTM1 TP53 RELA VHL"" style=""cursor: pointer; text-decoration: underline dotted;"">9 substrates"
"51","AURKA","0.00009357","0.00","0.00",""" title=""Overlapping EnrichrSubstrates"" data-content=""AURKA targets 9 genes from the input gene list.The full list of substrates is available below:GSK3B CDKN1A TP53 AURKA HIST1H3A VHL PLK1 MYBBP1A TP73"" style=""cursor: pointer; text-decoration: underline dotted;"">9 substrates"
"52","RAF1","0.0001338","0.00","0.00",""" title=""Overlapping EnrichrSubstrates"" data-content=""RAF1 targets 11 genes from the input gene list.The full list of substrates is available below:RB1 NR3C1 PPP2R1A MYC TP53 EGR1 HSPA8 HSPA4 BCL2 PARP1 MAPK7"" style=""cursor: pointer; text-decoration: underline dotted;"">11 substrates"
"53","GSK3ALPHA","0.0001534","0.00","0.00",""" title=""Overlapping EnrichrSubstrates"" data-content=""GSK3ALPHA targets 7 genes from the input gene list.The full list of substrates is available below:GSK3B CCND1 CDH1 MYC PARP1 TP53 JUN"" style=""cursor: pointer; text-decoration: underline dotted;"">7 substrates"
"54","PIM1","0.0001904","0.00","0.00",""" title=""Overlapping EnrichrSubstrates"" data-content=""PIM1 targets 7 genes from the input gene list.The full list of substrates is available below:CDKN1A MYC FOXP3 POU5F1 UHRF1 RELA HIST1H3A"" style=""cursor: pointer; text-decoration: underline dotted;"">7 substrates"
"55","TGFBR2","0.0001980","0.00","0.00",""" title=""Overlapping EnrichrSubstrates"" data-content=""TGFBR2 targets 8 genes from the input gene list.The full list of substrates is available below:CDH1 MYC TP53 EGR1 SMAD3 PML SP1 SNAI1"" style=""cursor: pointer; text-decoration: underline dotted;"">8 substrates"
"56","MAPK10","0.0002344","0.00","0.00",""" title=""Overlapping EnrichrSubstrates"" data-content=""MAPK10 targets 7 genes from the input gene list.The full list of substrates is available below:CDKN1A MYC EGR1 JUN CDKN2A BHLHE40 BCL2"" style=""cursor: pointer; text-decoration: underline dotted;"">7 substrates"
"57","MAP3K7","0.0002983","0.00","0.00",""" title=""Overlapping EnrichrSubstrates"" data-content=""MAP3K7 targets 9 genes from the input gene list.The full list of substrates is available below:RUVBL2 DDX17 SQSTM1 HSPA8 SMAD3 IKBKB E2F1 RPS3 HSPA1A"" style=""cursor: pointer; text-decoration: underline dotted;"">9 substrates"
"58","PIM2","0.0003005","0.00","0.00",""" title=""Overlapping EnrichrSubstrates"" data-content=""PIM2 targets 5 genes from the input gene list.The full list of substrates is available below:CDKN1A MYC DNMT3B FOXP3 POU5F1"" style=""cursor: pointer; text-decoration: underline dotted;"">5 substrates"
"59","MAPK11","0.0003053","0.00","0.00",""" title=""Overlapping EnrichrSubstrates"" data-content=""MAPK11 targets 10 genes from the input gene list.The full list of substrates is available below:NR3C1 MAPKAPK2 TP53 PPARGC1A LYN JUN BCL2 CEBPB E2F1 PML"" style=""cursor: pointer; text-decoration: underline dotted;"">10 substrates"
"60","RPS6KA5","0.0003366","0.00","0.00",""" title=""Overlapping EnrichrSubstrates"" data-content=""RPS6KA5 targets 6 genes from the input gene list.The full list of substrates is available below:RELA HIST1H3A TRIM28 STAT3 CREB1 RARA"" style=""cursor: pointer; text-decoration: underline dotted;"">6 substrates"
"61","TTK","0.0004194","0.00","0.00",""" title=""Overlapping EnrichrSubstrates"" data-content=""TTK targets 9 genes from the input gene list.The full list of substrates is available below:CHEK2 CHEK1 KPNA2 TP53 PLK1 TOP2A XPO1 AURKA E2F1"" style=""cursor: pointer; text-decoration: underline dotted;"">9 substrates"
"62","CK2A2","0.0004569","0.00","0.00",""" title=""Overlapping EnrichrSubstrates"" data-content=""CK2A2 targets 7 genes from the input gene list.The full list of substrates is available below:MYC NCL HDAC2 RELA PPP1R8 JUN NFKBIA"" style=""cursor: pointer; text-decoration: underline dotted;"">7 substrates"
"63","PKCIOTA","0.0004739","0.00","0.00",""" title=""Overlapping EnrichrSubstrates"" data-content=""PKCIOTA targets 6 genes from the input gene list.The full list of substrates is available below:RELA IKBKB CCND1 RUVBL2 CHUK SQSTM1"" style=""cursor: pointer; text-decoration: underline dotted;"">6 substrates"
"64","PRKCZ","0.0004810","0.00","0.00",""" title=""Overlapping EnrichrSubstrates"" data-content=""PRKCZ targets 8 genes from the input gene list.The full list of substrates is available below:GSK3B IKBKB PIAS4 NCOA3 RELA MAPK7 STAT3 SP1"" style=""cursor: pointer; text-decoration: underline dotted;"">8 substrates"
"65","AURKB","0.0004949","0.00","0.00",""" title=""Overlapping EnrichrSubstrates"" data-content=""AURKB targets 11 genes from the input gene list.The full list of substrates is available below:RB1 YY1 KPNA2 TP53 HIST1H3A TP53BP1 PLK1 ATM TOP2A AURKA MYBBP1A"" style=""cursor: pointer; text-decoration: underline dotted;"">11 substrates"
"66","CSNK1D","0.0005282","0.00","0.00",""" title=""Overlapping EnrichrSubstrates"" data-content=""CSNK1D targets 6 genes from the input gene list.The full list of substrates is available below:DNMT1 UHRF1 HIF1A CDH1 NCOA3 TP53"" style=""cursor: pointer; text-decoration: underline dotted;"">6 substrates"
"67","CHK2","0.0006229","0.00","0.00",""" title=""Overlapping EnrichrSubstrates"" data-content=""CHK2 targets 3 genes from the input gene list.The full list of substrates is available below:CHEK2 E2F1 TP53"" style=""cursor: pointer; text-decoration: underline dotted;"">3 substrates"
"68","JNK2","0.0007210","0.00","0.00",""" title=""Overlapping EnrichrSubstrates"" data-content=""JNK2 targets 5 genes from the input gene list.The full list of substrates is available below:RB1 RELA MYC JUN TP53"" style=""cursor: pointer; text-decoration: underline dotted;"">5 substrates"
"69","CDK9","0.001049","0.00","0.00",""" title=""Overlapping EnrichrSubstrates"" data-content=""CDK9 targets 5 genes from the input gene list.The full list of substrates is available below:RB1 POLR2A SMAD3 CDK9 TP53"" style=""cursor: pointer; text-decoration: underline dotted;"">5 substrates"
"70","DNA","0.001188","0.00","0.00",""" title=""Overlapping EnrichrSubstrates"" data-content=""DNA targets 3 genes from the input gene list.The full list of substrates is available below:JUN NR3C1 TP53"" style=""cursor: pointer; text-decoration: underline dotted;"">3 substrates"
"71","CDK7","0.001293","0.00","0.00",""" title=""Overlapping EnrichrSubstrates"" data-content=""CDK7 targets 7 genes from the input gene list.The full list of substrates is available below:TOP2A RARA TP53 POLR2A E2F1 CDK9 CDK7"" style=""cursor: pointer; text-decoration: underline dotted;"">7 substrates"
"72","LYN","0.002008","0.00","0.00",""" title=""Overlapping EnrichrSubstrates"" data-content=""LYN targets 10 genes from the input gene list.The full list of substrates is available below:YY1 CCND1 TRIM28 MYC CSNK2A1 TP53 LYN TOP2A IKBKB PPP1R8"" style=""cursor: pointer; text-decoration: underline dotted;"">10 substrates"
"73","PRKAA2","0.002019","0.00","0.00",""" title=""Overlapping EnrichrSubstrates"" data-content=""PRKAA2 targets 5 genes from the input gene list.The full list of substrates is available below:IKBKB PPARGC1A TFAP2A PARP1 TP53"" style=""cursor: pointer; text-decoration: underline dotted;"">5 substrates"
"74","CK1ALPHA","0.002678","0.00","0.00",""" title=""Overlapping EnrichrSubstrates"" data-content=""CK1ALPHA targets 7 genes from the input gene list.The full list of substrates is available below:RB1 GSK3B CDH1 KPNA2 TP53 JUN ATM"" style=""cursor: pointer; text-decoration: underline dotted;"">7 substrates"
"75","MAP3K8","0.003015","0.00","0.00",""" title=""Overlapping EnrichrSubstrates"" data-content=""MAP3K8 targets 6 genes from the input gene list.The full list of substrates is available below:CHEK1 CREB1 HSPA8 NPM1 PLK1 HSPA1A"" style=""cursor: pointer; text-decoration: underline dotted;"">6 substrates"
"76","PKBGAMMA","0.003722","0.00","0.00",""" title=""Overlapping EnrichrSubstrates"" data-content=""PKBGAMMA targets 4 genes from the input gene list.The full list of substrates is available below:GSK3B CDKN1A RELA CHUK"" style=""cursor: pointer; text-decoration: underline dotted;"">4 substrates"
"77","CDK8","0.003722","0.00","0.00",""" title=""Overlapping EnrichrSubstrates"" data-content=""CDK8 targets 4 genes from the input gene list.The full list of substrates is available below:HIST1H3A E2F1 SMAD3 STAT3"" style=""cursor: pointer; text-decoration: underline dotted;"">4 substrates"
"78","MAP3K20","0.003902","0.00","0.00",""" title=""Overlapping EnrichrSubstrates"" data-content=""MAP3K20 targets 2 genes from the input gene list.The full list of substrates is available below:HIST1H3A CHEK2"" style=""cursor: pointer; text-decoration: underline dotted;"">2 substrates"
"79","MAP2K1","0.004817","0.00","0.00",""" title=""Overlapping EnrichrSubstrates"" data-content=""MAP2K1 targets 6 genes from the input gene list.The full list of substrates is available below:GSK3B CCND1 MYC MAPK8 HSPA8 STAT3"" style=""cursor: pointer; text-decoration: underline dotted;"">6 substrates"
"80","CDK3","0.005172","0.00","0.00",""" title=""Overlapping EnrichrSubstrates"" data-content=""CDK3 targets 4 genes from the input gene list.The full list of substrates is available below:RB1 CDKN1A E2F1 JUN"" style=""cursor: pointer; text-decoration: underline dotted;"">4 substrates"
"81","MAP2K4","0.005283","0.00","0.00",""" title=""Overlapping EnrichrSubstrates"" data-content=""MAP2K4 targets 5 genes from the input gene list.The full list of substrates is available below:DAXX MAPK9 MAPK8 RXRA HSPA4"" style=""cursor: pointer; text-decoration: underline dotted;"">5 substrates"
"82","JAK2","0.005698","0.00","0.00",""" title=""Overlapping EnrichrSubstrates"" data-content=""JAK2 targets 5 genes from the input gene list.The full list of substrates is available below:GTF2I HIST1H3A LYN STAT3 EZH2"" style=""cursor: pointer; text-decoration: underline dotted;"">5 substrates"
"83","AURORAB","0.006519","0.00","0.00",""" title=""Overlapping EnrichrSubstrates"" data-content=""AURORAB targets 6 genes from the input gene list.The full list of substrates is available below:RB1 TOP2A XPO1 AURKA NPM1 PLK1"" style=""cursor: pointer; text-decoration: underline dotted;"">6 substrates"
"84","PKCALPHA","0.007052","0.00","0.00",""" title=""Overlapping EnrichrSubstrates"" data-content=""PKCALPHA targets 8 genes from the input gene list.The full list of substrates is available below:MYC TP53 BCL2 TOP2A GSK3B CREB1 MAPK7 KLF5"" style=""cursor: pointer; text-decoration: underline dotted;"">8 substrates"
"85","IKBKE","0.007729","0.00","0.00",""" title=""Overlapping EnrichrSubstrates"" data-content=""IKBKE targets 6 genes from the input gene list.The full list of substrates is available below:BTRC IRF7 RELA HSPA8 NFKBIA HSPA1A"" style=""cursor: pointer; text-decoration: underline dotted;"">6 substrates"
"86","PRKAA1","0.007811","0.00","0.00",""" title=""Overlapping EnrichrSubstrates"" data-content=""PRKAA1 targets 7 genes from the input gene list.The full list of substrates is available below:RB1 KPNA2 TXNIP SQSTM1 TP53 NFE2L2 TP73"" style=""cursor: pointer; text-decoration: underline dotted;"">7 substrates"
"87","ERBB2","0.009383","0.00","0.00",""" title=""Overlapping EnrichrSubstrates"" data-content=""ERBB2 targets 7 genes from the input gene list.The full list of substrates is available below:CCND1 CDH1 SOCS1 NCOA3 NCOR1 ERBB4 STAT3"" style=""cursor: pointer; text-decoration: underline dotted;"">7 substrates"
"88","CHK1","0.01050","0.00","0.00",""" title=""Overlapping EnrichrSubstrates"" data-content=""CHK1 targets 2 genes from the input gene list.The full list of substrates is available below:TP53 TP73"" style=""cursor: pointer; text-decoration: underline dotted;"">2 substrates"
"89","NIK","0.01050","0.00","0.00",""" title=""Overlapping EnrichrSubstrates"" data-content=""NIK targets 2 genes from the input gene list.The full list of substrates is available below:CEBPB TP53"" style=""cursor: pointer; text-decoration: underline dotted;"">2 substrates"
"90","PKD1","0.01052","0.00","0.00",""" title=""Overlapping EnrichrSubstrates"" data-content=""PKD1 targets 5 genes from the input gene list.The full list of substrates is available below:XPO1 TP53 MAPK9 MAPK8 JUN"" style=""cursor: pointer; text-decoration: underline dotted;"">5 substrates"
"91","PKA","0.01067","0.00","0.00",""" title=""Overlapping EnrichrSubstrates"" data-content=""PKA targets 3 genes from the input gene list.The full list of substrates is available below:GSK3B RELA RARA"" style=""cursor: pointer; text-decoration: underline dotted;"">3 substrates"
"92","DYRK2","0.01076","0.00","0.00",""" title=""Overlapping EnrichrSubstrates"" data-content=""DYRK2 targets 4 genes from the input gene list.The full list of substrates is available below:MYC JUN STAT3 TP53"" style=""cursor: pointer; text-decoration: underline dotted;"">4 substrates"
"93","DYRK1A","0.01260","0.00","0.00",""" title=""Overlapping EnrichrSubstrates"" data-content=""DYRK1A targets 4 genes from the input gene list.The full list of substrates is available below:CCND1 POLR2A SIRT1 TP53"" style=""cursor: pointer; text-decoration: underline dotted;"">4 substrates"
"94","RIPK1","0.01358","0.00","0.00",""" title=""Overlapping EnrichrSubstrates"" data-content=""RIPK1 targets 4 genes from the input gene list.The full list of substrates is available below:STAT6 HSPA8 PML HSPA1A"" style=""cursor: pointer; text-decoration: underline dotted;"">4 substrates"
"95","PRKG1","0.01415","0.00","0.00",""" title=""Overlapping EnrichrSubstrates"" data-content=""PRKG1 targets 5 genes from the input gene list.The full list of substrates is available below:CDKN1A GTF2I GATA4 EGR1 SMAD7"" style=""cursor: pointer; text-decoration: underline dotted;"">5 substrates"
"96","MAPKAPK2","0.01496","0.00","0.00",""" title=""Overlapping EnrichrSubstrates"" data-content=""MAPKAPK2 targets 5 genes from the input gene list.The full list of substrates is available below:TRIM28 CREB1 MAPKAPK2 TP53 PLK1"" style=""cursor: pointer; text-decoration: underline dotted;"">5 substrates"
"97","RPS6KB1","0.01581","0.00","0.00",""" title=""Overlapping EnrichrSubstrates"" data-content=""RPS6KB1 targets 5 genes from the input gene list.The full list of substrates is available below:TOP2A GSK3B TP63 PPARGC1A CDKN2A"" style=""cursor: pointer; text-decoration: underline dotted;"">5 substrates"
"98","AURORA","0.01643","0.00","0.00",""" title=""Overlapping EnrichrSubstrates"" data-content=""AURORA targets 2 genes from the input gene list.The full list of substrates is available below:TP53 AURKA"" style=""cursor: pointer; text-decoration: underline dotted;"">2 substrates"
"99","RPS6KA4","0.01662","0.00","0.00",""" title=""Overlapping EnrichrSubstrates"" data-content=""RPS6KA4 targets 3 genes from the input gene list.The full list of substrates is available below:RELA HIST1H3A CREB1"" style=""cursor: pointer; text-decoration: underline dotted;"">3 substrates"
"100","PAK3","0.01802","0.00","0.00",""" title=""Overlapping EnrichrSubstrates"" data-content=""PAK3 targets 4 genes from the input gene list.The full list of substrates is available below:CDKN1A CCND1 PLK1 TP53"" style=""cursor: pointer; text-decoration: underline dotted;"">4 substrates"
"101","PKBBETA","0.01925","0.00","0.00",""" title=""Overlapping EnrichrSubstrates"" data-content=""PKBBETA targets 4 genes from the input gene list.The full list of substrates is available below:GSK3B CDKN1A RELA CHUK"" style=""cursor: pointer; text-decoration: underline dotted;"">4 substrates"
"102","EGFR","0.01940","0.00","0.00",""" title=""Overlapping EnrichrSubstrates"" data-content=""EGFR targets 9 genes from the input gene list.The full list of substrates is available below:CCND1 CDH1 HIST1H3A LYN EGR1 JUN ATM CDKN1A STAT3"" style=""cursor: pointer; text-decoration: underline dotted;"">9 substrates"
"103","TRRAP","0.01981","0.00","0.00",""" title=""Overlapping EnrichrSubstrates"" data-content=""TRRAP targets 2 genes from the input gene list.The full list of substrates is available below:NCOR2 HUWE1"" style=""cursor: pointer; text-decoration: underline dotted;"">2 substrates"
"104","VRK1","0.02016","0.00","0.00",""" title=""Overlapping EnrichrSubstrates"" data-content=""VRK1 targets 3 genes from the input gene list.The full list of substrates is available below:HIST1H3A JUN TP53"" style=""cursor: pointer; text-decoration: underline dotted;"">3 substrates"
"105","MOK","0.02016","0.00","0.00",""" title=""Overlapping EnrichrSubstrates"" data-content=""MOK targets 3 genes from the input gene list.The full list of substrates is available below:MYC JUN TXNIP"" style=""cursor: pointer; text-decoration: underline dotted;"">3 substrates"
"106","PRKCI","0.02054","0.00","0.00",""" title=""Overlapping EnrichrSubstrates"" data-content=""PRKCI targets 4 genes from the input gene list.The full list of substrates is available below:HSPA4 CDK7 SP1 EZH2"" style=""cursor: pointer; text-decoration: underline dotted;"">4 substrates"
"107","MELK","0.02208","0.00","0.00",""" title=""Overlapping EnrichrSubstrates"" data-content=""MELK targets 3 genes from the input gene list.The full list of substrates is available below:SMAD3 SMAD7 TP53"" style=""cursor: pointer; text-decoration: underline dotted;"">3 substrates"
"108","CAMKIV","0.02347","0.00","0.00",""" title=""Overlapping EnrichrSubstrates"" data-content=""CAMKIV targets 2 genes from the input gene list.The full list of substrates is available below:CREB1 RELA"" style=""cursor: pointer; text-decoration: underline dotted;"">2 substrates"
"109","CDC7","0.02409","0.00","0.00",""" title=""Overlapping EnrichrSubstrates"" data-content=""CDC7 targets 3 genes from the input gene list.The full list of substrates is available below:TOP2A NPM1 NCL"" style=""cursor: pointer; text-decoration: underline dotted;"">3 substrates"
"110","PKCTHETA","0.02470","0.00","0.00",""" title=""Overlapping EnrichrSubstrates"" data-content=""PKCTHETA targets 4 genes from the input gene list.The full list of substrates is available below:IKBKB CHUK MAPK8 LYN"" style=""cursor: pointer; text-decoration: underline dotted;"">4 substrates"
"111","INSR","0.02606","0.00","0.00",""" title=""Overlapping EnrichrSubstrates"" data-content=""INSR targets 5 genes from the input gene list.The full list of substrates is available below:CCND1 TP53 JUN HMGA1 NFKBIA"" style=""cursor: pointer; text-decoration: underline dotted;"">5 substrates"
"112","CDK6","0.02619","0.00","0.00",""" title=""Overlapping EnrichrSubstrates"" data-content=""CDK6 targets 3 genes from the input gene list.The full list of substrates is available below:RB1 CDKN1A NPM1"" style=""cursor: pointer; text-decoration: underline dotted;"">3 substrates"
"113","LKB1","0.02619","0.00","0.00",""" title=""Overlapping EnrichrSubstrates"" data-content=""LKB1 targets 3 genes from the input gene list.The full list of substrates is available below:CDH1 PPARGC1A CREB1"" style=""cursor: pointer; text-decoration: underline dotted;"">3 substrates"
"114","MAPK7","0.02619","0.00","0.00",""" title=""Overlapping EnrichrSubstrates"" data-content=""MAPK7 targets 3 genes from the input gene list.The full list of substrates is available below:MAPK7 PPP2R1A PML"" style=""cursor: pointer; text-decoration: underline dotted;"">3 substrates"
"115","JNK3","0.02737","0.00","0.00",""" title=""Overlapping EnrichrSubstrates"" data-content=""JNK3 targets 2 genes from the input gene list.The full list of substrates is available below:JUN TP53"" style=""cursor: pointer; text-decoration: underline dotted;"">2 substrates"
"116","EEF2K","0.02840","0.00","0.00",""" title=""Overlapping EnrichrSubstrates"" data-content=""EEF2K targets 3 genes from the input gene list.The full list of substrates is available below:MAPK9 MAPK8 MAPKAPK2"" style=""cursor: pointer; text-decoration: underline dotted;"">3 substrates"
"117","MTOR","0.03212","0.00","0.00",""" title=""Overlapping EnrichrSubstrates"" data-content=""MTOR targets 6 genes from the input gene list.The full list of substrates is available below:MYC SQSTM1 DNMT1 JUN POLR2A STAT3"" style=""cursor: pointer; text-decoration: underline dotted;"">6 substrates"
"118","PLK2","0.03309","0.00","0.00",""" title=""Overlapping EnrichrSubstrates"" data-content=""PLK2 targets 3 genes from the input gene list.The full list of substrates is available below:NPM1 PLK1 TP73"" style=""cursor: pointer; text-decoration: underline dotted;"">3 substrates"
"119","EIF2AK2","0.03309","0.00","0.00",""" title=""Overlapping EnrichrSubstrates"" data-content=""EIF2AK2 targets 3 genes from the input gene list.The full list of substrates is available below:IKBKB CHUK TP53"" style=""cursor: pointer; text-decoration: underline dotted;"">3 substrates"
"120","PAK1","0.03949","0.00","0.00",""" title=""Overlapping EnrichrSubstrates"" data-content=""PAK1 targets 6 genes from the input gene list.The full list of substrates is available below:CCND1 PPP2R1A HIST1H3A PLK1 SNAI1 AURKA"" style=""cursor: pointer; text-decoration: underline dotted;"">6 substrates"
"121","RAD17","0.04002","0.00","0.00",""" title=""Overlapping EnrichrSubstrates"" data-content=""RAD17 targets 1 genes from the input gene list.The full list of substrates is available below:ATR"" style=""cursor: pointer; text-decoration: underline dotted;"">1 substrates"
"122","BAZ1B","0.04002","0.00","0.00",""" title=""Overlapping EnrichrSubstrates"" data-content=""BAZ1B targets 1 genes from the input gene list.The full list of substrates is available below:H2AFX"" style=""cursor: pointer; text-decoration: underline dotted;"">1 substrates"
"123","GTF2H1","0.04002","0.00","0.00",""" title=""Overlapping EnrichrSubstrates"" data-content=""GTF2H1 targets 1 genes from the input gene list.The full list of substrates is available below:CDK7"" style=""cursor: pointer; text-decoration: underline dotted;"">1 substrates"
"124","HASPIN","0.04002","0.00","0.00",""" title=""Overlapping EnrichrSubstrates"" data-content=""HASPIN targets 1 genes from the input gene list.The full list of substrates is available below:HIST1H3A"" style=""cursor: pointer; text-decoration: underline dotted;"">1 substrates"
"125","TGM2","0.04002","0.00","0.00",""" title=""Overlapping EnrichrSubstrates"" data-content=""TGM2 targets 1 genes from the input gene list.The full list of substrates is available below:HIST1H3A"" style=""cursor: pointer; text-decoration: underline dotted;"">1 substrates"
"126","BORA","0.04002","0.00","0.00",""" title=""Overlapping EnrichrSubstrates"" data-content=""BORA targets 1 genes from the input gene list.The full list of substrates is available below:PLK1"" style=""cursor: pointer; text-decoration: underline dotted;"">1 substrates"
"127","WRNIP1","0.04002","0.00","0.00",""" title=""Overlapping EnrichrSubstrates"" data-content=""WRNIP1 targets 1 genes from the input gene list.The full list of substrates is available below:ATR"" style=""cursor: pointer; text-decoration: underline dotted;"">1 substrates"
"128","ERCC3","0.04002","0.00","0.00",""" title=""Overlapping EnrichrSubstrates"" data-content=""ERCC3 targets 1 genes from the input gene list.The full list of substrates is available below:CDK7"" style=""cursor: pointer; text-decoration: underline dotted;"">1 substrates"
"129","AKT2","0.04008","0.00","0.00",""" title=""Overlapping EnrichrSubstrates"" data-content=""AKT2 targets 4 genes from the input gene list.The full list of substrates is available below:GSK3B CHUK HIST1H3A PPARGC1A"" style=""cursor: pointer; text-decoration: underline dotted;"">4 substrates"
"130","ACTR2B","0.04048","0.00","0.00",""" title=""Overlapping EnrichrSubstrates"" data-content=""ACTR2B targets 2 genes from the input gene list.The full list of substrates is available below:SMAD3 NCOA3"" style=""cursor: pointer; text-decoration: underline dotted;"">2 substrates"
"131","MAP3K5","0.04083","0.00","0.00",""" title=""Overlapping EnrichrSubstrates"" data-content=""MAP3K5 targets 3 genes from the input gene list.The full list of substrates is available below:CDKN1A MAPK8 DAXX"" style=""cursor: pointer; text-decoration: underline dotted;"">3 substrates"
"132","PKG1CGKI","0.04359","0.00","0.00",""" title=""Overlapping EnrichrSubstrates"" data-content=""PKG1CGKI targets 3 genes from the input gene list.The full list of substrates is available below:CREB1 SP1 TP53"" style=""cursor: pointer; text-decoration: underline dotted;"">3 substrates"
"133","RET","0.04645","0.00","0.00",""" title=""Overlapping EnrichrSubstrates"" data-content=""RET targets 3 genes from the input gene list.The full list of substrates is available below:MAPK9 MAPK8 STAT3"" style=""cursor: pointer; text-decoration: underline dotted;"">3 substrates"
"134","ALK","0.04645","0.00","0.00",""" title=""Overlapping EnrichrSubstrates"" data-content=""ALK targets 3 genes from the input gene list.The full list of substrates is available below:RELA STAT3 TP53"" style=""cursor: pointer; text-decoration: underline dotted;"">3 substrates"
"135","SGK1","0.05053","0.00","0.00",""" title=""Overlapping EnrichrSubstrates"" data-content=""SGK1 targets 4 genes from the input gene list.The full list of substrates is available below:IKBKB CREB1 MAPK7 NFKBIA"" style=""cursor: pointer; text-decoration: underline dotted;"">4 substrates"
"136","BTK","0.05509","0.00","0.00",""" title=""Overlapping EnrichrSubstrates"" data-content=""BTK targets 4 genes from the input gene list.The full list of substrates is available below:GTF2I TP53 LYN JUN"" style=""cursor: pointer; text-decoration: underline dotted;"">4 substrates"
"137","CDK13","0.06636","0.00","0.00",""" title=""Overlapping EnrichrSubstrates"" data-content=""CDK13 targets 2 genes from the input gene list.The full list of substrates is available below:HUWE1 POLR2A"" style=""cursor: pointer; text-decoration: underline dotted;"">2 substrates"
"138","PRKD1","0.07005","0.00","0.00",""" title=""Overlapping EnrichrSubstrates"" data-content=""PRKD1 targets 4 genes from the input gene list.The full list of substrates is available below:CREB1 TFAP2A JUN SNAI1"" style=""cursor: pointer; text-decoration: underline dotted;"">4 substrates"
"139","PKMYT1","0.07206","0.00","0.00",""" title=""Overlapping EnrichrSubstrates"" data-content=""PKMYT1 targets 2 genes from the input gene list.The full list of substrates is available below:PLK1 SMARCA4"" style=""cursor: pointer; text-decoration: underline dotted;"">2 substrates"
"140","CSNK2B","0.07206","0.00","0.00",""" title=""Overlapping EnrichrSubstrates"" data-content=""CSNK2B targets 2 genes from the input gene list.The full list of substrates is available below:RUVBL2 SNAI1"" style=""cursor: pointer; text-decoration: underline dotted;"">2 substrates"
"141","MAPK13","0.07273","0.00","0.00",""" title=""Overlapping EnrichrSubstrates"" data-content=""MAPK13 targets 4 genes from the input gene list.The full list of substrates is available below:MAPKAPK2 SQSTM1 TP53 JUN"" style=""cursor: pointer; text-decoration: underline dotted;"">4 substrates"
"142","SMG1","0.07790","0.00","0.00",""" title=""Overlapping EnrichrSubstrates"" data-content=""SMG1 targets 2 genes from the input gene list.The full list of substrates is available below:HUWE1 TP53"" style=""cursor: pointer; text-decoration: underline dotted;"">2 substrates"
"143","PIM3","0.07790","0.00","0.00",""" title=""Overlapping EnrichrSubstrates"" data-content=""PIM3 targets 2 genes from the input gene list.The full list of substrates is available below:PML POU5F1"" style=""cursor: pointer; text-decoration: underline dotted;"">2 substrates"
"144","PIK3CG","0.07790","0.00","0.00",""" title=""Overlapping EnrichrSubstrates"" data-content=""PIK3CG targets 2 genes from the input gene list.The full list of substrates is available below:SET GFI1"" style=""cursor: pointer; text-decoration: underline dotted;"">2 substrates"
"145","MAPK15","0.07790","0.00","0.00",""" title=""Overlapping EnrichrSubstrates"" data-content=""MAPK15 targets 2 genes from the input gene list.The full list of substrates is available below:JUN NFKBIA"" style=""cursor: pointer; text-decoration: underline dotted;"">2 substrates"
"146","NEK2","0.07981","0.00","0.00",""" title=""Overlapping EnrichrSubstrates"" data-content=""NEK2 targets 3 genes from the input gene list.The full list of substrates is available below:AURKA NPM1 PLK1"" style=""cursor: pointer; text-decoration: underline dotted;"">3 substrates"
"147","HIPK1","0.08389","0.00","0.00",""" title=""Overlapping EnrichrSubstrates"" data-content=""HIPK1 targets 2 genes from the input gene list.The full list of substrates is available below:DAXX MECP2"" style=""cursor: pointer; text-decoration: underline dotted;"">2 substrates"
"148","TLK1","0.08389","0.00","0.00",""" title=""Overlapping EnrichrSubstrates"" data-content=""TLK1 targets 2 genes from the input gene list.The full list of substrates is available below:HIST1H3A ATM"" style=""cursor: pointer; text-decoration: underline dotted;"">2 substrates"
"149","MAP4K4","0.08389","0.00","0.00",""" title=""Overlapping EnrichrSubstrates"" data-content=""MAP4K4 targets 2 genes from the input gene list.The full list of substrates is available below:DDX17 SMARCA4"" style=""cursor: pointer; text-decoration: underline dotted;"">2 substrates"
"150","MAPK6","0.08389","0.00","0.00",""" title=""Overlapping EnrichrSubstrates"" data-content=""MAPK6 targets 2 genes from the input gene list.The full list of substrates is available below:HSPA4 NCOA3"" style=""cursor: pointer; text-decoration: underline dotted;"">2 substrates"
"151","PRKCE","0.08986","0.00","0.00",""" title=""Overlapping EnrichrSubstrates"" data-content=""PRKCE targets 4 genes from the input gene list.The full list of substrates is available below:KEAP1 IKBKB CREB1 STAT3"" style=""cursor: pointer; text-decoration: underline dotted;"">4 substrates"
"152","DYRK3","0.09002","0.00","0.00",""" title=""Overlapping EnrichrSubstrates"" data-content=""DYRK3 targets 2 genes from the input gene list.The full list of substrates is available below:SIRT1 CREB1"" style=""cursor: pointer; text-decoration: underline dotted;"">2 substrates"
"153","AURKC","0.09002","0.00","0.00",""" title=""Overlapping EnrichrSubstrates"" data-content=""AURKC targets 2 genes from the input gene list.The full list of substrates is available below:NFKBIA HIST1H3A"" style=""cursor: pointer; text-decoration: underline dotted;"">2 substrates"
"154","GSK3A","0.09139","0.00","0.00",""" title=""Overlapping EnrichrSubstrates"" data-content=""GSK3A targets 3 genes from the input gene list.The full list of substrates is available below:CCND1 MYC CEBPB"" style=""cursor: pointer; text-decoration: underline dotted;"">3 substrates"
"155","MAP3K3","0.09600","0.00","0.00",""" title=""Overlapping EnrichrSubstrates"" data-content=""MAP3K3 targets 7 genes from the input gene list.The full list of substrates is available below:PPP2R1A RUVBL2 LYN HSPA8 HSPA4 STUB1 HSPA1A"" style=""cursor: pointer; text-decoration: underline dotted;"">7 substrates"
"156","PBK","0.09627","0.00","0.00",""" title=""Overlapping EnrichrSubstrates"" data-content=""PBK targets 2 genes from the input gene list.The full list of substrates is available below:HIST1H3A JUN"" style=""cursor: pointer; text-decoration: underline dotted;"">2 substrates"
"157","NUAK1","0.09627","0.00","0.00",""" title=""Overlapping EnrichrSubstrates"" data-content=""NUAK1 targets 2 genes from the input gene list.The full list of substrates is available below:CDKN1A TP53"" style=""cursor: pointer; text-decoration: underline dotted;"">2 substrates"
"158","MARK3","0.1026","0.00","0.00",""" title=""Overlapping EnrichrSubstrates"" data-content=""MARK3 targets 2 genes from the input gene list.The full list of substrates is available below:RAD21 DDX17"" style=""cursor: pointer; text-decoration: underline dotted;"">2 substrates"
"159","MAPK12","0.1055","0.00","0.00",""" title=""Overlapping EnrichrSubstrates"" data-content=""MAPK12 targets 4 genes from the input gene list.The full list of substrates is available below:CCND1 MAPKAPK2 TP53 JUN"" style=""cursor: pointer; text-decoration: underline dotted;"">4 substrates"
"160","CK1DELTA","0.1078","0.00","0.00",""" title=""Overlapping EnrichrSubstrates"" data-content=""CK1DELTA targets 3 genes from the input gene list.The full list of substrates is available below:TP53 MTA2 PLK1"" style=""cursor: pointer; text-decoration: underline dotted;"">3 substrates"
"161","RPS6KA2","0.1091","0.00","0.00",""" title=""Overlapping EnrichrSubstrates"" data-content=""RPS6KA2 targets 2 genes from the input gene list.The full list of substrates is available below:GSK3B CREB1"" style=""cursor: pointer; text-decoration: underline dotted;"">2 substrates"
"162","PLK4","0.1121","0.00","0.00",""" title=""Overlapping EnrichrSubstrates"" data-content=""PLK4 targets 3 genes from the input gene list.The full list of substrates is available below:TOP2A PPP2R1A PLK1"" style=""cursor: pointer; text-decoration: underline dotted;"">3 substrates"
"163","CAM","0.1153","0.00","0.00",""" title=""Overlapping EnrichrSubstrates"" data-content=""CAM targets 1 genes from the input gene list.The full list of substrates is available below:CREB1"" style=""cursor: pointer; text-decoration: underline dotted;"">1 substrates"
"164","PKM","0.1153","0.00","0.00",""" title=""Overlapping EnrichrSubstrates"" data-content=""PKM targets 1 genes from the input gene list.The full list of substrates is available below:STAT3"" style=""cursor: pointer; text-decoration: underline dotted;"">1 substrates"
"165","CK1EPSILON","0.1157","0.00","0.00",""" title=""Overlapping EnrichrSubstrates"" data-content=""CK1EPSILON targets 2 genes from the input gene list.The full list of substrates is available below:PLK1 TP53"" style=""cursor: pointer; text-decoration: underline dotted;"">2 substrates"
"166","PKAGAMMA","0.1253","0.00","0.00",""" title=""Overlapping EnrichrSubstrates"" data-content=""PKAGAMMA targets 3 genes from the input gene list.The full list of substrates is available below:NR3C1 CREB1 RELA"" style=""cursor: pointer; text-decoration: underline dotted;"">3 substrates"
"167","DYRK1B","0.1292","0.00","0.00",""" title=""Overlapping EnrichrSubstrates"" data-content=""DYRK1B targets 2 genes from the input gene list.The full list of substrates is available below:CDKN1A CCND1"" style=""cursor: pointer; text-decoration: underline dotted;"">2 substrates"
"168","CAMK4","0.1292","0.00","0.00",""" title=""Overlapping EnrichrSubstrates"" data-content=""CAMK4 targets 2 genes from the input gene list.The full list of substrates is available below:RELA CREB1"" style=""cursor: pointer; text-decoration: underline dotted;"">2 substrates"
"169","TGFBR1","0.1345","0.00","0.00",""" title=""Overlapping EnrichrSubstrates"" data-content=""TGFBR1 targets 3 genes from the input gene list.The full list of substrates is available below:TP63 IRF7 WWOX"" style=""cursor: pointer; text-decoration: underline dotted;"">3 substrates"
"170","LATS2","0.1361","0.00","0.00",""" title=""Overlapping EnrichrSubstrates"" data-content=""LATS2 targets 2 genes from the input gene list.The full list of substrates is available below:CDKN1A SNAI1"" style=""cursor: pointer; text-decoration: underline dotted;"">2 substrates"
"171","TEC","0.1361","0.00","0.00",""" title=""Overlapping EnrichrSubstrates"" data-content=""TEC targets 2 genes from the input gene list.The full list of substrates is available below:LYN MAF"" style=""cursor: pointer; text-decoration: underline dotted;"">2 substrates"
"172","NEK6","0.1430","0.00","0.00",""" title=""Overlapping EnrichrSubstrates"" data-content=""NEK6 targets 2 genes from the input gene list.The full list of substrates is available below:STAT3 CDK7"" style=""cursor: pointer; text-decoration: underline dotted;"">2 substrates"
"173","AXL","0.1430","0.00","0.00",""" title=""Overlapping EnrichrSubstrates"" data-content=""AXL targets 2 genes from the input gene list.The full list of substrates is available below:LYN STAT3"" style=""cursor: pointer; text-decoration: underline dotted;"">2 substrates"
"174","PKC","0.1508","0.00","0.00",""" title=""Overlapping EnrichrSubstrates"" data-content=""PKC targets 1 genes from the input gene list.The full list of substrates is available below:TOP2A"" style=""cursor: pointer; text-decoration: underline dotted;"">1 substrates"
"175","RSK","0.1508","0.00","0.00",""" title=""Overlapping EnrichrSubstrates"" data-content=""RSK targets 1 genes from the input gene list.The full list of substrates is available below:CEBPB"" style=""cursor: pointer; text-decoration: underline dotted;"">1 substrates"
"176","RSK3","0.1508","0.00","0.00",""" title=""Overlapping EnrichrSubstrates"" data-content=""RSK3 targets 1 genes from the input gene list.The full list of substrates is available below:CREB1"" style=""cursor: pointer; text-decoration: underline dotted;"">1 substrates"
"177","EPHB1","0.1571","0.00","0.00",""" title=""Overlapping EnrichrSubstrates"" data-content=""EPHB1 targets 2 genes from the input gene list.The full list of substrates is available below:LYN STAT3"" style=""cursor: pointer; text-decoration: underline dotted;"">2 substrates"
"178","STK4","0.1571","0.00","0.00",""" title=""Overlapping EnrichrSubstrates"" data-content=""STK4 targets 2 genes from the input gene list.The full list of substrates is available below:H2AFX NFKBIA"" style=""cursor: pointer; text-decoration: underline dotted;"">2 substrates"
"179","PRKCQ","0.1631","0.00","0.00",""" title=""Overlapping EnrichrSubstrates"" data-content=""PRKCQ targets 3 genes from the input gene list.The full list of substrates is available below:IKBKB CHUK HIST1H3A"" style=""cursor: pointer; text-decoration: underline dotted;"">3 substrates"
"180","DAPK3","0.1643","0.00","0.00",""" title=""Overlapping EnrichrSubstrates"" data-content=""DAPK3 targets 2 genes from the input gene list.The full list of substrates is available below:CDKN1A TP53"" style=""cursor: pointer; text-decoration: underline dotted;"">2 substrates"
"181","CSK","0.1643","0.00","0.00",""" title=""Overlapping EnrichrSubstrates"" data-content=""CSK targets 2 genes from the input gene list.The full list of substrates is available below:LYN PML"" style=""cursor: pointer; text-decoration: underline dotted;"">2 substrates"
"182","PDHK1","0.1831","0.00","0.00",""" title=""Overlapping EnrichrSubstrates"" data-content=""PDHK1 targets 3 genes from the input gene list.The full list of substrates is available below:GSK3B IKBKB CHUK"" style=""cursor: pointer; text-decoration: underline dotted;"">3 substrates"
"183","RSK","0.1848","0.00","0.00",""" title=""Overlapping EnrichrSubstrates"" data-content=""RSK targets 1 genes from the input gene list.The full list of substrates is available below:CREB1"" style=""cursor: pointer; text-decoration: underline dotted;"">1 substrates"
"184","CK1GAMMA1","0.1848","0.00","0.00",""" title=""Overlapping EnrichrSubstrates"" data-content=""CK1GAMMA1 targets 1 genes from the input gene list.The full list of substrates is available below:TP53"" style=""cursor: pointer; text-decoration: underline dotted;"">1 substrates"
"185","MARK2","0.1934","0.00","0.00",""" title=""Overlapping EnrichrSubstrates"" data-content=""MARK2 targets 2 genes from the input gene list.The full list of substrates is available below:GSK3B PHF1"" style=""cursor: pointer; text-decoration: underline dotted;"">2 substrates"
"186","TYK2","0.1985","0.00","0.00",""" title=""Overlapping EnrichrSubstrates"" data-content=""TYK2 targets 3 genes from the input gene list.The full list of substrates is available below:STAT6 STAT3 NFKB2"" style=""cursor: pointer; text-decoration: underline dotted;"">3 substrates"
"187","PKCGAMMA","0.1985","0.00","0.00",""" title=""Overlapping EnrichrSubstrates"" data-content=""PKCGAMMA targets 3 genes from the input gene list.The full list of substrates is available below:TOP2A RARA LYN"" style=""cursor: pointer; text-decoration: underline dotted;"">3 substrates"
"188","MAP3K1","0.2009","0.00","0.00",""" title=""Overlapping EnrichrSubstrates"" data-content=""MAP3K1 targets 5 genes from the input gene list.The full list of substrates is available below:RUVBL2 NCL HSPA8 STAT3 HSPA1A"" style=""cursor: pointer; text-decoration: underline dotted;"">5 substrates"
"189","PKC","0.2013","0.00","0.00",""" title=""Overlapping EnrichrSubstrates"" data-content=""PKC targets 1 genes from the input gene list.The full list of substrates is available below:RELA"" style=""cursor: pointer; text-decoration: underline dotted;"">1 substrates"
"190","STK17A","0.2013","0.00","0.00",""" title=""Overlapping EnrichrSubstrates"" data-content=""STK17A targets 1 genes from the input gene list.The full list of substrates is available below:TP53"" style=""cursor: pointer; text-decoration: underline dotted;"">1 substrates"
"191","RIPK3","0.2032","0.00","0.00",""" title=""Overlapping EnrichrSubstrates"" data-content=""RIPK3 targets 4 genes from the input gene list.The full list of substrates is available below:RUVBL2 DAXX HSPA8 HSPA1A"" style=""cursor: pointer; text-decoration: underline dotted;"">4 substrates"
"192","MAP2K7","0.2082","0.00","0.00",""" title=""Overlapping EnrichrSubstrates"" data-content=""MAP2K7 targets 2 genes from the input gene list.The full list of substrates is available below:MAPK9 MAPK8"" style=""cursor: pointer; text-decoration: underline dotted;"">2 substrates"
"193","PDGFRBETA","0.2082","0.00","0.00",""" title=""Overlapping EnrichrSubstrates"" data-content=""PDGFRBETA targets 2 genes from the input gene list.The full list of substrates is available below:LYN STAT3"" style=""cursor: pointer; text-decoration: underline dotted;"">2 substrates"
"194","KIT","0.2082","0.00","0.00",""" title=""Overlapping EnrichrSubstrates"" data-content=""KIT targets 2 genes from the input gene list.The full list of substrates is available below:LYN STAT3"" style=""cursor: pointer; text-decoration: underline dotted;"">2 substrates"
"195","PKAALPHA","0.2116","0.00","0.00",""" title=""Overlapping EnrichrSubstrates"" data-content=""PKAALPHA targets 4 genes from the input gene list.The full list of substrates is available below:CREB1 RELA AURKA PPP1R8"" style=""cursor: pointer; text-decoration: underline dotted;"">4 substrates"
"196","FYN","0.2148","0.00","0.00",""" title=""Overlapping EnrichrSubstrates"" data-content=""FYN targets 6 genes from the input gene list.The full list of substrates is available below:LYN EGR1 TOP2A CCND1 FOXP3 NFE2L2"" style=""cursor: pointer; text-decoration: underline dotted;"">6 substrates"
"197","ABL2","0.2156","0.00","0.00",""" title=""Overlapping EnrichrSubstrates"" data-content=""ABL2 targets 2 genes from the input gene list.The full list of substrates is available below:CEBPB ERBB4"" style=""cursor: pointer; text-decoration: underline dotted;"">2 substrates"
"198","BRD4","0.2175","0.00","0.00",""" title=""Overlapping EnrichrSubstrates"" data-content=""BRD4 targets 1 genes from the input gene list.The full list of substrates is available below:POLR2A"" style=""cursor: pointer; text-decoration: underline dotted;"">1 substrates"
"199","TP53RK","0.2175","0.00","0.00",""" title=""Overlapping EnrichrSubstrates"" data-content=""TP53RK targets 1 genes from the input gene list.The full list of substrates is available below:TP53"" style=""cursor: pointer; text-decoration: underline dotted;"">1 substrates"
"200","MET","0.2306","0.00","0.00",""" title=""Overlapping EnrichrSubstrates"" data-content=""MET targets 2 genes from the input gene list.The full list of substrates is available below:CDH1 PARP1"" style=""cursor: pointer; text-decoration: underline dotted;"">2 substrates"
"201","BRD2","0.2333","0.00","0.00",""" title=""Overlapping EnrichrSubstrates"" data-content=""BRD2 targets 1 genes from the input gene list.The full list of substrates is available below:RB1"" style=""cursor: pointer; text-decoration: underline dotted;"">1 substrates"
"202","PKC","0.2356","0.00","0.00",""" title=""Overlapping EnrichrSubstrates"" data-content=""PKC targets 3 genes from the input gene list.The full list of substrates is available below:CDKN1A AHR NFE2L2"" style=""cursor: pointer; text-decoration: underline dotted;"">3 substrates"
"203","RIPK2","0.2381","0.00","0.00",""" title=""Overlapping EnrichrSubstrates"" data-content=""RIPK2 targets 2 genes from the input gene list.The full list of substrates is available below:HSPA8 HSPA1A"" style=""cursor: pointer; text-decoration: underline dotted;"">2 substrates"
"204","PRKD2","0.2456","0.00","0.00",""" title=""Overlapping EnrichrSubstrates"" data-content=""PRKD2 targets 2 genes from the input gene list.The full list of substrates is available below:SET RXRA"" style=""cursor: pointer; text-decoration: underline dotted;"">2 substrates"
"205","EPHB2","0.2456","0.00","0.00",""" title=""Overlapping EnrichrSubstrates"" data-content=""EPHB2 targets 2 genes from the input gene list.The full list of substrates is available below:GTF2I LYN"" style=""cursor: pointer; text-decoration: underline dotted;"">2 substrates"
"206","NLK","0.2456","0.00","0.00",""" title=""Overlapping EnrichrSubstrates"" data-content=""NLK targets 2 genes from the input gene list.The full list of substrates is available below:SETDB1 STAT3"" style=""cursor: pointer; text-decoration: underline dotted;"">2 substrates"
"207","CAMK2A","0.2640","0.00","0.00",""" title=""Overlapping EnrichrSubstrates"" data-content=""CAMK2A targets 4 genes from the input gene list.The full list of substrates is available below:CCND1 MYC CDKN1A NCOR2"" style=""cursor: pointer; text-decoration: underline dotted;"">4 substrates"
"208","PAK4","0.2682","0.00","0.00",""" title=""Overlapping EnrichrSubstrates"" data-content=""PAK4 targets 2 genes from the input gene list.The full list of substrates is available below:TP53 MAPK7"" style=""cursor: pointer; text-decoration: underline dotted;"">2 substrates"
"209","SRM","0.2789","0.00","0.00",""" title=""Overlapping EnrichrSubstrates"" data-content=""SRM targets 1 genes from the input gene list.The full list of substrates is available below:RUVBL2"" style=""cursor: pointer; text-decoration: underline dotted;"">1 substrates"
"210","PKC","0.2789","0.00","0.00",""" title=""Overlapping EnrichrSubstrates"" data-content=""PKC targets 1 genes from the input gene list.The full list of substrates is available below:STAT3"" style=""cursor: pointer; text-decoration: underline dotted;"">1 substrates"
"211","TAF1","0.2935","0.00","0.00",""" title=""Overlapping EnrichrSubstrates"" data-content=""TAF1 targets 1 genes from the input gene list.The full list of substrates is available below:TP53"" style=""cursor: pointer; text-decoration: underline dotted;"">1 substrates"
"212","TRKA","0.3078","0.00","0.00",""" title=""Overlapping EnrichrSubstrates"" data-content=""TRKA targets 1 genes from the input gene list.The full list of substrates is available below:SQSTM1"" style=""cursor: pointer; text-decoration: underline dotted;"">1 substrates"
"213","CDC42BPG","0.3078","0.00","0.00",""" title=""Overlapping EnrichrSubstrates"" data-content=""CDC42BPG targets 1 genes from the input gene list.The full list of substrates is available below:CDH1"" style=""cursor: pointer; text-decoration: underline dotted;"">1 substrates"
"214","CAMKIIBETA","0.3133","0.00","0.00",""" title=""Overlapping EnrichrSubstrates"" data-content=""CAMKIIBETA targets 2 genes from the input gene list.The full list of substrates is available below:CREB1 PPARGC1A"" style=""cursor: pointer; text-decoration: underline dotted;"">2 substrates"
"215","HIPK4","0.3219","0.00","0.00",""" title=""Overlapping EnrichrSubstrates"" data-content=""HIPK4 targets 1 genes from the input gene list.The full list of substrates is available below:TP53"" style=""cursor: pointer; text-decoration: underline dotted;"">1 substrates"
"216","TAOK1","0.3219","0.00","0.00",""" title=""Overlapping EnrichrSubstrates"" data-content=""TAOK1 targets 1 genes from the input gene list.The full list of substrates is available below:GSK3B"" style=""cursor: pointer; text-decoration: underline dotted;"">1 substrates"
"217","RPS6KA6","0.3219","0.00","0.00",""" title=""Overlapping EnrichrSubstrates"" data-content=""RPS6KA6 targets 1 genes from the input gene list.The full list of substrates is available below:XPO1"" style=""cursor: pointer; text-decoration: underline dotted;"">1 substrates"
"218","TRIB1","0.3219","0.00","0.00",""" title=""Overlapping EnrichrSubstrates"" data-content=""TRIB1 targets 1 genes from the input gene list.The full list of substrates is available below:ATF3"" style=""cursor: pointer; text-decoration: underline dotted;"">1 substrates"
"219","PTK7","0.3219","0.00","0.00",""" title=""Overlapping EnrichrSubstrates"" data-content=""PTK7 targets 1 genes from the input gene list.The full list of substrates is available below:SERPINH1"" style=""cursor: pointer; text-decoration: underline dotted;"">1 substrates"
"220","RYK","0.3219","0.00","0.00",""" title=""Overlapping EnrichrSubstrates"" data-content=""RYK targets 1 genes from the input gene list.The full list of substrates is available below:SERPINH1"" style=""cursor: pointer; text-decoration: underline dotted;"">1 substrates"
"221","LMTK3","0.3219","0.00","0.00",""" title=""Overlapping EnrichrSubstrates"" data-content=""LMTK3 targets 1 genes from the input gene list.The full list of substrates is available below:ZBTB16"" style=""cursor: pointer; text-decoration: underline dotted;"">1 substrates"
"222","CDK12","0.3356","0.00","0.00",""" title=""Overlapping EnrichrSubstrates"" data-content=""CDK12 targets 1 genes from the input gene list.The full list of substrates is available below:POLR2A"" style=""cursor: pointer; text-decoration: underline dotted;"">1 substrates"
"223","LRRK1","0.3356","0.00","0.00",""" title=""Overlapping EnrichrSubstrates"" data-content=""LRRK1 targets 1 genes from the input gene list.The full list of substrates is available below:RELB"" style=""cursor: pointer; text-decoration: underline dotted;"">1 substrates"
"224","PKCETA","0.3356","0.00","0.00",""" title=""Overlapping EnrichrSubstrates"" data-content=""PKCETA targets 1 genes from the input gene list.The full list of substrates is available below:DNMT3B"" style=""cursor: pointer; text-decoration: underline dotted;"">1 substrates"
"225","STK40","0.3356","0.00","0.00",""" title=""Overlapping EnrichrSubstrates"" data-content=""STK40 targets 1 genes from the input gene list.The full list of substrates is available below:MAPKAPK2"" style=""cursor: pointer; text-decoration: underline dotted;"">1 substrates"
"226","MAP4K5","0.3356","0.00","0.00",""" title=""Overlapping EnrichrSubstrates"" data-content=""MAP4K5 targets 1 genes from the input gene list.The full list of substrates is available below:GSK3B"" style=""cursor: pointer; text-decoration: underline dotted;"">1 substrates"
"227","ABL","0.3356","0.00","0.00",""" title=""Overlapping EnrichrSubstrates"" data-content=""ABL targets 2 genes from the input gene list.The full list of substrates is available below:NFKBIA TP73"" style=""cursor: pointer; text-decoration: underline dotted;"">2 substrates"
"228","DMPK","0.3491","0.00","0.00",""" title=""Overlapping EnrichrSubstrates"" data-content=""DMPK targets 1 genes from the input gene list.The full list of substrates is available below:SP1"" style=""cursor: pointer; text-decoration: underline dotted;"">1 substrates"
"229","NEK3","0.3491","0.00","0.00",""" title=""Overlapping EnrichrSubstrates"" data-content=""NEK3 targets 1 genes from the input gene list.The full list of substrates is available below:TOP2A"" style=""cursor: pointer; text-decoration: underline dotted;"">1 substrates"
"230","MARK4","0.3491","0.00","0.00",""" title=""Overlapping EnrichrSubstrates"" data-content=""MARK4 targets 1 genes from the input gene list.The full list of substrates is available below:SMARCA4"" style=""cursor: pointer; text-decoration: underline dotted;"">1 substrates"
"231","CAMKIIALPHA","0.3578","0.00","0.00",""" title=""Overlapping EnrichrSubstrates"" data-content=""CAMKIIALPHA targets 2 genes from the input gene list.The full list of substrates is available below:CREB1 CEBPB"" style=""cursor: pointer; text-decoration: underline dotted;"">2 substrates"
"232","MAP3K4","0.3623","0.00","0.00",""" title=""Overlapping EnrichrSubstrates"" data-content=""MAP3K4 targets 1 genes from the input gene list.The full list of substrates is available below:CARM1"" style=""cursor: pointer; text-decoration: underline dotted;"">1 substrates"
"233","CSF1R","0.3623","0.00","0.00",""" title=""Overlapping EnrichrSubstrates"" data-content=""CSF1R targets 1 genes from the input gene list.The full list of substrates is available below:LYN"" style=""cursor: pointer; text-decoration: underline dotted;"">1 substrates"
"234","TLK2","0.3623","0.00","0.00",""" title=""Overlapping EnrichrSubstrates"" data-content=""TLK2 targets 1 genes from the input gene list.The full list of substrates is available below:HSPA4"" style=""cursor: pointer; text-decoration: underline dotted;"">1 substrates"
"235","GSG2","0.3623","0.00","0.00",""" title=""Overlapping EnrichrSubstrates"" data-content=""GSG2 targets 1 genes from the input gene list.The full list of substrates is available below:HIST1H3A"" style=""cursor: pointer; text-decoration: underline dotted;"">1 substrates"
"236","SGK2","0.3623","0.00","0.00",""" title=""Overlapping EnrichrSubstrates"" data-content=""SGK2 targets 1 genes from the input gene list.The full list of substrates is available below:GSK3B"" style=""cursor: pointer; text-decoration: underline dotted;"">1 substrates"
"237","MATK","0.3623","0.00","0.00",""" title=""Overlapping EnrichrSubstrates"" data-content=""MATK targets 1 genes from the input gene list.The full list of substrates is available below:LYN"" style=""cursor: pointer; text-decoration: underline dotted;"">1 substrates"
"238","EIF2AK1","0.3752","0.00","0.00",""" title=""Overlapping EnrichrSubstrates"" data-content=""EIF2AK1 targets 1 genes from the input gene list.The full list of substrates is available below:HSPA1A"" style=""cursor: pointer; text-decoration: underline dotted;"">1 substrates"
"239","STK10","0.3752","0.00","0.00",""" title=""Overlapping EnrichrSubstrates"" data-content=""STK10 targets 1 genes from the input gene list.The full list of substrates is available below:PLK1"" style=""cursor: pointer; text-decoration: underline dotted;"">1 substrates"
"240","MAP3K6","0.3752","0.00","0.00",""" title=""Overlapping EnrichrSubstrates"" data-content=""MAP3K6 targets 1 genes from the input gene list.The full list of substrates is available below:MAPK8"" style=""cursor: pointer; text-decoration: underline dotted;"">1 substrates"
"241","VRK2","0.3752","0.00","0.00",""" title=""Overlapping EnrichrSubstrates"" data-content=""VRK2 targets 1 genes from the input gene list.The full list of substrates is available below:TP53"" style=""cursor: pointer; text-decoration: underline dotted;"">1 substrates"
"242","MAP3K10","0.3752","0.00","0.00",""" title=""Overlapping EnrichrSubstrates"" data-content=""MAP3K10 targets 1 genes from the input gene list.The full list of substrates is available below:TCF3"" style=""cursor: pointer; text-decoration: underline dotted;"">1 substrates"
"243","AMPKA2","0.3752","0.00","0.00",""" title=""Overlapping EnrichrSubstrates"" data-content=""AMPKA2 targets 1 genes from the input gene list.The full list of substrates is available below:CREB1"" style=""cursor: pointer; text-decoration: underline dotted;"">1 substrates"
"244","SIK1","0.3752","0.00","0.00",""" title=""Overlapping EnrichrSubstrates"" data-content=""SIK1 targets 1 genes from the input gene list.The full list of substrates is available below:NCOR2"" style=""cursor: pointer; text-decoration: underline dotted;"">1 substrates"
"245","CDK16","0.3879","0.00","0.00",""" title=""Overlapping EnrichrSubstrates"" data-content=""CDK16 targets 1 genes from the input gene list.The full list of substrates is available below:SMARCA4"" style=""cursor: pointer; text-decoration: underline dotted;"">1 substrates"
"246","TSSK4","0.3879","0.00","0.00",""" title=""Overlapping EnrichrSubstrates"" data-content=""TSSK4 targets 1 genes from the input gene list.The full list of substrates is available below:CREB1"" style=""cursor: pointer; text-decoration: underline dotted;"">1 substrates"
"247","CSNK1G1","0.3879","0.00","0.00",""" title=""Overlapping EnrichrSubstrates"" data-content=""CSNK1G1 targets 1 genes from the input gene list.The full list of substrates is available below:RELA"" style=""cursor: pointer; text-decoration: underline dotted;"">1 substrates"
"248","MAP2K5","0.3879","0.00","0.00",""" title=""Overlapping EnrichrSubstrates"" data-content=""MAP2K5 targets 1 genes from the input gene list.The full list of substrates is available below:MAPK7"" style=""cursor: pointer; text-decoration: underline dotted;"">1 substrates"
"249","TTN","0.3879","0.00","0.00",""" title=""Overlapping EnrichrSubstrates"" data-content=""TTN targets 1 genes from the input gene list.The full list of substrates is available below:SQSTM1"" style=""cursor: pointer; text-decoration: underline dotted;"">1 substrates"
"250","MERTK","0.3879","0.00","0.00",""" title=""Overlapping EnrichrSubstrates"" data-content=""MERTK targets 1 genes from the input gene list.The full list of substrates is available below:STAT3"" style=""cursor: pointer; text-decoration: underline dotted;"">1 substrates"
"251","EPHB4","0.3879","0.00","0.00",""" title=""Overlapping EnrichrSubstrates"" data-content=""EPHB4 targets 1 genes from the input gene list.The full list of substrates is available below:SERPINH1"" style=""cursor: pointer; text-decoration: underline dotted;"">1 substrates"
"252","MYLK2","0.4003","0.00","0.00",""" title=""Overlapping EnrichrSubstrates"" data-content=""MYLK2 targets 1 genes from the input gene list.The full list of substrates is available below:NFKB2"" style=""cursor: pointer; text-decoration: underline dotted;"">1 substrates"
"253","PAK5","0.4003","0.00","0.00",""" title=""Overlapping EnrichrSubstrates"" data-content=""PAK5 targets 1 genes from the input gene list.The full list of substrates is available below:TCF3"" style=""cursor: pointer; text-decoration: underline dotted;"">1 substrates"
"254","GRK5","0.4003","0.00","0.00",""" title=""Overlapping EnrichrSubstrates"" data-content=""GRK5 targets 1 genes from the input gene list.The full list of substrates is available below:TP53"" style=""cursor: pointer; text-decoration: underline dotted;"">1 substrates"
"255","MKNK2","0.4003","0.00","0.00",""" title=""Overlapping EnrichrSubstrates"" data-content=""MKNK2 targets 1 genes from the input gene list.The full list of substrates is available below:TXNIP"" style=""cursor: pointer; text-decoration: underline dotted;"">1 substrates"
"256","NEK1","0.4124","0.00","0.00",""" title=""Overlapping EnrichrSubstrates"" data-content=""NEK1 targets 1 genes from the input gene list.The full list of substrates is available below:VHL"" style=""cursor: pointer; text-decoration: underline dotted;"">1 substrates"
"257","EPHB3","0.4124","0.00","0.00",""" title=""Overlapping EnrichrSubstrates"" data-content=""EPHB3 targets 1 genes from the input gene list.The full list of substrates is available below:SMARCA4"" style=""cursor: pointer; text-decoration: underline dotted;"">1 substrates"
"258","EPHA8","0.4124","0.00","0.00",""" title=""Overlapping EnrichrSubstrates"" data-content=""EPHA8 targets 1 genes from the input gene list.The full list of substrates is available below:SMARCA4"" style=""cursor: pointer; text-decoration: underline dotted;"">1 substrates"
"259","TRIM24","0.4224","0.00","0.00",""" title=""Overlapping EnrichrSubstrates"" data-content=""TRIM24 targets 2 genes from the input gene list.The full list of substrates is available below:TAF9 TP53BP2"" style=""cursor: pointer; text-decoration: underline dotted;"">2 substrates"
"260","EPHA5","0.4243","0.00","0.00",""" title=""Overlapping EnrichrSubstrates"" data-content=""EPHA5 targets 1 genes from the input gene list.The full list of substrates is available below:LYN"" style=""cursor: pointer; text-decoration: underline dotted;"">1 substrates"
"261","EPHA7","0.4243","0.00","0.00",""" title=""Overlapping EnrichrSubstrates"" data-content=""EPHA7 targets 1 genes from the input gene list.The full list of substrates is available below:LYN"" style=""cursor: pointer; text-decoration: underline dotted;"">1 substrates"
"262","MAP4K1","0.4243","0.00","0.00",""" title=""Overlapping EnrichrSubstrates"" data-content=""MAP4K1 targets 1 genes from the input gene list.The full list of substrates is available below:LYN"" style=""cursor: pointer; text-decoration: underline dotted;"">1 substrates"
"263","MOS","0.4243","0.00","0.00",""" title=""Overlapping EnrichrSubstrates"" data-content=""MOS targets 1 genes from the input gene list.The full list of substrates is available below:HSPA4"" style=""cursor: pointer; text-decoration: underline dotted;"">1 substrates"
"264","CAMKIIGAMMA","0.4360","0.00","0.00",""" title=""Overlapping EnrichrSubstrates"" data-content=""CAMKIIGAMMA targets 1 genes from the input gene list.The full list of substrates is available below:CREB1"" style=""cursor: pointer; text-decoration: underline dotted;"">1 substrates"
"265","RPS6KB2","0.4360","0.00","0.00",""" title=""Overlapping EnrichrSubstrates"" data-content=""RPS6KB2 targets 1 genes from the input gene list.The full list of substrates is available below:GSK3B"" style=""cursor: pointer; text-decoration: underline dotted;"">1 substrates"
"266","AKT3","0.4475","0.00","0.00",""" title=""Overlapping EnrichrSubstrates"" data-content=""AKT3 targets 1 genes from the input gene list.The full list of substrates is available below:GSK3B"" style=""cursor: pointer; text-decoration: underline dotted;"">1 substrates"
"267","TNK2","0.4475","0.00","0.00",""" title=""Overlapping EnrichrSubstrates"" data-content=""TNK2 targets 1 genes from the input gene list.The full list of substrates is available below:WWOX"" style=""cursor: pointer; text-decoration: underline dotted;"">1 substrates"
"268","SGK3","0.4475","0.00","0.00",""" title=""Overlapping EnrichrSubstrates"" data-content=""SGK3 targets 1 genes from the input gene list.The full list of substrates is available below:GSK3B"" style=""cursor: pointer; text-decoration: underline dotted;"">1 substrates"
"269","IRAK1","0.4475","0.00","0.00",""" title=""Overlapping EnrichrSubstrates"" data-content=""IRAK1 targets 1 genes from the input gene list.The full list of substrates is available below:STAT3"" style=""cursor: pointer; text-decoration: underline dotted;"">1 substrates"
"270","LCK","0.4515","0.00","0.00",""" title=""Overlapping EnrichrSubstrates"" data-content=""LCK targets 4 genes from the input gene list.The full list of substrates is available below:FOXP3 TP53 EGR1 NFKBIA"" style=""cursor: pointer; text-decoration: underline dotted;"">4 substrates"
"271","JAK3","0.4587","0.00","0.00",""" title=""Overlapping EnrichrSubstrates"" data-content=""JAK3 targets 1 genes from the input gene list.The full list of substrates is available below:EZH2"" style=""cursor: pointer; text-decoration: underline dotted;"">1 substrates"
"272","BMX","0.4587","0.00","0.00",""" title=""Overlapping EnrichrSubstrates"" data-content=""BMX targets 1 genes from the input gene list.The full list of substrates is available below:TP53"" style=""cursor: pointer; text-decoration: underline dotted;"">1 substrates"
"273","EPHA6","0.4587","0.00","0.00",""" title=""Overlapping EnrichrSubstrates"" data-content=""EPHA6 targets 1 genes from the input gene list.The full list of substrates is available below:LYN"" style=""cursor: pointer; text-decoration: underline dotted;"">1 substrates"
"274","EPHA1","0.4587","0.00","0.00",""" title=""Overlapping EnrichrSubstrates"" data-content=""EPHA1 targets 1 genes from the input gene list.The full list of substrates is available below:LYN"" style=""cursor: pointer; text-decoration: underline dotted;"">1 substrates"
"275","STK3","0.4587","0.00","0.00",""" title=""Overlapping EnrichrSubstrates"" data-content=""STK3 targets 1 genes from the input gene list.The full list of substrates is available below:HIST1H3A"" style=""cursor: pointer; text-decoration: underline dotted;"">1 substrates"
"276","PRKACB","0.4696","0.00","0.00",""" title=""Overlapping EnrichrSubstrates"" data-content=""PRKACB targets 1 genes from the input gene list.The full list of substrates is available below:CDKN1A"" style=""cursor: pointer; text-decoration: underline dotted;"">1 substrates"
"277","PRKCH","0.4696","0.00","0.00",""" title=""Overlapping EnrichrSubstrates"" data-content=""PRKCH targets 1 genes from the input gene list.The full list of substrates is available below:GSK3B"" style=""cursor: pointer; text-decoration: underline dotted;"">1 substrates"
"278","JAK1","0.4696","0.00","0.00",""" title=""Overlapping EnrichrSubstrates"" data-content=""JAK1 targets 1 genes from the input gene list.The full list of substrates is available below:HIST1H3A"" style=""cursor: pointer; text-decoration: underline dotted;"">1 substrates"
"279","EPHA3","0.4696","0.00","0.00",""" title=""Overlapping EnrichrSubstrates"" data-content=""EPHA3 targets 1 genes from the input gene list.The full list of substrates is available below:LYN"" style=""cursor: pointer; text-decoration: underline dotted;"">1 substrates"
"280","CAMK2D","0.4696","0.00","0.00",""" title=""Overlapping EnrichrSubstrates"" data-content=""CAMK2D targets 1 genes from the input gene list.The full list of substrates is available below:GSK3B"" style=""cursor: pointer; text-decoration: underline dotted;"">1 substrates"
"281","PAK2","0.4703","0.00","0.00",""" title=""Overlapping EnrichrSubstrates"" data-content=""PAK2 targets 2 genes from the input gene list.The full list of substrates is available below:MYC JUN"" style=""cursor: pointer; text-decoration: underline dotted;"">2 substrates"
"282","CAMKIIDELTA","0.4804","0.00","0.00",""" title=""Overlapping EnrichrSubstrates"" data-content=""CAMKIIDELTA targets 1 genes from the input gene list.The full list of substrates is available below:CREB1"" style=""cursor: pointer; text-decoration: underline dotted;"">1 substrates"
"283","PKN1","0.4804","0.00","0.00",""" title=""Overlapping EnrichrSubstrates"" data-content=""PKN1 targets 1 genes from the input gene list.The full list of substrates is available below:HIST1H3A"" style=""cursor: pointer; text-decoration: underline dotted;"">1 substrates"
"284","LRRK2","0.4804","0.00","0.00",""" title=""Overlapping EnrichrSubstrates"" data-content=""LRRK2 targets 1 genes from the input gene list.The full list of substrates is available below:TP53"" style=""cursor: pointer; text-decoration: underline dotted;"">1 substrates"
"285","FER","0.4804","0.00","0.00",""" title=""Overlapping EnrichrSubstrates"" data-content=""FER targets 1 genes from the input gene list.The full list of substrates is available below:STAT3"" style=""cursor: pointer; text-decoration: underline dotted;"">1 substrates"
"286","DAPK1","0.4909","0.00","0.00",""" title=""Overlapping EnrichrSubstrates"" data-content=""DAPK1 targets 1 genes from the input gene list.The full list of substrates is available below:TP53"" style=""cursor: pointer; text-decoration: underline dotted;"">1 substrates"
"287","MAPKAPK5","0.4909","0.00","0.00",""" title=""Overlapping EnrichrSubstrates"" data-content=""MAPKAPK5 targets 1 genes from the input gene list.The full list of substrates is available below:TP53"" style=""cursor: pointer; text-decoration: underline dotted;"">1 substrates"
"288","BMPR1B","0.5013","0.00","0.00",""" title=""Overlapping EnrichrSubstrates"" data-content=""BMPR1B targets 1 genes from the input gene list.The full list of substrates is available below:IRF7"" style=""cursor: pointer; text-decoration: underline dotted;"">1 substrates"
"289","PKCEPSILON","0.5030","0.00","0.00",""" title=""Overlapping EnrichrSubstrates"" data-content=""PKCEPSILON targets 2 genes from the input gene list.The full list of substrates is available below:SP1 BCL2"" style=""cursor: pointer; text-decoration: underline dotted;"">2 substrates"
"290","EPHA4","0.5114","0.00","0.00",""" title=""Overlapping EnrichrSubstrates"" data-content=""EPHA4 targets 1 genes from the input gene list.The full list of substrates is available below:LYN"" style=""cursor: pointer; text-decoration: underline dotted;"">1 substrates"
"291","ERBB4","0.5406","0.00","0.00",""" title=""Overlapping EnrichrSubstrates"" data-content=""ERBB4 targets 1 genes from the input gene list.The full list of substrates is available below:ERBB4"" style=""cursor: pointer; text-decoration: underline dotted;"">1 substrates"
"292","ULK1","0.5499","0.00","0.00",""" title=""Overlapping EnrichrSubstrates"" data-content=""ULK1 targets 1 genes from the input gene list.The full list of substrates is available below:SQSTM1"" style=""cursor: pointer; text-decoration: underline dotted;"">1 substrates"
"293","STK11","0.5680","0.00","0.00",""" title=""Overlapping EnrichrSubstrates"" data-content=""STK11 targets 1 genes from the input gene list.The full list of substrates is available below:TP53"" style=""cursor: pointer; text-decoration: underline dotted;"">1 substrates"
"294","EPHA2","0.5854","0.00","0.00",""" title=""Overlapping EnrichrSubstrates"" data-content=""EPHA2 targets 1 genes from the input gene list.The full list of substrates is available below:LYN"" style=""cursor: pointer; text-decoration: underline dotted;"">1 substrates"
"295","PTK2","0.6181","0.00","0.00",""" title=""Overlapping EnrichrSubstrates"" data-content=""PTK2 targets 1 genes from the input gene list.The full list of substrates is available below:SUMO1"" style=""cursor: pointer; text-decoration: underline dotted;"">1 substrates"
"296","PRKCG","0.6258","0.00","0.00",""" title=""Overlapping EnrichrSubstrates"" data-content=""PRKCG targets 1 genes from the input gene list.The full list of substrates is available below:GSK3B"" style=""cursor: pointer; text-decoration: underline dotted;"">1 substrates"
"297","MAP2K3","0.6334","0.00","0.00",""" title=""Overlapping EnrichrSubstrates"" data-content=""MAP2K3 targets 1 genes from the input gene list.The full list of substrates is available below:SMAD3"" style=""cursor: pointer; text-decoration: underline dotted;"">1 substrates"
"298","PKABETA","0.6482","0.00","0.00",""" title=""Overlapping EnrichrSubstrates"" data-content=""PKABETA targets 1 genes from the input gene list.The full list of substrates is available below:CREB1"" style=""cursor: pointer; text-decoration: underline dotted;"">1 substrates"
"299","IGF1R","0.6760","0.00","0.00",""" title=""Overlapping EnrichrSubstrates"" data-content=""IGF1R targets 1 genes from the input gene list.The full list of substrates is available below:TOP2A"" style=""cursor: pointer; text-decoration: underline dotted;"">1 substrates"
"300","ERBB3","0.7015","0.00","0.00",""" title=""Overlapping EnrichrSubstrates"" data-content=""ERBB3 targets 1 genes from the input gene list.The full list of substrates is available below:ERBB4"" style=""cursor: pointer; text-decoration: underline dotted;"">1 substrates"
"301","ROCK1","0.7763","0.00","0.00",""" title=""Overlapping EnrichrSubstrates"" data-content=""ROCK1 targets 1 genes from the input gene list.The full list of substrates is available below:HIST1H3A"" style=""cursor: pointer; text-decoration: underline dotted;"">1 substrates"