"Rank","Protein Kinase","Hypergeometric p-value","Z-score","Combined score","Enriched Substrates"
"1","MAPK3","2.420e-21","0.00","0.00",""" title=""Overlapping EnrichrSubstrates"" data-content=""MAPK3 targets 31 genes from the input gene list.The full list of substrates is available below:SPIB MYC AKT1 MED1 TP53 GATA1 JUN NR0B2 CDKN1A MED14 NCOA1 NCOA2 SREBF1 FOS POU5F1 SREBF2 TAL1 NR3C1 ETS1 ETS2 FOXO1 SMAD3 ESR1 SP1 CDK1 GSK3B CEBPA CEBPB MAPK8 MAPK7 PML"" style=""cursor: pointer; text-decoration: underline dotted;"">31 substrates"
"2","MAPK1","9.588e-17","0.00","0.00",""" title=""Overlapping EnrichrSubstrates"" data-content=""MAPK1 targets 34 genes from the input gene list.The full list of substrates is available below:RB1 MYC AKT1 MED1 CSNK2A1 GATA1 JUN NR0B2 CDKN1A FOS POU5F1 NCOR2 FOXO1 SP1 CDK1 CEBPA CEBPB PML TP53 NCOA1 NCOA2 SREBF1 NCOA6 SREBF2 RELA NR3C1 ETS1 ETS2 SMAD3 ESR1 GSK3B HSPB1 MAPK8 MAPK7"" style=""cursor: pointer; text-decoration: underline dotted;"">34 substrates"
"3","ERK1","2.069e-16","0.00","0.00",""" title=""Overlapping EnrichrSubstrates"" data-content=""ERK1 targets 21 genes from the input gene list.The full list of substrates is available below:ETS1 ETS2 SPIB MYC PRKCD SQSTM1 TP53 GATA1 JUN SMAD3 ESR1 SP1 SREBF1 FOS NCOR2 TAL1 HDAC4 CEBPB RELA MAPK8 MAPK7"" style=""cursor: pointer; text-decoration: underline dotted;"">21 substrates"
"4","CSNK2A1","2.535e-14","0.00","0.00",""" title=""Overlapping EnrichrSubstrates"" data-content=""CSNK2A1 targets 44 genes from the input gene list.The full list of substrates is available below:SPI1 AKT1 CSNK2A1 PPARGC1A JUN NELFE FOS SIRT1 POU5F1 YY1 SQSTM1 FOXO1 MNAT1 HSP90AA1 TRIM28 TP53 SMARCA4 NCOA2 NCOA3 RELA ITCH GSK3B TAF9 RB1 MYC MED1 CDKN1A NCOR2 NCOR1 NCL CUL3 CDK1 SIN3A CEBPB HDAC2 HDAC3 PML XPO1 PRMT1 SMAD3 HSPA4 ESR1 HSPB1 MAPK9"" style=""cursor: pointer; text-decoration: underline dotted;"">44 substrates"
"5","MAPK14","6.618e-14","0.00","0.00",""" title=""Overlapping EnrichrSubstrates"" data-content=""MAPK14 targets 35 genes from the input gene list.The full list of substrates is available below:AKT1 PPARGC1A JUN NELFE FOS POU5F1 YY1 SQSTM1 FOXO1 SP1 NFE2L2 HSP90AA1 TP53 SMARCA4 HNF4A NCOA2 SREBF1 NCOA3 RELA NR3C1 GSK3B RB1 MYC CDKN1A NCOR2 NCOR1 CDK1 SIN3A CEBPA CEBPB XPO1 SMAD3 ESR1 HSPB1 MAPK8"" style=""cursor: pointer; text-decoration: underline dotted;"">35 substrates"
"6","CDK1","1.512e-13","0.00","0.00",""" title=""Overlapping EnrichrSubstrates"" data-content=""CDK1 targets 45 genes from the input gene list.The full list of substrates is available below:CSNK2A1 GATA2 PPARGC1A JUN NELFE FOS SIRT1 SQSTM1 FOXO1 SP1 NFE2L2 HSP90AA1 TRIM28 TP53 SMARCA4 HNF4A NCOA2 SREBF1 NCOA6 NCOA3 RELA ITCH GSK3B HMGB1 RB1 MYC MED1 CDKN1A NCOR2 NCOR1 NCL CDK1 SIN3A CEBPA CEBPB HDAC2 PML ZFPM1 XPO1 NFYA SMAD3 ESR1 HSPB1 NR2C2 MAPK8"" style=""cursor: pointer; text-decoration: underline dotted;"">45 substrates"
"7","ERK2","1.948e-13","0.00","0.00",""" title=""Overlapping EnrichrSubstrates"" data-content=""ERK2 targets 18 genes from the input gene list.The full list of substrates is available below:RB1 ETS1 ETS2 MYC TP53 JUN SMAD3 ESR1 SP1 NCOA1 SREBF1 NCOA3 FOS NCOR2 HDAC4 CEBPB RELA MAPK7"" style=""cursor: pointer; text-decoration: underline dotted;"">18 substrates"
"8","CK2ALPHA","2.173e-12","0.00","0.00",""" title=""Overlapping EnrichrSubstrates"" data-content=""CK2ALPHA targets 20 genes from the input gene list.The full list of substrates is available below:RB1 SPI1 SPIB MYC AKT1 TP53 JUN SMARCA4 NCOR2 RELA YY1 NCL SP1 CDK1 SIN3A HSP90AA1 HDAC4 HDAC2 HDAC3 PML"" style=""cursor: pointer; text-decoration: underline dotted;"">20 substrates"
"9","AKT1","5.368e-12","0.00","0.00",""" title=""Overlapping EnrichrSubstrates"" data-content=""AKT1 targets 22 genes from the input gene list.The full list of substrates is available below:MYC AKT1 CSNK2A1 TP53 GATA2 GATA1 PPARGC1A PPARGC1B JUN CDKN1A FOS POU5F1 NCOR1 TAL1 SKI NR3C1 FOXO1 SMAD3 ESR1 SP1 GSK3B HSPB1"" style=""cursor: pointer; text-decoration: underline dotted;"">22 substrates"
"10","JNK1","3.440e-11","0.00","0.00",""" title=""Overlapping EnrichrSubstrates"" data-content=""JNK1 targets 13 genes from the input gene list.The full list of substrates is available below:CDKN1A HSPB1 NR3C1 HNF4A MYC FOS SIRT1 TP53 RELA MAPK8 JUN SMAD3 SP1"" style=""cursor: pointer; text-decoration: underline dotted;"">13 substrates"
"11","DNAPK","3.962e-10","0.00","0.00",""" title=""Overlapping EnrichrSubstrates"" data-content=""DNAPK targets 13 genes from the input gene list.The full list of substrates is available below:TRIM28 AKT1 PRKCD TP53 JUN ESR1 SP1 MED17 HSP90AA1 NCOA6 RELA MAPK9 MAPK8"" style=""cursor: pointer; text-decoration: underline dotted;"">13 substrates"
"12","CDK2","1.243e-9","0.00","0.00",""" title=""Overlapping EnrichrSubstrates"" data-content=""CDK2 targets 48 genes from the input gene list.The full list of substrates is available below:JUN MED17 MED14 FOS SP1 MNAT1 TRIM28 TP53 SMARCA4 SREBF1 SREBF2 ITCH NR3C1 RNF4 RNF2 CDKN1A NCOR2 NR1I2 CEBPB HDAC2 PML XPO1 NR2C2 MAPK8 NELFB NELFE POU5F1 YY1 FOXO1 ZBTB16 NFE2L2 HSP90AA1 NCOA2 NCOA6 NCOA3 GSK3B HMGB1 TAF6 RB1 MYC MED1 NCL CDK1 SIN3A PRMT1 SMAD3 ESR1 HSPB1"" style=""cursor: pointer; text-decoration: underline dotted;"">48 substrates"
"13","CDC2","2.376e-9","0.00","0.00",""" title=""Overlapping EnrichrSubstrates"" data-content=""CDC2 targets 18 genes from the input gene list.The full list of substrates is available below:RB1 TRIM28 MYC CSNK2A1 TP53 JUN CDKN1A XPO1 SREBF1 FOS NCOR1 RELA NFYA NCL FOXO1 ZBTB16 CDK1 MNAT1"" style=""cursor: pointer; text-decoration: underline dotted;"">18 substrates"
"14","CDK4","5.755e-9","0.00","0.00",""" title=""Overlapping EnrichrSubstrates"" data-content=""CDK4 targets 13 genes from the input gene list.The full list of substrates is available below:RB1 MYC TP53 FOXO1 JUN SMAD3 ESR1 SP1 MNAT1 CDKN1A HSP90AA1 CEBPA CEBPB"" style=""cursor: pointer; text-decoration: underline dotted;"">13 substrates"
"15","HIPK2","6.244e-9","0.00","0.00",""" title=""Overlapping EnrichrSubstrates"" data-content=""HIPK2 targets 13 genes from the input gene list.The full list of substrates is available below:TRIM28 MYC TP53 GATA1 SMAD3 SIN3A SIRT1 NCOR1 HDAC4 CEBPB RELA MAPK8 PML"" style=""cursor: pointer; text-decoration: underline dotted;"">13 substrates"
"16","GSK3ALPHA","1.199e-8","0.00","0.00",""" title=""Overlapping EnrichrSubstrates"" data-content=""GSK3ALPHA targets 9 genes from the input gene list.The full list of substrates is available below:GSK3B HNF4A MYC AKT1 SREBF1 TP53 FOXO1 JUN ESR1"" style=""cursor: pointer; text-decoration: underline dotted;"">9 substrates"
"17","PKBALPHA","1.750e-8","0.00","0.00",""" title=""Overlapping EnrichrSubstrates"" data-content=""PKBALPHA targets 15 genes from the input gene list.The full list of substrates is available below:MYC AKT1 TP53 GATA1 PPARGC1A CDKN1A NCOR2 TAL1 RELA FOXO1 SMAD3 ESR1 GSK3B HSPB1 HSP90AA1"" style=""cursor: pointer; text-decoration: underline dotted;"">15 substrates"
"18","RAF1","3.360e-8","0.00","0.00",""" title=""Overlapping EnrichrSubstrates"" data-content=""RAF1 targets 12 genes from the input gene list.The full list of substrates is available below:RB1 NR3C1 ETS2 MYC AKT1 PRKCD TP53 HSPA4 ESR1 HSP90AA1 FOS MAPK7"" style=""cursor: pointer; text-decoration: underline dotted;"">12 substrates"
"19","MAPK8","4.316e-8","0.00","0.00",""" title=""Overlapping EnrichrSubstrates"" data-content=""MAPK8 targets 15 genes from the input gene list.The full list of substrates is available below:MYC TP53 JUN CDKN1A SREBF1 NCOA3 FOS SIRT1 ITCH NR3C1 SP1 CDK1 NFE2L2 HSPB1 SIN3A"" style=""cursor: pointer; text-decoration: underline dotted;"">15 substrates"
"20","PRKCD","8.879e-8","0.00","0.00",""" title=""Overlapping EnrichrSubstrates"" data-content=""PRKCD targets 12 genes from the input gene list.The full list of substrates is available below:TRIM28 PRKCD SQSTM1 TP53 JUN NFE2L2 GSK3B CDKN1A HSPB1 FOS HDAC5 MAPK8"" style=""cursor: pointer; text-decoration: underline dotted;"">12 substrates"
"21","GSK3BETA","1.023e-7","0.00","0.00",""" title=""Overlapping EnrichrSubstrates"" data-content=""GSK3BETA targets 12 genes from the input gene list.The full list of substrates is available below:MYC AKT1 TP53 FOXO1 PPARGC1A JUN SMAD3 ESR1 GSK3B HNF4A SREBF1 CEBPB"" style=""cursor: pointer; text-decoration: underline dotted;"">12 substrates"
"22","JNK2","1.260e-7","0.00","0.00",""" title=""Overlapping EnrichrSubstrates"" data-content=""JNK2 targets 7 genes from the input gene list.The full list of substrates is available below:RB1 HSPB1 RELA MYC JUN FOS TP53"" style=""cursor: pointer; text-decoration: underline dotted;"">7 substrates"
"23","GSK3B","1.693e-7","0.00","0.00",""" title=""Overlapping EnrichrSubstrates"" data-content=""GSK3B targets 40 genes from the input gene list.The full list of substrates is available below:GATA2 JUN FOS SP1 TP53 SMARCA4 SREBF1 SREBF2 RELA ITCH NR3C1 ETS1 CDKN1A NCOR2 NCOR1 HDAC4 CEBPA CEBPB PML NR2C2 MAPK8 MAPK7 PPARGC1B SIRT1 POU5F1 SQSTM1 FOXO1 NFE2L2 NCOA2 NCOA3 GSK3B RB1 MYC MED1 CDK1 SIN3A ZFPM1 SMAD3 ESR1 HSPB1"" style=""cursor: pointer; text-decoration: underline dotted;"">40 substrates"
"24","PRKAA1","3.958e-7","0.00","0.00",""" title=""Overlapping EnrichrSubstrates"" data-content=""PRKAA1 targets 10 genes from the input gene list.The full list of substrates is available below:RB1 MED1 SQSTM1 TP53 FOXO1 NFE2L2 HNF4A SREBF1 HDAC5 NR2C2"" style=""cursor: pointer; text-decoration: underline dotted;"">10 substrates"
"25","ABL1","4.009e-7","0.00","0.00",""" title=""Overlapping EnrichrSubstrates"" data-content=""ABL1 targets 12 genes from the input gene list.The full list of substrates is available below:RB1 SPI1 MYC PRKCD TP53 JUN ESR1 CDKN1A NCOA3 FOS CEBPB HDAC2"" style=""cursor: pointer; text-decoration: underline dotted;"">12 substrates"
"26","PKD1","6.356e-7","0.00","0.00",""" title=""Overlapping EnrichrSubstrates"" data-content=""PKD1 targets 8 genes from the input gene list.The full list of substrates is available below:HSPB1 XPO1 TP53 HDAC4 HDAC5 MAPK9 MAPK8 JUN"" style=""cursor: pointer; text-decoration: underline dotted;"">8 substrates"
"27","CK2","0.000001217","0.00","0.00",""" title=""Overlapping EnrichrSubstrates"" data-content=""CK2 targets 8 genes from the input gene list.The full list of substrates is available below:SPI1 AKT1 HSP90AA1 HDAC2 RELA MAPK9 JUN CDK1"" style=""cursor: pointer; text-decoration: underline dotted;"">8 substrates"
"28","MAPK11","0.000001228","0.00","0.00",""" title=""Overlapping EnrichrSubstrates"" data-content=""MAPK11 targets 10 genes from the input gene list.The full list of substrates is available below:NR3C1 TP53 PPARGC1A JUN ESR1 HSPB1 HNF4A FOS CEBPB PML"" style=""cursor: pointer; text-decoration: underline dotted;"">10 substrates"
"29","PRKCZ","0.000005332","0.00","0.00",""" title=""Overlapping EnrichrSubstrates"" data-content=""PRKCZ targets 8 genes from the input gene list.The full list of substrates is available below:GSK3B AKT1 PIAS4 NCOA3 RELA MAPK7 NR0B2 SP1"" style=""cursor: pointer; text-decoration: underline dotted;"">8 substrates"
"30","DNA","0.000005798","0.00","0.00",""" title=""Overlapping EnrichrSubstrates"" data-content=""DNA targets 4 genes from the input gene list.The full list of substrates is available below:HSP90AA1 JUN NR3C1 TP53"" style=""cursor: pointer; text-decoration: underline dotted;"">4 substrates"
"31","CSNK1E","0.000007459","0.00","0.00",""" title=""Overlapping EnrichrSubstrates"" data-content=""CSNK1E targets 7 genes from the input gene list.The full list of substrates is available below:MYC NCOA3 POU5F1 NCL TP53 ESR1 SMARCA4"" style=""cursor: pointer; text-decoration: underline dotted;"">7 substrates"
"32","CK2A2","0.000008229","0.00","0.00",""" title=""Overlapping EnrichrSubstrates"" data-content=""CK2A2 targets 7 genes from the input gene list.The full list of substrates is available below:SPIB MYC HSP90AA1 NCL HDAC2 RELA JUN"" style=""cursor: pointer; text-decoration: underline dotted;"">7 substrates"
"33","PRKACA","0.00001246","0.00","0.00",""" title=""Overlapping EnrichrSubstrates"" data-content=""PRKACA targets 27 genes from the input gene list.The full list of substrates is available below:SPI1 PPARGC1A JUN FOS POU5F1 ZBTB16 HSP90AA1 TP53 HNF4A SREBF1 NCOA3 RELA ITCH ETS1 GSK3B RB1 MYC CDKN1A NCOR2 NCOR1 TAL1 CDK1 HDAC5 CEBPB SMAD3 ESR1 HSPB1"" style=""cursor: pointer; text-decoration: underline dotted;"">27 substrates"
"34","IKKBETA","0.00001786","0.00","0.00",""" title=""Overlapping EnrichrSubstrates"" data-content=""IKKBETA targets 6 genes from the input gene list.The full list of substrates is available below:HSPB1 RELA AKT1 FOS SQSTM1 TP53"" style=""cursor: pointer; text-decoration: underline dotted;"">6 substrates"
"35","RPS6KA3","0.00001809","0.00","0.00",""" title=""Overlapping EnrichrSubstrates"" data-content=""RPS6KA3 targets 13 genes from the input gene list.The full list of substrates is available below:MYC TP53 JUN CDKN1A HNF4A FOS POU5F1 NCOR2 SMAD3 ESR1 CDK1 GSK3B SIN3A"" style=""cursor: pointer; text-decoration: underline dotted;"">13 substrates"
"36","PKBBETA","0.00001997","0.00","0.00",""" title=""Overlapping EnrichrSubstrates"" data-content=""PKBBETA targets 6 genes from the input gene list.The full list of substrates is available below:GSK3B CDKN1A FOXO1 RELA AKT1 ESR1"" style=""cursor: pointer; text-decoration: underline dotted;"">6 substrates"
"37","GSK","0.00002406","0.00","0.00",""" title=""Overlapping EnrichrSubstrates"" data-content=""GSK targets 5 genes from the input gene list.The full list of substrates is available below:CDKN1A CEBPB RELA MYC ESR1"" style=""cursor: pointer; text-decoration: underline dotted;"">5 substrates"
"38","CSNK2A2","0.00002905","0.00","0.00",""" title=""Overlapping EnrichrSubstrates"" data-content=""CSNK2A2 targets 9 genes from the input gene list.The full list of substrates is available below:MYC TP53 JUN CDK1 CDKN1A NELFE PRMT1 FOS POU5F1"" style=""cursor: pointer; text-decoration: underline dotted;"">9 substrates"
"39","CHEK1","0.00002991","0.00","0.00",""" title=""Overlapping EnrichrSubstrates"" data-content=""CHEK1 targets 11 genes from the input gene list.The full list of substrates is available below:RB1 TRIM28 MYC MED1 TP53 CDKN1A NELFE FOS CDK1 SIN3A TAF6"" style=""cursor: pointer; text-decoration: underline dotted;"">11 substrates"
"40","PRKDC","0.00003626","0.00","0.00",""" title=""Overlapping EnrichrSubstrates"" data-content=""PRKDC targets 8 genes from the input gene list.The full list of substrates is available below:MYC AKT1 MED1 TP53 CDKN1A HSP90AA1 RELA MAPK8"" style=""cursor: pointer; text-decoration: underline dotted;"">8 substrates"
"41","RPS6KA1","0.00003812","0.00","0.00",""" title=""Overlapping EnrichrSubstrates"" data-content=""RPS6KA1 targets 7 genes from the input gene list.The full list of substrates is available below:GSK3B FOS TP53 CEBPB MAPK7 JUN ESR1"" style=""cursor: pointer; text-decoration: underline dotted;"">7 substrates"
"42","AURORAA","0.00004418","0.00","0.00",""" title=""Overlapping EnrichrSubstrates"" data-content=""AURORAA targets 7 genes from the input gene list.The full list of substrates is available below:GSK3B AKT1 NCOA3 NCOR1 TP53 HDAC3 CDK1"" style=""cursor: pointer; text-decoration: underline dotted;"">7 substrates"
"43","CHUK","0.00005100","0.00","0.00",""" title=""Overlapping EnrichrSubstrates"" data-content=""CHUK targets 7 genes from the input gene list.The full list of substrates is available below:MYC NCOA3 NCOR2 NCOR1 RELA ESR1 HSPA1A"" style=""cursor: pointer; text-decoration: underline dotted;"">7 substrates"
"44","SRC","0.00005312","0.00","0.00",""" title=""Overlapping EnrichrSubstrates"" data-content=""SRC targets 16 genes from the input gene list.The full list of substrates is available below:RB1 SPI1 MYC AKT1 PRKCD JUN CDKN1A FOS POU5F1 CDK1 CEBPB TP53 HNF4A SMAD3 ESR1 HSPB1"" style=""cursor: pointer; text-decoration: underline dotted;"">16 substrates"
"45","PRKCA","0.0001165","0.00","0.00",""" title=""Overlapping EnrichrSubstrates"" data-content=""PRKCA targets 23 genes from the input gene list.The full list of substrates is available below:SPI1 AKT1 JUN FOS POU5F1 SQSTM1 NFE2L2 TP53 HNF4A RELA GSK3B RB1 MYC CDKN1A NCOR2 NCOR1 NR1I2 AHR CDK1 CEBPB SMAD3 ESR1 HSPB1"" style=""cursor: pointer; text-decoration: underline dotted;"">23 substrates"
"46","TGFBR2","0.0001803","0.00","0.00",""" title=""Overlapping EnrichrSubstrates"" data-content=""TGFBR2 targets 6 genes from the input gene list.The full list of substrates is available below:MYC HSP90AA1 TP53 SMAD3 PML SP1"" style=""cursor: pointer; text-decoration: underline dotted;"">6 substrates"
"47","IKKALPHA","0.0001817","0.00","0.00",""" title=""Overlapping EnrichrSubstrates"" data-content=""IKKALPHA targets 4 genes from the input gene list.The full list of substrates is available below:HSP90AA1 RELA NCOR2 AKT1"" style=""cursor: pointer; text-decoration: underline dotted;"">4 substrates"
"48","CDK5","0.0002411","0.00","0.00",""" title=""Overlapping EnrichrSubstrates"" data-content=""CDK5 targets 9 genes from the input gene list.The full list of substrates is available below:RB1 NR3C1 MYC TP53 FOXO1 NFE2L2 GSK3B CDKN1A HDAC5"" style=""cursor: pointer; text-decoration: underline dotted;"">9 substrates"
"49","MAP2K4","0.0003188","0.00","0.00",""" title=""Overlapping EnrichrSubstrates"" data-content=""MAP2K4 targets 5 genes from the input gene list.The full list of substrates is available below:HSPB1 AKT1 MAPK9 MAPK8 HSPA4"" style=""cursor: pointer; text-decoration: underline dotted;"">5 substrates"
"50","PKBGAMMA","0.0003574","0.00","0.00",""" title=""Overlapping EnrichrSubstrates"" data-content=""PKBGAMMA targets 4 genes from the input gene list.The full list of substrates is available below:GSK3B CDKN1A FOXO1 RELA"" style=""cursor: pointer; text-decoration: underline dotted;"">4 substrates"
"51","MAPK7","0.0004034","0.00","0.00",""" title=""Overlapping EnrichrSubstrates"" data-content=""MAPK7 targets 4 genes from the input gene list.The full list of substrates is available below:ETS1 MAPK7 FOS PML"" style=""cursor: pointer; text-decoration: underline dotted;"">4 substrates"
"52","PRKCB","0.0004940","0.00","0.00",""" title=""Overlapping EnrichrSubstrates"" data-content=""PRKCB targets 9 genes from the input gene list.The full list of substrates is available below:AKT1 TP53 JUN CDKN1A ESR1 CDK1 GSK3B HSPB1 MAPK9"" style=""cursor: pointer; text-decoration: underline dotted;"">9 substrates"
"53","CDK3","0.0005078","0.00","0.00",""" title=""Overlapping EnrichrSubstrates"" data-content=""CDK3 targets 4 genes from the input gene list.The full list of substrates is available below:RB1 CDKN1A JUN ESR1"" style=""cursor: pointer; text-decoration: underline dotted;"">4 substrates"
"54","MAPK9","0.0005273","0.00","0.00",""" title=""Overlapping EnrichrSubstrates"" data-content=""MAPK9 targets 6 genes from the input gene list.The full list of substrates is available below:CDKN1A ETS2 MYC FOS TP53 JUN"" style=""cursor: pointer; text-decoration: underline dotted;"">6 substrates"
"55","CDK9","0.0006985","0.00","0.00",""" title=""Overlapping EnrichrSubstrates"" data-content=""CDK9 targets 4 genes from the input gene list.The full list of substrates is available below:RB1 NCOA2 SMAD3 TP53"" style=""cursor: pointer; text-decoration: underline dotted;"">4 substrates"
"56","MAP3K7","0.0008523","0.00","0.00",""" title=""Overlapping EnrichrSubstrates"" data-content=""MAP3K7 targets 6 genes from the input gene list.The full list of substrates is available below:SQSTM1 SMAD3 HSP90AA1 HDAC4 HDAC5 HSPA1A"" style=""cursor: pointer; text-decoration: underline dotted;"">6 substrates"
"57","ALK","0.0009350","0.00","0.00",""" title=""Overlapping EnrichrSubstrates"" data-content=""ALK targets 4 genes from the input gene list.The full list of substrates is available below:RELA HSP90AA1 NCOA6 TP53"" style=""cursor: pointer; text-decoration: underline dotted;"">4 substrates"
"58","PDHK1","0.001228","0.00","0.00",""" title=""Overlapping EnrichrSubstrates"" data-content=""PDHK1 targets 5 genes from the input gene list.The full list of substrates is available below:GSK3B AKT1 HSP90AA1 PRKCD FOXO1"" style=""cursor: pointer; text-decoration: underline dotted;"">5 substrates"
"59","MAP2K1","0.001382","0.00","0.00",""" title=""Overlapping EnrichrSubstrates"" data-content=""MAP2K1 targets 5 genes from the input gene list.The full list of substrates is available below:GSK3B MYC FOS TAL1 MAPK8"" style=""cursor: pointer; text-decoration: underline dotted;"">5 substrates"
"60","ERBB2","0.001504","0.00","0.00",""" title=""Overlapping EnrichrSubstrates"" data-content=""ERBB2 targets 6 genes from the input gene list.The full list of substrates is available below:ETS1 ESR1 CDK1 HSP90AA1 NCOA3 NCOR1"" style=""cursor: pointer; text-decoration: underline dotted;"">6 substrates"
"61","ATM","0.001563","0.00","0.00",""" title=""Overlapping EnrichrSubstrates"" data-content=""ATM targets 9 genes from the input gene list.The full list of substrates is available below:RB1 TRIM28 MED1 TP53 XPC SMARCA4 SP1 CDK1 HSP90AA1"" style=""cursor: pointer; text-decoration: underline dotted;"">9 substrates"
"62","CDK7","0.001640","0.00","0.00",""" title=""Overlapping EnrichrSubstrates"" data-content=""CDK7 targets 5 genes from the input gene list.The full list of substrates is available below:GTF2B TP53 XPC ESR1 CDK1"" style=""cursor: pointer; text-decoration: underline dotted;"">5 substrates"
"63","PKCIOTA","0.001697","0.00","0.00",""" title=""Overlapping EnrichrSubstrates"" data-content=""PKCIOTA targets 4 genes from the input gene list.The full list of substrates is available below:RELA SREBF1 HSP90AA1 SQSTM1"" style=""cursor: pointer; text-decoration: underline dotted;"">4 substrates"
"64","LYN","0.001863","0.00","0.00",""" title=""Overlapping EnrichrSubstrates"" data-content=""LYN targets 7 genes from the input gene list.The full list of substrates is available below:SPI1 YY1 TRIM28 MYC CSNK2A1 PRKCD TP53"" style=""cursor: pointer; text-decoration: underline dotted;"">7 substrates"
"65","TBK1","0.002036","0.00","0.00",""" title=""Overlapping EnrichrSubstrates"" data-content=""TBK1 targets 5 genes from the input gene list.The full list of substrates is available below:AKT1 SQSTM1 RELA ESR1 HSPA1A"" style=""cursor: pointer; text-decoration: underline dotted;"">5 substrates"
"66","CSNK1A1","0.002259","0.00","0.00",""" title=""Overlapping EnrichrSubstrates"" data-content=""CSNK1A1 targets 5 genes from the input gene list.The full list of substrates is available below:CDKN1A SQSTM1 TP53 FOXO1 RELA"" style=""cursor: pointer; text-decoration: underline dotted;"">5 substrates"
"67","CAM","0.002321","0.00","0.00",""" title=""Overlapping EnrichrSubstrates"" data-content=""CAM targets 2 genes from the input gene list.The full list of substrates is available below:HDAC4 HDAC5"" style=""cursor: pointer; text-decoration: underline dotted;"">2 substrates"
"68","IKK","0.002321","0.00","0.00",""" title=""Overlapping EnrichrSubstrates"" data-content=""IKK targets 2 genes from the input gene list.The full list of substrates is available below:NCOR2 RELA"" style=""cursor: pointer; text-decoration: underline dotted;"">2 substrates"
"69","CHEK2","0.002451","0.00","0.00",""" title=""Overlapping EnrichrSubstrates"" data-content=""CHEK2 targets 4 genes from the input gene list.The full list of substrates is available below:RB1 TRIM28 TP53 PML"" style=""cursor: pointer; text-decoration: underline dotted;"">4 substrates"
"70","AURKA","0.002499","0.00","0.00",""" title=""Overlapping EnrichrSubstrates"" data-content=""AURKA targets 5 genes from the input gene list.The full list of substrates is available below:GSK3B CDKN1A TP53 ESR1 SKI"" style=""cursor: pointer; text-decoration: underline dotted;"">5 substrates"
"71","GSK3A","0.002626","0.00","0.00",""" title=""Overlapping EnrichrSubstrates"" data-content=""GSK3A targets 4 genes from the input gene list.The full list of substrates is available below:MYC AKT1 CEBPA CEBPB"" style=""cursor: pointer; text-decoration: underline dotted;"">4 substrates"
"72","CAMK2A","0.002788","0.00","0.00",""" title=""Overlapping EnrichrSubstrates"" data-content=""CAMK2A targets 6 genes from the input gene list.The full list of substrates is available below:ETS1 ETS2 MYC CDKN1A NCOR2 HDAC5"" style=""cursor: pointer; text-decoration: underline dotted;"">6 substrates"
"73","CK1ALPHA","0.002893","0.00","0.00",""" title=""Overlapping EnrichrSubstrates"" data-content=""CK1ALPHA targets 5 genes from the input gene list.The full list of substrates is available below:RB1 GSK3B FOS TP53 JUN"" style=""cursor: pointer; text-decoration: underline dotted;"">5 substrates"
"74","NIK","0.003073","0.00","0.00",""" title=""Overlapping EnrichrSubstrates"" data-content=""NIK targets 2 genes from the input gene list.The full list of substrates is available below:CEBPB TP53"" style=""cursor: pointer; text-decoration: underline dotted;"">2 substrates"
"75","PIM1","0.003201","0.00","0.00",""" title=""Overlapping EnrichrSubstrates"" data-content=""PIM1 targets 4 genes from the input gene list.The full list of substrates is available below:CDKN1A MYC POU5F1 RELA"" style=""cursor: pointer; text-decoration: underline dotted;"">4 substrates"
"76","PIM2","0.003246","0.00","0.00",""" title=""Overlapping EnrichrSubstrates"" data-content=""PIM2 targets 3 genes from the input gene list.The full list of substrates is available below:CDKN1A MYC POU5F1"" style=""cursor: pointer; text-decoration: underline dotted;"">3 substrates"
"77","MAPK10","0.003629","0.00","0.00",""" title=""Overlapping EnrichrSubstrates"" data-content=""MAPK10 targets 4 genes from the input gene list.The full list of substrates is available below:CDKN1A MYC FOS JUN"" style=""cursor: pointer; text-decoration: underline dotted;"">4 substrates"
"78","CDK6","0.004765","0.00","0.00",""" title=""Overlapping EnrichrSubstrates"" data-content=""CDK6 targets 3 genes from the input gene list.The full list of substrates is available below:RB1 CEBPA CDKN1A"" style=""cursor: pointer; text-decoration: underline dotted;"">3 substrates"
"79","CK1GAMMA1","0.005911","0.00","0.00",""" title=""Overlapping EnrichrSubstrates"" data-content=""CK1GAMMA1 targets 2 genes from the input gene list.The full list of substrates is available below:TP53 FOXO1"" style=""cursor: pointer; text-decoration: underline dotted;"">2 substrates"
"80","MAPKAPK2","0.007028","0.00","0.00",""" title=""Overlapping EnrichrSubstrates"" data-content=""MAPKAPK2 targets 4 genes from the input gene list.The full list of substrates is available below:HSPB1 TRIM28 AKT1 TP53"" style=""cursor: pointer; text-decoration: underline dotted;"">4 substrates"
"81","CAMKIV","0.007044","0.00","0.00",""" title=""Overlapping EnrichrSubstrates"" data-content=""CAMKIV targets 2 genes from the input gene list.The full list of substrates is available below:HDAC4 RELA"" style=""cursor: pointer; text-decoration: underline dotted;"">2 substrates"
"82","RPS6KB1","0.007381","0.00","0.00",""" title=""Overlapping EnrichrSubstrates"" data-content=""RPS6KB1 targets 4 genes from the input gene list.The full list of substrates is available below:GSK3B PPARGC1A ESR1 CDK1"" style=""cursor: pointer; text-decoration: underline dotted;"">4 substrates"
"83","AURKB","0.007386","0.00","0.00",""" title=""Overlapping EnrichrSubstrates"" data-content=""AURKB targets 6 genes from the input gene list.The full list of substrates is available below:RB1 YY1 TP53 CDK1 NELFE HDAC5"" style=""cursor: pointer; text-decoration: underline dotted;"">6 substrates"
"84","JNK3","0.008267","0.00","0.00",""" title=""Overlapping EnrichrSubstrates"" data-content=""JNK3 targets 2 genes from the input gene list.The full list of substrates is available below:JUN TP53"" style=""cursor: pointer; text-decoration: underline dotted;"">2 substrates"
"85","MTOR","0.008387","0.00","0.00",""" title=""Overlapping EnrichrSubstrates"" data-content=""MTOR targets 5 genes from the input gene list.The full list of substrates is available below:MYC AKT1 SQSTM1 JUN ESR1"" style=""cursor: pointer; text-decoration: underline dotted;"">5 substrates"
"86","RET","0.008924","0.00","0.00",""" title=""Overlapping EnrichrSubstrates"" data-content=""RET targets 3 genes from the input gene list.The full list of substrates is available below:MAPK9 MAPK8 AKT1"" style=""cursor: pointer; text-decoration: underline dotted;"">3 substrates"
"87","PRKD1","0.009324","0.00","0.00",""" title=""Overlapping EnrichrSubstrates"" data-content=""PRKD1 targets 4 genes from the input gene list.The full list of substrates is available below:HSPB1 AKT1 HDAC5 JUN"" style=""cursor: pointer; text-decoration: underline dotted;"">4 substrates"
"88","MARK2","0.009555","0.00","0.00",""" title=""Overlapping EnrichrSubstrates"" data-content=""MARK2 targets 3 genes from the input gene list.The full list of substrates is available below:HDAC4 GSK3B HDAC5"" style=""cursor: pointer; text-decoration: underline dotted;"">3 substrates"
"89","MAPK13","0.009749","0.00","0.00",""" title=""Overlapping EnrichrSubstrates"" data-content=""MAPK13 targets 4 genes from the input gene list.The full list of substrates is available below:FOS SQSTM1 TP53 JUN"" style=""cursor: pointer; text-decoration: underline dotted;"">4 substrates"
"90","DYRK2","0.01021","0.00","0.00",""" title=""Overlapping EnrichrSubstrates"" data-content=""DYRK2 targets 3 genes from the input gene list.The full list of substrates is available below:MYC JUN TP53"" style=""cursor: pointer; text-decoration: underline dotted;"">3 substrates"
"91","PRKAA2","0.01089","0.00","0.00",""" title=""Overlapping EnrichrSubstrates"" data-content=""PRKAA2 targets 3 genes from the input gene list.The full list of substrates is available below:HDAC5 PPARGC1A TP53"" style=""cursor: pointer; text-decoration: underline dotted;"">3 substrates"
"92","DYRK1A","0.01160","0.00","0.00",""" title=""Overlapping EnrichrSubstrates"" data-content=""DYRK1A targets 3 genes from the input gene list.The full list of substrates is available below:FOXO1 SIRT1 TP53"" style=""cursor: pointer; text-decoration: underline dotted;"">3 substrates"
"93","ACTR2B","0.01245","0.00","0.00",""" title=""Overlapping EnrichrSubstrates"" data-content=""ACTR2B targets 2 genes from the input gene list.The full list of substrates is available below:SMAD3 NCOA3"" style=""cursor: pointer; text-decoration: underline dotted;"">2 substrates"
"94","IKBKE","0.01256","0.00","0.00",""" title=""Overlapping EnrichrSubstrates"" data-content=""IKBKE targets 4 genes from the input gene list.The full list of substrates is available below:AKT1 RELA ESR1 HSPA1A"" style=""cursor: pointer; text-decoration: underline dotted;"">4 substrates"
"95","PKCALPHA","0.01538","0.00","0.00",""" title=""Overlapping EnrichrSubstrates"" data-content=""PKCALPHA targets 5 genes from the input gene list.The full list of substrates is available below:MYC PRKCD TP53 GSK3B MAPK7"" style=""cursor: pointer; text-decoration: underline dotted;"">5 substrates"
"96","TAF1","0.01566","0.00","0.00",""" title=""Overlapping EnrichrSubstrates"" data-content=""TAF1 targets 2 genes from the input gene list.The full list of substrates is available below:GTF2B TP53"" style=""cursor: pointer; text-decoration: underline dotted;"">2 substrates"
"97","PAK4","0.01729","0.00","0.00",""" title=""Overlapping EnrichrSubstrates"" data-content=""PAK4 targets 3 genes from the input gene list.The full list of substrates is available below:TP53 MAPK7 ESR1"" style=""cursor: pointer; text-decoration: underline dotted;"">3 substrates"
"98","EGFR","0.01873","0.00","0.00",""" title=""Overlapping EnrichrSubstrates"" data-content=""EGFR targets 6 genes from the input gene list.The full list of substrates is available below:PRKCD JUN ESR1 CDKN1A HSP90AA1 FOS"" style=""cursor: pointer; text-decoration: underline dotted;"">6 substrates"
"99","PKCTHETA","0.02012","0.00","0.00",""" title=""Overlapping EnrichrSubstrates"" data-content=""PKCTHETA targets 3 genes from the input gene list.The full list of substrates is available below:AKT1 PRKCD MAPK8"" style=""cursor: pointer; text-decoration: underline dotted;"">3 substrates"
"100","PDK","0.02105","0.00","0.00",""" title=""Overlapping EnrichrSubstrates"" data-content=""PDK targets 2 genes from the input gene list.The full list of substrates is available below:PRKCD AKT1"" style=""cursor: pointer; text-decoration: underline dotted;"">2 substrates"
"101","FOXO3","0.02141","0.00","0.00",""" title=""Overlapping EnrichrSubstrates"" data-content=""FOXO3 targets 1 genes from the input gene list.The full list of substrates is available below:AKT1"" style=""cursor: pointer; text-decoration: underline dotted;"">1 substrates"
"102","PIKFYVE","0.02141","0.00","0.00",""" title=""Overlapping EnrichrSubstrates"" data-content=""PIKFYVE targets 1 genes from the input gene list.The full list of substrates is available below:AKT1"" style=""cursor: pointer; text-decoration: underline dotted;"">1 substrates"
"103","PKMYT1","0.02300","0.00","0.00",""" title=""Overlapping EnrichrSubstrates"" data-content=""PKMYT1 targets 2 genes from the input gene list.The full list of substrates is available below:SMARCA4 CDK1"" style=""cursor: pointer; text-decoration: underline dotted;"">2 substrates"
"104","PKA","0.02300","0.00","0.00",""" title=""Overlapping EnrichrSubstrates"" data-content=""PKA targets 2 genes from the input gene list.The full list of substrates is available below:GSK3B RELA"" style=""cursor: pointer; text-decoration: underline dotted;"">2 substrates"
"105","CK1DELTA","0.02320","0.00","0.00",""" title=""Overlapping EnrichrSubstrates"" data-content=""CK1DELTA targets 3 genes from the input gene list.The full list of substrates is available below:TP53 FOXO1 CDK1"" style=""cursor: pointer; text-decoration: underline dotted;"">3 substrates"
"106","CAMKIIBETA","0.02320","0.00","0.00",""" title=""Overlapping EnrichrSubstrates"" data-content=""CAMKIIBETA targets 3 genes from the input gene list.The full list of substrates is available below:ETS1 FOS PPARGC1A"" style=""cursor: pointer; text-decoration: underline dotted;"">3 substrates"
"107","PIM3","0.02501","0.00","0.00",""" title=""Overlapping EnrichrSubstrates"" data-content=""PIM3 targets 2 genes from the input gene list.The full list of substrates is available below:PML POU5F1"" style=""cursor: pointer; text-decoration: underline dotted;"">2 substrates"
"108","SIK1","0.02710","0.00","0.00",""" title=""Overlapping EnrichrSubstrates"" data-content=""SIK1 targets 2 genes from the input gene list.The full list of substrates is available below:SREBF1 NCOR2"" style=""cursor: pointer; text-decoration: underline dotted;"">2 substrates"
"109","MAPK6","0.02710","0.00","0.00",""" title=""Overlapping EnrichrSubstrates"" data-content=""MAPK6 targets 2 genes from the input gene list.The full list of substrates is available below:HSPA4 NCOA3"" style=""cursor: pointer; text-decoration: underline dotted;"">2 substrates"
"110","WEE1","0.02710","0.00","0.00",""" title=""Overlapping EnrichrSubstrates"" data-content=""WEE1 targets 2 genes from the input gene list.The full list of substrates is available below:HSP90AA1 CDK1"" style=""cursor: pointer; text-decoration: underline dotted;"">2 substrates"
"111","ERBB3","0.02768","0.00","0.00",""" title=""Overlapping EnrichrSubstrates"" data-content=""ERBB3 targets 3 genes from the input gene list.The full list of substrates is available below:HNF4A AKT1 NR1I2"" style=""cursor: pointer; text-decoration: underline dotted;"">3 substrates"
"112","TTK","0.02793","0.00","0.00",""" title=""Overlapping EnrichrSubstrates"" data-content=""TTK targets 4 genes from the input gene list.The full list of substrates is available below:TP53 CDK1 XPO1 HSP90AA1"" style=""cursor: pointer; text-decoration: underline dotted;"">4 substrates"
"113","AKT2","0.03008","0.00","0.00",""" title=""Overlapping EnrichrSubstrates"" data-content=""AKT2 targets 3 genes from the input gene list.The full list of substrates is available below:GSK3B PPARGC1A ESR1"" style=""cursor: pointer; text-decoration: underline dotted;"">3 substrates"
"114","NUAK1","0.03147","0.00","0.00",""" title=""Overlapping EnrichrSubstrates"" data-content=""NUAK1 targets 2 genes from the input gene list.The full list of substrates is available below:CDKN1A TP53"" style=""cursor: pointer; text-decoration: underline dotted;"">2 substrates"
"115","VRK1","0.03610","0.00","0.00",""" title=""Overlapping EnrichrSubstrates"" data-content=""VRK1 targets 2 genes from the input gene list.The full list of substrates is available below:JUN TP53"" style=""cursor: pointer; text-decoration: underline dotted;"">2 substrates"
"116","MOK","0.03610","0.00","0.00",""" title=""Overlapping EnrichrSubstrates"" data-content=""MOK targets 2 genes from the input gene list.The full list of substrates is available below:MYC JUN"" style=""cursor: pointer; text-decoration: underline dotted;"">2 substrates"
"117","MAP3K8","0.03654","0.00","0.00",""" title=""Overlapping EnrichrSubstrates"" data-content=""MAP3K8 targets 3 genes from the input gene list.The full list of substrates is available below:HSP90AA1 CDK1 HSPA1A"" style=""cursor: pointer; text-decoration: underline dotted;"">3 substrates"
"118","MELK","0.03851","0.00","0.00",""" title=""Overlapping EnrichrSubstrates"" data-content=""MELK targets 2 genes from the input gene list.The full list of substrates is available below:SMAD3 TP53"" style=""cursor: pointer; text-decoration: underline dotted;"">2 substrates"
"119","CK1EPSILON","0.03851","0.00","0.00",""" title=""Overlapping EnrichrSubstrates"" data-content=""CK1EPSILON targets 2 genes from the input gene list.The full list of substrates is available below:FOXO1 TP53"" style=""cursor: pointer; text-decoration: underline dotted;"">2 substrates"
"120","RPS6KB2","0.03851","0.00","0.00",""" title=""Overlapping EnrichrSubstrates"" data-content=""RPS6KB2 targets 2 genes from the input gene list.The full list of substrates is available below:GSK3B HSPB1"" style=""cursor: pointer; text-decoration: underline dotted;"">2 substrates"
"121","BTK","0.03931","0.00","0.00",""" title=""Overlapping EnrichrSubstrates"" data-content=""BTK targets 3 genes from the input gene list.The full list of substrates is available below:FOS TP53 JUN"" style=""cursor: pointer; text-decoration: underline dotted;"">3 substrates"
"122","AKT3","0.04098","0.00","0.00",""" title=""Overlapping EnrichrSubstrates"" data-content=""AKT3 targets 2 genes from the input gene list.The full list of substrates is available below:GSK3B PRKCD"" style=""cursor: pointer; text-decoration: underline dotted;"">2 substrates"
"123","SGK3","0.04098","0.00","0.00",""" title=""Overlapping EnrichrSubstrates"" data-content=""SGK3 targets 2 genes from the input gene list.The full list of substrates is available below:GSK3B ITCH"" style=""cursor: pointer; text-decoration: underline dotted;"">2 substrates"
"124","PAK1","0.04216","0.00","0.00",""" title=""Overlapping EnrichrSubstrates"" data-content=""PAK1 targets 4 genes from the input gene list.The full list of substrates is available below:AKT1 PRKCD FOXO1 ESR1"" style=""cursor: pointer; text-decoration: underline dotted;"">4 substrates"
"125","TRIM24","0.04219","0.00","0.00",""" title=""Overlapping EnrichrSubstrates"" data-content=""TRIM24 targets 3 genes from the input gene list.The full list of substrates is available below:TAF9 GADD45G MNAT1"" style=""cursor: pointer; text-decoration: underline dotted;"">3 substrates"
"126","DYRK1B","0.04351","0.00","0.00",""" title=""Overlapping EnrichrSubstrates"" data-content=""DYRK1B targets 2 genes from the input gene list.The full list of substrates is available below:HDAC5 CDKN1A"" style=""cursor: pointer; text-decoration: underline dotted;"">2 substrates"
"127","CAMK4","0.04351","0.00","0.00",""" title=""Overlapping EnrichrSubstrates"" data-content=""CAMK4 targets 2 genes from the input gene list.The full list of substrates is available below:HDAC5 RELA"" style=""cursor: pointer; text-decoration: underline dotted;"">2 substrates"
"128","PRKACB","0.04609","0.00","0.00",""" title=""Overlapping EnrichrSubstrates"" data-content=""PRKACB targets 2 genes from the input gene list.The full list of substrates is available below:CDKN1A FOS"" style=""cursor: pointer; text-decoration: underline dotted;"">2 substrates"
"129","EEF2K","0.04609","0.00","0.00",""" title=""Overlapping EnrichrSubstrates"" data-content=""EEF2K targets 2 genes from the input gene list.The full list of substrates is available below:MAPK9 MAPK8"" style=""cursor: pointer; text-decoration: underline dotted;"">2 substrates"
"130","CAMK2D","0.04609","0.00","0.00",""" title=""Overlapping EnrichrSubstrates"" data-content=""CAMK2D targets 2 genes from the input gene list.The full list of substrates is available below:HDAC4 GSK3B"" style=""cursor: pointer; text-decoration: underline dotted;"">2 substrates"
"131","ATR","0.04654","0.00","0.00",""" title=""Overlapping EnrichrSubstrates"" data-content=""ATR targets 4 genes from the input gene list.The full list of substrates is available below:TP53 XPC SP1 PML"" style=""cursor: pointer; text-decoration: underline dotted;"">4 substrates"
"132","LRRK2","0.04873","0.00","0.00",""" title=""Overlapping EnrichrSubstrates"" data-content=""LRRK2 targets 2 genes from the input gene list.The full list of substrates is available below:AKT1 TP53"" style=""cursor: pointer; text-decoration: underline dotted;"">2 substrates"
"133","EIF2AK2","0.05142","0.00","0.00",""" title=""Overlapping EnrichrSubstrates"" data-content=""EIF2AK2 targets 2 genes from the input gene list.The full list of substrates is available below:CDK1 TP53"" style=""cursor: pointer; text-decoration: underline dotted;"">2 substrates"
"134","MAPKAPK5","0.05142","0.00","0.00",""" title=""Overlapping EnrichrSubstrates"" data-content=""MAPKAPK5 targets 2 genes from the input gene list.The full list of substrates is available below:HSPB1 TP53"" style=""cursor: pointer; text-decoration: underline dotted;"">2 substrates"
"135","PAK2","0.05306","0.00","0.00",""" title=""Overlapping EnrichrSubstrates"" data-content=""PAK2 targets 3 genes from the input gene list.The full list of substrates is available below:MYC HDAC5 JUN"" style=""cursor: pointer; text-decoration: underline dotted;"">3 substrates"
"136","AURORAB","0.05471","0.00","0.00",""" title=""Overlapping EnrichrSubstrates"" data-content=""AURORAB targets 3 genes from the input gene list.The full list of substrates is available below:RB1 XPO1 CDK1"" style=""cursor: pointer; text-decoration: underline dotted;"">3 substrates"
"137","INSR","0.05639","0.00","0.00",""" title=""Overlapping EnrichrSubstrates"" data-content=""INSR targets 3 genes from the input gene list.The full list of substrates is available below:FOS TP53 JUN"" style=""cursor: pointer; text-decoration: underline dotted;"">3 substrates"
"138","DAPK3","0.05696","0.00","0.00",""" title=""Overlapping EnrichrSubstrates"" data-content=""DAPK3 targets 2 genes from the input gene list.The full list of substrates is available below:CDKN1A TP53"" style=""cursor: pointer; text-decoration: underline dotted;"">2 substrates"
"139","MAP3K5","0.05980","0.00","0.00",""" title=""Overlapping EnrichrSubstrates"" data-content=""MAP3K5 targets 2 genes from the input gene list.The full list of substrates is available below:CDKN1A MAPK8"" style=""cursor: pointer; text-decoration: underline dotted;"">2 substrates"
"140","PKC","0.05981","0.00","0.00",""" title=""Overlapping EnrichrSubstrates"" data-content=""PKC targets 3 genes from the input gene list.The full list of substrates is available below:CDKN1A AHR NFE2L2"" style=""cursor: pointer; text-decoration: underline dotted;"">3 substrates"
"141","PKCEPSILON","0.06156","0.00","0.00",""" title=""Overlapping EnrichrSubstrates"" data-content=""PKCEPSILON targets 3 genes from the input gene list.The full list of substrates is available below:HSP90AA1 PRKCD SP1"" style=""cursor: pointer; text-decoration: underline dotted;"">3 substrates"
"142","FYN","0.06181","0.00","0.00",""" title=""Overlapping EnrichrSubstrates"" data-content=""FYN targets 5 genes from the input gene list.The full list of substrates is available below:SPI1 PRKCD FOS ITCH NFE2L2"" style=""cursor: pointer; text-decoration: underline dotted;"">5 substrates"
"143","PKG1CGKI","0.06270","0.00","0.00",""" title=""Overlapping EnrichrSubstrates"" data-content=""PKG1CGKI targets 2 genes from the input gene list.The full list of substrates is available below:SP1 TP53"" style=""cursor: pointer; text-decoration: underline dotted;"">2 substrates"
"144","MAPK12","0.06880","0.00","0.00",""" title=""Overlapping EnrichrSubstrates"" data-content=""MAPK12 targets 3 genes from the input gene list.The full list of substrates is available below:FOS TP53 JUN"" style=""cursor: pointer; text-decoration: underline dotted;"">3 substrates"
"145","PLK3","0.07165","0.00","0.00",""" title=""Overlapping EnrichrSubstrates"" data-content=""PLK3 targets 2 genes from the input gene list.The full list of substrates is available below:JUN TP53"" style=""cursor: pointer; text-decoration: underline dotted;"">2 substrates"
"146","CHK2","0.07296","0.00","0.00",""" title=""Overlapping EnrichrSubstrates"" data-content=""CHK2 targets 1 genes from the input gene list.The full list of substrates is available below:TP53"" style=""cursor: pointer; text-decoration: underline dotted;"">1 substrates"
"147","CHK1","0.07296","0.00","0.00",""" title=""Overlapping EnrichrSubstrates"" data-content=""CHK1 targets 1 genes from the input gene list.The full list of substrates is available below:TP53"" style=""cursor: pointer; text-decoration: underline dotted;"">1 substrates"
"148","PDHK2","0.07296","0.00","0.00",""" title=""Overlapping EnrichrSubstrates"" data-content=""PDHK2 targets 1 genes from the input gene list.The full list of substrates is available below:AKT1"" style=""cursor: pointer; text-decoration: underline dotted;"">1 substrates"
"149","MAP2K7","0.07472","0.00","0.00",""" title=""Overlapping EnrichrSubstrates"" data-content=""MAP2K7 targets 2 genes from the input gene list.The full list of substrates is available below:MAPK9 MAPK8"" style=""cursor: pointer; text-decoration: underline dotted;"">2 substrates"
"150","IKBKB","0.07641","0.00","0.00",""" title=""Overlapping EnrichrSubstrates"" data-content=""IKBKB targets 3 genes from the input gene list.The full list of substrates is available below:FOS RELA HSPA1A"" style=""cursor: pointer; text-decoration: underline dotted;"">3 substrates"
"151","RPS6KA5","0.07783","0.00","0.00",""" title=""Overlapping EnrichrSubstrates"" data-content=""RPS6KA5 targets 2 genes from the input gene list.The full list of substrates is available below:RELA TRIM28"" style=""cursor: pointer; text-decoration: underline dotted;"">2 substrates"
"152","PKR","0.08099","0.00","0.00",""" title=""Overlapping EnrichrSubstrates"" data-content=""PKR targets 2 genes from the input gene list.The full list of substrates is available below:HSP90AA1 TP53"" style=""cursor: pointer; text-decoration: underline dotted;"">2 substrates"
"153","RIPK1","0.08099","0.00","0.00",""" title=""Overlapping EnrichrSubstrates"" data-content=""RIPK1 targets 2 genes from the input gene list.The full list of substrates is available below:PML HSPA1A"" style=""cursor: pointer; text-decoration: underline dotted;"">2 substrates"
"154","MAP3K1","0.08241","0.00","0.00",""" title=""Overlapping EnrichrSubstrates"" data-content=""MAP3K1 targets 4 genes from the input gene list.The full list of substrates is available below:NCL ESR1 HSP90AA1 HSPA1A"" style=""cursor: pointer; text-decoration: underline dotted;"">4 substrates"
"155","RSK","0.08295","0.00","0.00",""" title=""Overlapping EnrichrSubstrates"" data-content=""RSK targets 1 genes from the input gene list.The full list of substrates is available below:CEBPB"" style=""cursor: pointer; text-decoration: underline dotted;"">1 substrates"
"156","PLK1","0.08492","0.00","0.00",""" title=""Overlapping EnrichrSubstrates"" data-content=""PLK1 targets 6 genes from the input gene list.The full list of substrates is available below:MYC TP53 CDKN1A XPO1 YY1 CDK1"" style=""cursor: pointer; text-decoration: underline dotted;"">6 substrates"
"157","RIPK2","0.08741","0.00","0.00",""" title=""Overlapping EnrichrSubstrates"" data-content=""RIPK2 targets 2 genes from the input gene list.The full list of substrates is available below:HSP90AA1 HSPA1A"" style=""cursor: pointer; text-decoration: underline dotted;"">2 substrates"
"158","PRKD2","0.09068","0.00","0.00",""" title=""Overlapping EnrichrSubstrates"" data-content=""PRKD2 targets 2 genes from the input gene list.The full list of substrates is available below:HDAC5 ETS1"" style=""cursor: pointer; text-decoration: underline dotted;"">2 substrates"
"159","CSNK1D","0.09068","0.00","0.00",""" title=""Overlapping EnrichrSubstrates"" data-content=""CSNK1D targets 2 genes from the input gene list.The full list of substrates is available below:NCOA3 TP53"" style=""cursor: pointer; text-decoration: underline dotted;"">2 substrates"
"160","NLK","0.09068","0.00","0.00",""" title=""Overlapping EnrichrSubstrates"" data-content=""NLK targets 2 genes from the input gene list.The full list of substrates is available below:FOXO1 HNF4A"" style=""cursor: pointer; text-decoration: underline dotted;"">2 substrates"
"161","AURORA","0.09282","0.00","0.00",""" title=""Overlapping EnrichrSubstrates"" data-content=""AURORA targets 1 genes from the input gene list.The full list of substrates is available below:TP53"" style=""cursor: pointer; text-decoration: underline dotted;"">1 substrates"
"162","PAK3","0.09398","0.00","0.00",""" title=""Overlapping EnrichrSubstrates"" data-content=""PAK3 targets 2 genes from the input gene list.The full list of substrates is available below:CDKN1A TP53"" style=""cursor: pointer; text-decoration: underline dotted;"">2 substrates"
"163","PRKCG","0.09732","0.00","0.00",""" title=""Overlapping EnrichrSubstrates"" data-content=""PRKCG targets 2 genes from the input gene list.The full list of substrates is available below:GSK3B HSP90AA1"" style=""cursor: pointer; text-decoration: underline dotted;"">2 substrates"
"164","PRKCI","0.1007","0.00","0.00",""" title=""Overlapping EnrichrSubstrates"" data-content=""PRKCI targets 2 genes from the input gene list.The full list of substrates is available below:HSPA4 SP1"" style=""cursor: pointer; text-decoration: underline dotted;"">2 substrates"
"165","MAP2K3","0.1007","0.00","0.00",""" title=""Overlapping EnrichrSubstrates"" data-content=""MAP2K3 targets 2 genes from the input gene list.The full list of substrates is available below:HSPB1 SMAD3"" style=""cursor: pointer; text-decoration: underline dotted;"">2 substrates"
"166","TRRAP","0.1026","0.00","0.00",""" title=""Overlapping EnrichrSubstrates"" data-content=""TRRAP targets 1 genes from the input gene list.The full list of substrates is available below:NCOR2"" style=""cursor: pointer; text-decoration: underline dotted;"">1 substrates"
"167","RSK","0.1026","0.00","0.00",""" title=""Overlapping EnrichrSubstrates"" data-content=""RSK targets 1 genes from the input gene list.The full list of substrates is available below:FOS"" style=""cursor: pointer; text-decoration: underline dotted;"">1 substrates"
"168","LCK","0.1104","0.00","0.00",""" title=""Overlapping EnrichrSubstrates"" data-content=""LCK targets 4 genes from the input gene list.The full list of substrates is available below:SPI1 PRKCD TP53 ESR1"" style=""cursor: pointer; text-decoration: underline dotted;"">4 substrates"
"169","PKC","0.1123","0.00","0.00",""" title=""Overlapping EnrichrSubstrates"" data-content=""PKC targets 1 genes from the input gene list.The full list of substrates is available below:RELA"" style=""cursor: pointer; text-decoration: underline dotted;"">1 substrates"
"170","STK17A","0.1123","0.00","0.00",""" title=""Overlapping EnrichrSubstrates"" data-content=""STK17A targets 1 genes from the input gene list.The full list of substrates is available below:TP53"" style=""cursor: pointer; text-decoration: underline dotted;"">1 substrates"
"171","CK1","0.1123","0.00","0.00",""" title=""Overlapping EnrichrSubstrates"" data-content=""CK1 targets 1 genes from the input gene list.The full list of substrates is available below:FOXO1"" style=""cursor: pointer; text-decoration: underline dotted;"">1 substrates"
"172","TP53RK","0.1218","0.00","0.00",""" title=""Overlapping EnrichrSubstrates"" data-content=""TP53RK targets 1 genes from the input gene list.The full list of substrates is available below:TP53"" style=""cursor: pointer; text-decoration: underline dotted;"">1 substrates"
"173","PKAALPHA","0.1290","0.00","0.00",""" title=""Overlapping EnrichrSubstrates"" data-content=""PKAALPHA targets 3 genes from the input gene list.The full list of substrates is available below:ESR1 FOS RELA"" style=""cursor: pointer; text-decoration: underline dotted;"">3 substrates"
"174","TRKB","0.1313","0.00","0.00",""" title=""Overlapping EnrichrSubstrates"" data-content=""TRKB targets 1 genes from the input gene list.The full list of substrates is available below:FOS"" style=""cursor: pointer; text-decoration: underline dotted;"">1 substrates"
"175","BRD2","0.1313","0.00","0.00",""" title=""Overlapping EnrichrSubstrates"" data-content=""BRD2 targets 1 genes from the input gene list.The full list of substrates is available below:RB1"" style=""cursor: pointer; text-decoration: underline dotted;"">1 substrates"
"176","ADRBK1","0.1313","0.00","0.00",""" title=""Overlapping EnrichrSubstrates"" data-content=""ADRBK1 targets 1 genes from the input gene list.The full list of substrates is available below:PRKCD"" style=""cursor: pointer; text-decoration: underline dotted;"">1 substrates"
"177","PKAGAMMA","0.1360","0.00","0.00",""" title=""Overlapping EnrichrSubstrates"" data-content=""PKAGAMMA targets 2 genes from the input gene list.The full list of substrates is available below:NR3C1 RELA"" style=""cursor: pointer; text-decoration: underline dotted;"">2 substrates"
"178","P70S6K","0.1407","0.00","0.00",""" title=""Overlapping EnrichrSubstrates"" data-content=""P70S6K targets 1 genes from the input gene list.The full list of substrates is available below:AKT1"" style=""cursor: pointer; text-decoration: underline dotted;"">1 substrates"
"179","DMPK1","0.1407","0.00","0.00",""" title=""Overlapping EnrichrSubstrates"" data-content=""DMPK1 targets 1 genes from the input gene list.The full list of substrates is available below:HSPB1"" style=""cursor: pointer; text-decoration: underline dotted;"">1 substrates"
"180","CAMKIIALPHA","0.1434","0.00","0.00",""" title=""Overlapping EnrichrSubstrates"" data-content=""CAMKIIALPHA targets 2 genes from the input gene list.The full list of substrates is available below:ETS1 CEBPB"" style=""cursor: pointer; text-decoration: underline dotted;"">2 substrates"
"181","SGK1","0.1622","0.00","0.00",""" title=""Overlapping EnrichrSubstrates"" data-content=""SGK1 targets 2 genes from the input gene list.The full list of substrates is available below:FOXO1 MAPK7"" style=""cursor: pointer; text-decoration: underline dotted;"">2 substrates"
"182","PRKG1","0.1660","0.00","0.00",""" title=""Overlapping EnrichrSubstrates"" data-content=""PRKG1 targets 2 genes from the input gene list.The full list of substrates is available below:CDKN1A HSPB1"" style=""cursor: pointer; text-decoration: underline dotted;"">2 substrates"
"183","TRKA","0.1771","0.00","0.00",""" title=""Overlapping EnrichrSubstrates"" data-content=""TRKA targets 1 genes from the input gene list.The full list of substrates is available below:SQSTM1"" style=""cursor: pointer; text-decoration: underline dotted;"">1 substrates"
"184","HIPK4","0.1860","0.00","0.00",""" title=""Overlapping EnrichrSubstrates"" data-content=""HIPK4 targets 1 genes from the input gene list.The full list of substrates is available below:TP53"" style=""cursor: pointer; text-decoration: underline dotted;"">1 substrates"
"185","TAOK1","0.1860","0.00","0.00",""" title=""Overlapping EnrichrSubstrates"" data-content=""TAOK1 targets 1 genes from the input gene list.The full list of substrates is available below:GSK3B"" style=""cursor: pointer; text-decoration: underline dotted;"">1 substrates"
"186","RPS6KA6","0.1860","0.00","0.00",""" title=""Overlapping EnrichrSubstrates"" data-content=""RPS6KA6 targets 1 genes from the input gene list.The full list of substrates is available below:XPO1"" style=""cursor: pointer; text-decoration: underline dotted;"">1 substrates"
"187","LMTK3","0.1860","0.00","0.00",""" title=""Overlapping EnrichrSubstrates"" data-content=""LMTK3 targets 1 genes from the input gene list.The full list of substrates is available below:ZBTB16"" style=""cursor: pointer; text-decoration: underline dotted;"">1 substrates"
"188","MAST1","0.1860","0.00","0.00",""" title=""Overlapping EnrichrSubstrates"" data-content=""MAST1 targets 1 genes from the input gene list.The full list of substrates is available below:AKT1"" style=""cursor: pointer; text-decoration: underline dotted;"">1 substrates"
"189","SCYL2","0.1860","0.00","0.00",""" title=""Overlapping EnrichrSubstrates"" data-content=""SCYL2 targets 1 genes from the input gene list.The full list of substrates is available below:NFYA"" style=""cursor: pointer; text-decoration: underline dotted;"">1 substrates"
"190","POMK","0.1860","0.00","0.00",""" title=""Overlapping EnrichrSubstrates"" data-content=""POMK targets 1 genes from the input gene list.The full list of substrates is available below:AKT1"" style=""cursor: pointer; text-decoration: underline dotted;"">1 substrates"
"191","CDK10","0.1948","0.00","0.00",""" title=""Overlapping EnrichrSubstrates"" data-content=""CDK10 targets 1 genes from the input gene list.The full list of substrates is available below:ETS2"" style=""cursor: pointer; text-decoration: underline dotted;"">1 substrates"
"192","CDK12","0.1948","0.00","0.00",""" title=""Overlapping EnrichrSubstrates"" data-content=""CDK12 targets 1 genes from the input gene list.The full list of substrates is available below:MED1"" style=""cursor: pointer; text-decoration: underline dotted;"">1 substrates"
"193","PKCETA","0.1948","0.00","0.00",""" title=""Overlapping EnrichrSubstrates"" data-content=""PKCETA targets 1 genes from the input gene list.The full list of substrates is available below:PRKCD"" style=""cursor: pointer; text-decoration: underline dotted;"">1 substrates"
"194","MAP4K5","0.1948","0.00","0.00",""" title=""Overlapping EnrichrSubstrates"" data-content=""MAP4K5 targets 1 genes from the input gene list.The full list of substrates is available below:GSK3B"" style=""cursor: pointer; text-decoration: underline dotted;"">1 substrates"
"195","ACVR2B","0.1948","0.00","0.00",""" title=""Overlapping EnrichrSubstrates"" data-content=""ACVR2B targets 1 genes from the input gene list.The full list of substrates is available below:AKT1"" style=""cursor: pointer; text-decoration: underline dotted;"">1 substrates"
"196","WEE2","0.1948","0.00","0.00",""" title=""Overlapping EnrichrSubstrates"" data-content=""WEE2 targets 1 genes from the input gene list.The full list of substrates is available below:CDK1"" style=""cursor: pointer; text-decoration: underline dotted;"">1 substrates"
"197","TYRO3","0.2035","0.00","0.00",""" title=""Overlapping EnrichrSubstrates"" data-content=""TYRO3 targets 1 genes from the input gene list.The full list of substrates is available below:AKT1"" style=""cursor: pointer; text-decoration: underline dotted;"">1 substrates"
"198","DMPK","0.2035","0.00","0.00",""" title=""Overlapping EnrichrSubstrates"" data-content=""DMPK targets 1 genes from the input gene list.The full list of substrates is available below:SP1"" style=""cursor: pointer; text-decoration: underline dotted;"">1 substrates"
"199","PKN3","0.2035","0.00","0.00",""" title=""Overlapping EnrichrSubstrates"" data-content=""PKN3 targets 1 genes from the input gene list.The full list of substrates is available below:GATA2"" style=""cursor: pointer; text-decoration: underline dotted;"">1 substrates"
"200","NTRK3","0.2035","0.00","0.00",""" title=""Overlapping EnrichrSubstrates"" data-content=""NTRK3 targets 1 genes from the input gene list.The full list of substrates is available below:FOS"" style=""cursor: pointer; text-decoration: underline dotted;"">1 substrates"
"201","CSNK2B","0.2035","0.00","0.00",""" title=""Overlapping EnrichrSubstrates"" data-content=""CSNK2B targets 1 genes from the input gene list.The full list of substrates is available below:FOS"" style=""cursor: pointer; text-decoration: underline dotted;"">1 substrates"
"202","MARK4","0.2035","0.00","0.00",""" title=""Overlapping EnrichrSubstrates"" data-content=""MARK4 targets 1 genes from the input gene list.The full list of substrates is available below:SMARCA4"" style=""cursor: pointer; text-decoration: underline dotted;"">1 substrates"
"203","BARK1","0.2087","0.00","0.00",""" title=""Overlapping EnrichrSubstrates"" data-content=""BARK1 targets 2 genes from the input gene list.The full list of substrates is available below:PRKCD HDAC5"" style=""cursor: pointer; text-decoration: underline dotted;"">2 substrates"
"204","PRKD3","0.2121","0.00","0.00",""" title=""Overlapping EnrichrSubstrates"" data-content=""PRKD3 targets 1 genes from the input gene list.The full list of substrates is available below:HDAC5"" style=""cursor: pointer; text-decoration: underline dotted;"">1 substrates"
"205","SMG1","0.2121","0.00","0.00",""" title=""Overlapping EnrichrSubstrates"" data-content=""SMG1 targets 1 genes from the input gene list.The full list of substrates is available below:TP53"" style=""cursor: pointer; text-decoration: underline dotted;"">1 substrates"
"206","PKN2","0.2121","0.00","0.00",""" title=""Overlapping EnrichrSubstrates"" data-content=""PKN2 targets 1 genes from the input gene list.The full list of substrates is available below:MED14"" style=""cursor: pointer; text-decoration: underline dotted;"">1 substrates"
"207","PIK3CG","0.2121","0.00","0.00",""" title=""Overlapping EnrichrSubstrates"" data-content=""PIK3CG targets 1 genes from the input gene list.The full list of substrates is available below:GFI1"" style=""cursor: pointer; text-decoration: underline dotted;"">1 substrates"
"208","TLK2","0.2121","0.00","0.00",""" title=""Overlapping EnrichrSubstrates"" data-content=""TLK2 targets 1 genes from the input gene list.The full list of substrates is available below:HSPA4"" style=""cursor: pointer; text-decoration: underline dotted;"">1 substrates"
"209","CAM","0.2121","0.00","0.00",""" title=""Overlapping EnrichrSubstrates"" data-content=""CAM targets 1 genes from the input gene list.The full list of substrates is available below:ETS1"" style=""cursor: pointer; text-decoration: underline dotted;"">1 substrates"
"210","SGK2","0.2121","0.00","0.00",""" title=""Overlapping EnrichrSubstrates"" data-content=""SGK2 targets 1 genes from the input gene list.The full list of substrates is available below:GSK3B"" style=""cursor: pointer; text-decoration: underline dotted;"">1 substrates"
"211","PNCK","0.2121","0.00","0.00",""" title=""Overlapping EnrichrSubstrates"" data-content=""PNCK targets 1 genes from the input gene list.The full list of substrates is available below:HSP90AA1"" style=""cursor: pointer; text-decoration: underline dotted;"">1 substrates"
"212","MAPK15","0.2121","0.00","0.00",""" title=""Overlapping EnrichrSubstrates"" data-content=""MAPK15 targets 1 genes from the input gene list.The full list of substrates is available below:JUN"" style=""cursor: pointer; text-decoration: underline dotted;"">1 substrates"
"213","EIF2AK1","0.2206","0.00","0.00",""" title=""Overlapping EnrichrSubstrates"" data-content=""EIF2AK1 targets 1 genes from the input gene list.The full list of substrates is available below:HSPA1A"" style=""cursor: pointer; text-decoration: underline dotted;"">1 substrates"
"214","MAP3K6","0.2206","0.00","0.00",""" title=""Overlapping EnrichrSubstrates"" data-content=""MAP3K6 targets 1 genes from the input gene list.The full list of substrates is available below:MAPK8"" style=""cursor: pointer; text-decoration: underline dotted;"">1 substrates"
"215","VRK2","0.2206","0.00","0.00",""" title=""Overlapping EnrichrSubstrates"" data-content=""VRK2 targets 1 genes from the input gene list.The full list of substrates is available below:TP53"" style=""cursor: pointer; text-decoration: underline dotted;"">1 substrates"
"216","AMPKA2","0.2206","0.00","0.00",""" title=""Overlapping EnrichrSubstrates"" data-content=""AMPKA2 targets 1 genes from the input gene list.The full list of substrates is available below:SREBF1"" style=""cursor: pointer; text-decoration: underline dotted;"">1 substrates"
"217","CAMKK2","0.2206","0.00","0.00",""" title=""Overlapping EnrichrSubstrates"" data-content=""CAMKK2 targets 1 genes from the input gene list.The full list of substrates is available below:AKT1"" style=""cursor: pointer; text-decoration: underline dotted;"">1 substrates"
"218","MAP4K4","0.2206","0.00","0.00",""" title=""Overlapping EnrichrSubstrates"" data-content=""MAP4K4 targets 1 genes from the input gene list.The full list of substrates is available below:SMARCA4"" style=""cursor: pointer; text-decoration: underline dotted;"">1 substrates"
"219","CDK16","0.2290","0.00","0.00",""" title=""Overlapping EnrichrSubstrates"" data-content=""CDK16 targets 1 genes from the input gene list.The full list of substrates is available below:SMARCA4"" style=""cursor: pointer; text-decoration: underline dotted;"">1 substrates"
"220","FRK","0.2290","0.00","0.00",""" title=""Overlapping EnrichrSubstrates"" data-content=""FRK targets 1 genes from the input gene list.The full list of substrates is available below:FOS"" style=""cursor: pointer; text-decoration: underline dotted;"">1 substrates"
"221","CSNK1G1","0.2290","0.00","0.00",""" title=""Overlapping EnrichrSubstrates"" data-content=""CSNK1G1 targets 1 genes from the input gene list.The full list of substrates is available below:RELA"" style=""cursor: pointer; text-decoration: underline dotted;"">1 substrates"
"222","MAP2K5","0.2290","0.00","0.00",""" title=""Overlapping EnrichrSubstrates"" data-content=""MAP2K5 targets 1 genes from the input gene list.The full list of substrates is available below:MAPK7"" style=""cursor: pointer; text-decoration: underline dotted;"">1 substrates"
"223","TTN","0.2290","0.00","0.00",""" title=""Overlapping EnrichrSubstrates"" data-content=""TTN targets 1 genes from the input gene list.The full list of substrates is available below:SQSTM1"" style=""cursor: pointer; text-decoration: underline dotted;"">1 substrates"
"224","MERTK","0.2290","0.00","0.00",""" title=""Overlapping EnrichrSubstrates"" data-content=""MERTK targets 1 genes from the input gene list.The full list of substrates is available below:AKT1"" style=""cursor: pointer; text-decoration: underline dotted;"">1 substrates"
"225","DYRK3","0.2290","0.00","0.00",""" title=""Overlapping EnrichrSubstrates"" data-content=""DYRK3 targets 1 genes from the input gene list.The full list of substrates is available below:SIRT1"" style=""cursor: pointer; text-decoration: underline dotted;"">1 substrates"
"226","PBK","0.2373","0.00","0.00",""" title=""Overlapping EnrichrSubstrates"" data-content=""PBK targets 1 genes from the input gene list.The full list of substrates is available below:JUN"" style=""cursor: pointer; text-decoration: underline dotted;"">1 substrates"
"227","RPS6KA4","0.2373","0.00","0.00",""" title=""Overlapping EnrichrSubstrates"" data-content=""RPS6KA4 targets 1 genes from the input gene list.The full list of substrates is available below:RELA"" style=""cursor: pointer; text-decoration: underline dotted;"">1 substrates"
"228","CAMKK1","0.2373","0.00","0.00",""" title=""Overlapping EnrichrSubstrates"" data-content=""CAMKK1 targets 1 genes from the input gene list.The full list of substrates is available below:AKT1"" style=""cursor: pointer; text-decoration: underline dotted;"">1 substrates"
"229","PAK5","0.2373","0.00","0.00",""" title=""Overlapping EnrichrSubstrates"" data-content=""PAK5 targets 1 genes from the input gene list.The full list of substrates is available below:GATA1"" style=""cursor: pointer; text-decoration: underline dotted;"">1 substrates"
"230","GRK5","0.2373","0.00","0.00",""" title=""Overlapping EnrichrSubstrates"" data-content=""GRK5 targets 1 genes from the input gene list.The full list of substrates is available below:TP53"" style=""cursor: pointer; text-decoration: underline dotted;"">1 substrates"
"231","GRK6","0.2373","0.00","0.00",""" title=""Overlapping EnrichrSubstrates"" data-content=""GRK6 targets 1 genes from the input gene list.The full list of substrates is available below:ETS1"" style=""cursor: pointer; text-decoration: underline dotted;"">1 substrates"
"232","EPHB3","0.2455","0.00","0.00",""" title=""Overlapping EnrichrSubstrates"" data-content=""EPHB3 targets 1 genes from the input gene list.The full list of substrates is available below:SMARCA4"" style=""cursor: pointer; text-decoration: underline dotted;"">1 substrates"
"233","EPHA8","0.2455","0.00","0.00",""" title=""Overlapping EnrichrSubstrates"" data-content=""EPHA8 targets 1 genes from the input gene list.The full list of substrates is available below:SMARCA4"" style=""cursor: pointer; text-decoration: underline dotted;"">1 substrates"
"234","RPS6KA2","0.2537","0.00","0.00",""" title=""Overlapping EnrichrSubstrates"" data-content=""RPS6KA2 targets 1 genes from the input gene list.The full list of substrates is available below:GSK3B"" style=""cursor: pointer; text-decoration: underline dotted;"">1 substrates"
"235","MOS","0.2537","0.00","0.00",""" title=""Overlapping EnrichrSubstrates"" data-content=""MOS targets 1 genes from the input gene list.The full list of substrates is available below:HSPA4"" style=""cursor: pointer; text-decoration: underline dotted;"">1 substrates"
"236","ILK","0.2537","0.00","0.00",""" title=""Overlapping EnrichrSubstrates"" data-content=""ILK targets 1 genes from the input gene list.The full list of substrates is available below:AKT1"" style=""cursor: pointer; text-decoration: underline dotted;"">1 substrates"
"237","MAPKAPK3","0.2617","0.00","0.00",""" title=""Overlapping EnrichrSubstrates"" data-content=""MAPKAPK3 targets 1 genes from the input gene list.The full list of substrates is available below:HSPB1"" style=""cursor: pointer; text-decoration: underline dotted;"">1 substrates"
"238","CDC7","0.2697","0.00","0.00",""" title=""Overlapping EnrichrSubstrates"" data-content=""CDC7 targets 1 genes from the input gene list.The full list of substrates is available below:NCL"" style=""cursor: pointer; text-decoration: underline dotted;"">1 substrates"
"239","TNK2","0.2697","0.00","0.00",""" title=""Overlapping EnrichrSubstrates"" data-content=""TNK2 targets 1 genes from the input gene list.The full list of substrates is available below:AKT1"" style=""cursor: pointer; text-decoration: underline dotted;"">1 substrates"
"240","CDK8","0.2697","0.00","0.00",""" title=""Overlapping EnrichrSubstrates"" data-content=""CDK8 targets 1 genes from the input gene list.The full list of substrates is available below:SMAD3"" style=""cursor: pointer; text-decoration: underline dotted;"">1 substrates"
"241","LATS1","0.2697","0.00","0.00",""" title=""Overlapping EnrichrSubstrates"" data-content=""LATS1 targets 1 genes from the input gene list.The full list of substrates is available below:CDK1"" style=""cursor: pointer; text-decoration: underline dotted;"">1 substrates"
"242","BMX","0.2776","0.00","0.00",""" title=""Overlapping EnrichrSubstrates"" data-content=""BMX targets 1 genes from the input gene list.The full list of substrates is available below:TP53"" style=""cursor: pointer; text-decoration: underline dotted;"">1 substrates"
"243","LKB1","0.2776","0.00","0.00",""" title=""Overlapping EnrichrSubstrates"" data-content=""LKB1 targets 1 genes from the input gene list.The full list of substrates is available below:PPARGC1A"" style=""cursor: pointer; text-decoration: underline dotted;"">1 substrates"
"244","UHMK1","0.2776","0.00","0.00",""" title=""Overlapping EnrichrSubstrates"" data-content=""UHMK1 targets 1 genes from the input gene list.The full list of substrates is available below:MED1"" style=""cursor: pointer; text-decoration: underline dotted;"">1 substrates"
"245","EPHA1","0.2776","0.00","0.00",""" title=""Overlapping EnrichrSubstrates"" data-content=""EPHA1 targets 1 genes from the input gene list.The full list of substrates is available below:NR1I2"" style=""cursor: pointer; text-decoration: underline dotted;"">1 substrates"
"246","PTK6","0.2776","0.00","0.00",""" title=""Overlapping EnrichrSubstrates"" data-content=""PTK6 targets 1 genes from the input gene list.The full list of substrates is available below:AKT1"" style=""cursor: pointer; text-decoration: underline dotted;"">1 substrates"
"247","PRKCH","0.2854","0.00","0.00",""" title=""Overlapping EnrichrSubstrates"" data-content=""PRKCH targets 1 genes from the input gene list.The full list of substrates is available below:GSK3B"" style=""cursor: pointer; text-decoration: underline dotted;"">1 substrates"
"248","JAK1","0.2854","0.00","0.00",""" title=""Overlapping EnrichrSubstrates"" data-content=""JAK1 targets 1 genes from the input gene list.The full list of substrates is available below:ETS1"" style=""cursor: pointer; text-decoration: underline dotted;"">1 substrates"
"249","FLT1","0.2854","0.00","0.00",""" title=""Overlapping EnrichrSubstrates"" data-content=""FLT1 targets 1 genes from the input gene list.The full list of substrates is available below:ETS1"" style=""cursor: pointer; text-decoration: underline dotted;"">1 substrates"
"250","PDK1","0.2854","0.00","0.00",""" title=""Overlapping EnrichrSubstrates"" data-content=""PDK1 targets 1 genes from the input gene list.The full list of substrates is available below:AKT1"" style=""cursor: pointer; text-decoration: underline dotted;"">1 substrates"
"251","LATS2","0.2854","0.00","0.00",""" title=""Overlapping EnrichrSubstrates"" data-content=""LATS2 targets 1 genes from the input gene list.The full list of substrates is available below:CDKN1A"" style=""cursor: pointer; text-decoration: underline dotted;"">1 substrates"
"252","PKN1","0.2931","0.00","0.00",""" title=""Overlapping EnrichrSubstrates"" data-content=""PKN1 targets 1 genes from the input gene list.The full list of substrates is available below:HDAC5"" style=""cursor: pointer; text-decoration: underline dotted;"">1 substrates"
"253","AXL","0.2931","0.00","0.00",""" title=""Overlapping EnrichrSubstrates"" data-content=""AXL targets 1 genes from the input gene list.The full list of substrates is available below:AKT1"" style=""cursor: pointer; text-decoration: underline dotted;"">1 substrates"
"254","CAMK1","0.2931","0.00","0.00",""" title=""Overlapping EnrichrSubstrates"" data-content=""CAMK1 targets 1 genes from the input gene list.The full list of substrates is available below:HDAC5"" style=""cursor: pointer; text-decoration: underline dotted;"">1 substrates"
"255","DAPK1","0.3007","0.00","0.00",""" title=""Overlapping EnrichrSubstrates"" data-content=""DAPK1 targets 1 genes from the input gene list.The full list of substrates is available below:TP53"" style=""cursor: pointer; text-decoration: underline dotted;"">1 substrates"
"256","YES1","0.3007","0.00","0.00",""" title=""Overlapping EnrichrSubstrates"" data-content=""YES1 targets 1 genes from the input gene list.The full list of substrates is available below:PRKCD"" style=""cursor: pointer; text-decoration: underline dotted;"">1 substrates"
"257","CSK","0.3158","0.00","0.00",""" title=""Overlapping EnrichrSubstrates"" data-content=""CSK targets 1 genes from the input gene list.The full list of substrates is available below:PML"" style=""cursor: pointer; text-decoration: underline dotted;"">1 substrates"
"258","PDGFRB","0.3158","0.00","0.00",""" title=""Overlapping EnrichrSubstrates"" data-content=""PDGFRB targets 1 genes from the input gene list.The full list of substrates is available below:PRKCD"" style=""cursor: pointer; text-decoration: underline dotted;"">1 substrates"
"259","PAK6","0.3232","0.00","0.00",""" title=""Overlapping EnrichrSubstrates"" data-content=""PAK6 targets 1 genes from the input gene list.The full list of substrates is available below:AKT1"" style=""cursor: pointer; text-decoration: underline dotted;"">1 substrates"
"260","ITK","0.3377","0.00","0.00",""" title=""Overlapping EnrichrSubstrates"" data-content=""ITK targets 1 genes from the input gene list.The full list of substrates is available below:ETS1"" style=""cursor: pointer; text-decoration: underline dotted;"">1 substrates"
"261","RIPK3","0.3441","0.00","0.00",""" title=""Overlapping EnrichrSubstrates"" data-content=""RIPK3 targets 2 genes from the input gene list.The full list of substrates is available below:HSP90AA1 HSPA1A"" style=""cursor: pointer; text-decoration: underline dotted;"">2 substrates"
"262","ARAF","0.3449","0.00","0.00",""" title=""Overlapping EnrichrSubstrates"" data-content=""ARAF targets 1 genes from the input gene list.The full list of substrates is available below:PRKCD"" style=""cursor: pointer; text-decoration: underline dotted;"">1 substrates"
"263","ULK1","0.3449","0.00","0.00",""" title=""Overlapping EnrichrSubstrates"" data-content=""ULK1 targets 1 genes from the input gene list.The full list of substrates is available below:SQSTM1"" style=""cursor: pointer; text-decoration: underline dotted;"">1 substrates"
"264","STK11","0.3590","0.00","0.00",""" title=""Overlapping EnrichrSubstrates"" data-content=""STK11 targets 1 genes from the input gene list.The full list of substrates is available below:TP53"" style=""cursor: pointer; text-decoration: underline dotted;"">1 substrates"
"265","PDGFRBETA","0.3590","0.00","0.00",""" title=""Overlapping EnrichrSubstrates"" data-content=""PDGFRBETA targets 1 genes from the input gene list.The full list of substrates is available below:PRKCD"" style=""cursor: pointer; text-decoration: underline dotted;"">1 substrates"
"266","HCK","0.3590","0.00","0.00",""" title=""Overlapping EnrichrSubstrates"" data-content=""HCK targets 1 genes from the input gene list.The full list of substrates is available below:SPI1"" style=""cursor: pointer; text-decoration: underline dotted;"">1 substrates"
"267","KIT","0.3590","0.00","0.00",""" title=""Overlapping EnrichrSubstrates"" data-content=""KIT targets 1 genes from the input gene list.The full list of substrates is available below:LMO2"" style=""cursor: pointer; text-decoration: underline dotted;"">1 substrates"
"268","ABL2","0.3659","0.00","0.00",""" title=""Overlapping EnrichrSubstrates"" data-content=""ABL2 targets 1 genes from the input gene list.The full list of substrates is available below:CEBPB"" style=""cursor: pointer; text-decoration: underline dotted;"">1 substrates"
"269","MAP2K6","0.3863","0.00","0.00",""" title=""Overlapping EnrichrSubstrates"" data-content=""MAP2K6 targets 1 genes from the input gene list.The full list of substrates is available below:HSPB1"" style=""cursor: pointer; text-decoration: underline dotted;"">1 substrates"
"270","NEK2","0.4060","0.00","0.00",""" title=""Overlapping EnrichrSubstrates"" data-content=""NEK2 targets 1 genes from the input gene list.The full list of substrates is available below:CDK1"" style=""cursor: pointer; text-decoration: underline dotted;"">1 substrates"
"271","PDPK1","0.4060","0.00","0.00",""" title=""Overlapping EnrichrSubstrates"" data-content=""PDPK1 targets 1 genes from the input gene list.The full list of substrates is available below:AKT1"" style=""cursor: pointer; text-decoration: underline dotted;"">1 substrates"
"272","MAP3K14","0.4096","0.00","0.00",""" title=""Overlapping EnrichrSubstrates"" data-content=""MAP3K14 targets 2 genes from the input gene list.The full list of substrates is available below:NCL HSPA1A"" style=""cursor: pointer; text-decoration: underline dotted;"">2 substrates"
"273","KDR","0.4251","0.00","0.00",""" title=""Overlapping EnrichrSubstrates"" data-content=""KDR targets 1 genes from the input gene list.The full list of substrates is available below:ETS1"" style=""cursor: pointer; text-decoration: underline dotted;"">1 substrates"
"274","FGR","0.4313","0.00","0.00",""" title=""Overlapping EnrichrSubstrates"" data-content=""FGR targets 1 genes from the input gene list.The full list of substrates is available below:HSP90AA1"" style=""cursor: pointer; text-decoration: underline dotted;"">1 substrates"
"275","IGF1R","0.4496","0.00","0.00",""" title=""Overlapping EnrichrSubstrates"" data-content=""IGF1R targets 1 genes from the input gene list.The full list of substrates is available below:FOS"" style=""cursor: pointer; text-decoration: underline dotted;"">1 substrates"
"276","PLK4","0.4555","0.00","0.00",""" title=""Overlapping EnrichrSubstrates"" data-content=""PLK4 targets 1 genes from the input gene list.The full list of substrates is available below:CDK1"" style=""cursor: pointer; text-decoration: underline dotted;"">1 substrates"
"277","PRKCQ","0.5171","0.00","0.00",""" title=""Overlapping EnrichrSubstrates"" data-content=""PRKCQ targets 1 genes from the input gene list.The full list of substrates is available below:SPI1"" style=""cursor: pointer; text-decoration: underline dotted;"">1 substrates"
"278","SYK","0.5427","0.00","0.00",""" title=""Overlapping EnrichrSubstrates"" data-content=""SYK targets 1 genes from the input gene list.The full list of substrates is available below:SPIB"" style=""cursor: pointer; text-decoration: underline dotted;"">1 substrates"
"279","PKCGAMMA","0.5526","0.00","0.00",""" title=""Overlapping EnrichrSubstrates"" data-content=""PKCGAMMA targets 1 genes from the input gene list.The full list of substrates is available below:PRKCD"" style=""cursor: pointer; text-decoration: underline dotted;"">1 substrates"
"280","MAP3K3","0.6049","0.00","0.00",""" title=""Overlapping EnrichrSubstrates"" data-content=""MAP3K3 targets 2 genes from the input gene list.The full list of substrates is available below:HSPA4 HSPA1A"" style=""cursor: pointer; text-decoration: underline dotted;"">2 substrates"