"Rank","Protein Kinase","Hypergeometric p-value","Z-score","Combined score","Enriched Substrates"
"1","MAPK1","2.193e-16","0.00","0.00",""" title=""Overlapping EnrichrSubstrates"" data-content=""MAPK1 targets 33 genes from the input gene list.The full list of substrates is available below:RB1 CSNK2A1 HIF1A LYN JUN SNAI1 EZH2 CDKN1A FOS POU5F1 CDKN2A STAT1 STAT3 PGR SP1 CHUK CEBPA CEBPB CEBPD KLF4 PML HIST1H3A PARP1 RELA RXRA NR3C1 ETS2 SMAD2 SMAD1 SMAD4 SMAD3 BHLHE40 MAPK8"" style=""cursor: pointer; text-decoration: underline dotted;"">33 substrates"
"2","CSNK2A1","7.947e-16","0.00","0.00",""" title=""Overlapping EnrichrSubstrates"" data-content=""CSNK2A1 targets 45 genes from the input gene list.The full list of substrates is available below:SPI1 DAXX CSNK2A1 SET JUN EZH2 FOS SIRT1 POU5F1 STAT1 STAT3 FUS MDM4 SUMO1 HSP90AA1 STUB1 TRIM28 SMARCA4 RELA NPM1 PPP1CA ITCH BHLHE40 IRF1 RB1 HIF1A SNAI1 CDKN1A CDKN2A PGR DNMT1 COPS5 SIN3A CHUK CEBPB HDAC2 HDAC3 CEBPD KLF4 PML SUZ12 KDM1A SMAD4 SMAD3 HSPA4"" style=""cursor: pointer; text-decoration: underline dotted;"">45 substrates"
"3","HIPK2","1.124e-15","0.00","0.00",""" title=""Overlapping EnrichrSubstrates"" data-content=""HIPK2 targets 19 genes from the input gene list.The full list of substrates is available below:TRIM28 TP63 HIF1A SMAD2 SMAD1 SMAD3 NFKB1 MDM4 IKBKB MECP2 SUMO1 SIN3A CHUK PARP1 SIRT1 CEBPB RELA MAPK8 PML"" style=""cursor: pointer; text-decoration: underline dotted;"">19 substrates"
"4","CDK1","2.841e-14","0.00","0.00",""" title=""Overlapping EnrichrSubstrates"" data-content=""CDK1 targets 45 genes from the input gene list.The full list of substrates is available below:CSNK2A1 LYN JUN EZH2 FOS SIRT1 STAT1 STAT3 NFKB1 SP1 MDM4 HSP90AA1 STUB1 TRIM28 SMARCA4 RELA NPM1 PPP1CA ITCH BHLHE40 HMGB1 MYOD1 RB1 HIF1A CDKN1A CDKN2A PGR DNMT1 SIN3A CHUK DNMT3A CEBPA CEBPB HDAC2 KLF4 PML KAT5 SETDB1 ATM SUZ12 NFYA KDM1A SMAD4 SMAD3 MAPK8"" style=""cursor: pointer; text-decoration: underline dotted;"">45 substrates"
"5","DNAPK","9.371e-14","0.00","0.00",""" title=""Overlapping EnrichrSubstrates"" data-content=""DNAPK targets 16 genes from the input gene list.The full list of substrates is available below:KAT5 TRIM28 PRKCD PGR LYN SMAD2 JUN SMAD4 SP1 ATM IKBKB HSP90AA1 CHUK PARP1 RELA MAPK8"" style=""cursor: pointer; text-decoration: underline dotted;"">16 substrates"
"6","GSK3B","1.153e-13","0.00","0.00",""" title=""Overlapping EnrichrSubstrates"" data-content=""GSK3B targets 49 genes from the input gene list.The full list of substrates is available below:SET JUN MECP2 FOS FUS SP1 TP63 SMARCA4 RELA ITCH NR3C1 BHLHE40 SNAI1 CDKN1A CDKN2A PGR CEBPA CEBPB CEBPD PML KAT5 SETDB1 KDM1A MAPK8 DAXX LYN EZH2 SIRT1 POU5F1 STAT1 STAT3 NFKB1 NFKB2 MDM4 NPM1 IRF1 RB1 HIF1A BRD4 DNMT1 SIN3A CHUK DNMT3A KLF4 SUZ12 SMAD2 SMAD1 SMAD4 SMAD3"" style=""cursor: pointer; text-decoration: underline dotted;"">49 substrates"
"7","CDK4","2.019e-13","0.00","0.00",""" title=""Overlapping EnrichrSubstrates"" data-content=""CDK4 targets 17 genes from the input gene list.The full list of substrates is available below:RB1 DNMT1 SMAD2 JUN SMAD3 SP1 MDM4 CDKN1A SUMO1 HSP90AA1 PARP1 MYOD1 CEBPA CEBPB CDKN2A STAT3 PPP1CA"" style=""cursor: pointer; text-decoration: underline dotted;"">17 substrates"
"8","ERK1","2.262e-13","0.00","0.00",""" title=""Overlapping EnrichrSubstrates"" data-content=""ERK1 targets 18 genes from the input gene list.The full list of substrates is available below:ETS2 KAT5 PRKCD HIF1A LYN SMAD2 SMAD1 JUN SMAD4 SMAD3 NFKB1 SP1 FOS CEBPB RELA MAPK8 STAT1 STAT3"" style=""cursor: pointer; text-decoration: underline dotted;"">18 substrates"
"9","MAPK14","7.287e-13","0.00","0.00",""" title=""Overlapping EnrichrSubstrates"" data-content=""MAPK14 targets 33 genes from the input gene list.The full list of substrates is available below:JUN EZH2 FOS POU5F1 STAT1 STAT3 FUS SP1 MDM4 HSP90AA1 SMARCA4 RELA NPM1 NR3C1 BHLHE40 RB1 HIF1A CDKN1A CDKN2A PGR DNMT1 SIN3A CHUK CEBPA CEBPB KLF4 KAT5 HIST1H3A PARP1 SUZ12 SMAD4 SMAD3 MAPK8"" style=""cursor: pointer; text-decoration: underline dotted;"">33 substrates"
"10","MAPK3","1.373e-12","0.00","0.00",""" title=""Overlapping EnrichrSubstrates"" data-content=""MAPK3 targets 22 genes from the input gene list.The full list of substrates is available below:JUN CDKN1A FOS POU5F1 RXRA STAT1 STAT3 NR3C1 ETS2 PGR SMAD2 SMAD4 SMAD3 SP1 BHLHE40 CHUK CEBPA CEBPB MAPK8 KLF4 PML STUB1"" style=""cursor: pointer; text-decoration: underline dotted;"">22 substrates"
"11","JNK1","1.391e-12","0.00","0.00",""" title=""Overlapping EnrichrSubstrates"" data-content=""JNK1 targets 14 genes from the input gene list.The full list of substrates is available below:CDKN1A NR3C1 FOS SIRT1 PGR HIF1A RELA MAPK8 SMAD2 JUN SMAD3 STAT3 NFKB1 SP1"" style=""cursor: pointer; text-decoration: underline dotted;"">14 substrates"
"12","AKT1","1.999e-11","0.00","0.00",""" title=""Overlapping EnrichrSubstrates"" data-content=""AKT1 targets 21 genes from the input gene list.The full list of substrates is available below:CSNK2A1 HIST1H3A JUN EZH2 CDKN1A IKBKB FOS POU5F1 CDKN2A STAT1 STAT3 PPP1CA SKI NR3C1 DNMT1 SMAD4 SMAD3 SP1 BCL3 MDM4 CHUK"" style=""cursor: pointer; text-decoration: underline dotted;"">21 substrates"
"13","CDK2","5.908e-11","0.00","0.00",""" title=""Overlapping EnrichrSubstrates"" data-content=""CDK2 targets 49 genes from the input gene list.The full list of substrates is available below:SET JUN FOS FUS SP1 TRIM28 TP63 SMARCA4 ITCH NR3C1 BHLHE40 MYOD1 CDKN1A CDKN2A PGR CEBPB HDAC2 PML KAT5 SETDB1 PARP1 MAPK8 DAXX LYN EZH2 POU5F1 STAT1 STAT3 MDM4 SUMO1 HSP90AA1 RCOR1 NPM1 PPP1CA SNIP1 HMGB1 RB1 HIF1A BRD4 DNMT1 CDK9 SIN3A DNMT3B CHUK DNMT3A SUZ12 SMAD2 SMAD4 SMAD3"" style=""cursor: pointer; text-decoration: underline dotted;"">49 substrates"
"14","ERK2","1.579e-10","0.00","0.00",""" title=""Overlapping EnrichrSubstrates"" data-content=""ERK2 targets 15 genes from the input gene list.The full list of substrates is available below:RB1 ETS2 PGR SMAD2 SMAD1 JUN SMAD4 SMAD3 NFKB1 SP1 FOS CEBPB RELA STAT1 STAT3"" style=""cursor: pointer; text-decoration: underline dotted;"">15 substrates"
"15","CK2ALPHA","7.320e-10","0.00","0.00",""" title=""Overlapping EnrichrSubstrates"" data-content=""CK2ALPHA targets 17 genes from the input gene list.The full list of substrates is available below:RB1 SPI1 LYN JUN SMARCA4 RCOR1 RELA NPM1 KDM1A PGR SP1 SUMO1 SIN3A HSP90AA1 HDAC2 HDAC3 PML"" style=""cursor: pointer; text-decoration: underline dotted;"">17 substrates"
"16","PKR","1.950e-9","0.00","0.00",""" title=""Overlapping EnrichrSubstrates"" data-content=""PKR targets 9 genes from the input gene list.The full list of substrates is available below:IKBKB HSP90AA1 NPM1 CHUK STAT1 STAT3 NFKB1 PPP1CA IRF7"" style=""cursor: pointer; text-decoration: underline dotted;"">9 substrates"
"17","MAPK8","3.562e-9","0.00","0.00",""" title=""Overlapping EnrichrSubstrates"" data-content=""MAPK8 targets 16 genes from the input gene list.The full list of substrates is available below:JUN CDKN1A FOS SIRT1 RXRA SUZ12 CDKN2A STAT1 STAT3 ITCH NR3C1 SP1 BHLHE40 SIN3A KLF4 STUB1"" style=""cursor: pointer; text-decoration: underline dotted;"">16 substrates"
"18","ABL1","3.901e-9","0.00","0.00",""" title=""Overlapping EnrichrSubstrates"" data-content=""ABL1 targets 14 genes from the input gene list.The full list of substrates is available below:RB1 SPI1 KAT5 TP63 PRKCD JUN MDM4 CDKN1A FOS MYOD1 CEBPB HDAC2 STAT1 STAT3"" style=""cursor: pointer; text-decoration: underline dotted;"">14 substrates"
"19","IKKALPHA","1.706e-8","0.00","0.00",""" title=""Overlapping EnrichrSubstrates"" data-content=""IKKALPHA targets 7 genes from the input gene list.The full list of substrates is available below:HSP90AA1 CHUK NFKB1 RELA NFKB2 IKBKB IRF7"" style=""cursor: pointer; text-decoration: underline dotted;"">7 substrates"
"20","ATM","5.546e-8","0.00","0.00",""" title=""Overlapping EnrichrSubstrates"" data-content=""ATM targets 15 genes from the input gene list.The full list of substrates is available below:RB1 KAT5 TRIM28 TP63 DAXX HIF1A SMARCA4 ATM EZH2 PARP1 SMAD1 FUS SP1 MDM4 HSP90AA1"" style=""cursor: pointer; text-decoration: underline dotted;"">15 substrates"
"21","CDC2","5.943e-8","0.00","0.00",""" title=""Overlapping EnrichrSubstrates"" data-content=""CDC2 targets 16 genes from the input gene list.The full list of substrates is available below:RB1 KAT5 TRIM28 CSNK2A1 LYN JUN ATM EZH2 CDKN1A PARP1 FOS RELA NPM1 NFYA STAT3 MYOD1"" style=""cursor: pointer; text-decoration: underline dotted;"">16 substrates"
"22","IKKBETA","6.850e-8","0.00","0.00",""" title=""Overlapping EnrichrSubstrates"" data-content=""IKKBETA targets 8 genes from the input gene list.The full list of substrates is available below:RELA IKBKB CHUK STAT3 FOS NFKB1 NFKB2 IRF7"" style=""cursor: pointer; text-decoration: underline dotted;"">8 substrates"
"23","TGFBR2","1.299e-7","0.00","0.00",""" title=""Overlapping EnrichrSubstrates"" data-content=""TGFBR2 targets 9 genes from the input gene list.The full list of substrates is available below:HSP90AA1 SMAD2 SMAD3 WWP1 NFKB1 PML PPP1CA SP1 SNAI1"" style=""cursor: pointer; text-decoration: underline dotted;"">9 substrates"
"24","IKBKB","6.793e-7","0.00","0.00",""" title=""Overlapping EnrichrSubstrates"" data-content=""IKBKB targets 9 genes from the input gene list.The full list of substrates is available below:IKBKB TP63 PARP1 FOS RELA CDKN2A NFKB1 BCL3 HSPA1A"" style=""cursor: pointer; text-decoration: underline dotted;"">9 substrates"
"25","SRC","0.000002023","0.00","0.00",""" title=""Overlapping EnrichrSubstrates"" data-content=""SRC targets 18 genes from the input gene list.The full list of substrates is available below:RB1 SPI1 PRKCD LYN JUN CDKN1A IKBKB FOS POU5F1 WWOX STAT1 STAT3 PGR FUS NFKB1 CEBPB KLF4 SMAD3"" style=""cursor: pointer; text-decoration: underline dotted;"">18 substrates"
"26","RPS6KA3","0.000002384","0.00","0.00",""" title=""Overlapping EnrichrSubstrates"" data-content=""RPS6KA3 targets 14 genes from the input gene list.The full list of substrates is available below:HIST1H3A JUN CDKN1A FOS POU5F1 KAT2B CDKN2A STAT1 STAT3 PGR SMAD3 BHLHE40 SIN3A CHUK"" style=""cursor: pointer; text-decoration: underline dotted;"">14 substrates"
"27","PKBALPHA","0.000003412","0.00","0.00",""" title=""Overlapping EnrichrSubstrates"" data-content=""PKBALPHA targets 12 genes from the input gene list.The full list of substrates is available below:EZH2 CDKN1A IKBKB RELA NPM1 SMAD2 SMAD3 NFKB1 MDM4 HSP90AA1 CHUK MYOD1"" style=""cursor: pointer; text-decoration: underline dotted;"">12 substrates"
"28","PRKCD","0.000003882","0.00","0.00",""" title=""Overlapping EnrichrSubstrates"" data-content=""PRKCD targets 10 genes from the input gene list.The full list of substrates is available below:TRIM28 PRKCD HIST1H3A LYN JUN CDKN1A FOS MAPK8 STAT1 STAT3"" style=""cursor: pointer; text-decoration: underline dotted;"">10 substrates"
"29","GSK3BETA","0.000004360","0.00","0.00",""" title=""Overlapping EnrichrSubstrates"" data-content=""GSK3BETA targets 10 genes from the input gene list.The full list of substrates is available below:DNMT1 SMAD1 JUN SMAD3 NFKB1 BCL3 SNAI1 PARP1 CEBPB STAT3"" style=""cursor: pointer; text-decoration: underline dotted;"">10 substrates"
"30","CSNK1E","0.000005912","0.00","0.00",""" title=""Overlapping EnrichrSubstrates"" data-content=""CSNK1E targets 7 genes from the input gene list.The full list of substrates is available below:POU5F1 DNMT1 SET CDKN2A STAT1 SMARCA4 SNAI1"" style=""cursor: pointer; text-decoration: underline dotted;"">7 substrates"
"31","EGFR","0.000006502","0.00","0.00",""" title=""Overlapping EnrichrSubstrates"" data-content=""EGFR targets 11 genes from the input gene list.The full list of substrates is available below:PRKCD HIST1H3A LYN JUN FES ATM CDKN1A HSP90AA1 FOS STAT1 STAT3"" style=""cursor: pointer; text-decoration: underline dotted;"">11 substrates"
"32","MAPK11","0.000007261","0.00","0.00",""" title=""Overlapping EnrichrSubstrates"" data-content=""MAPK11 targets 9 genes from the input gene list.The full list of substrates is available below:NR3C1 PGR LYN JUN NFKB1 FOS CEBPB STAT1 PML"" style=""cursor: pointer; text-decoration: underline dotted;"">9 substrates"
"33","RAF1","0.00001328","0.00","0.00",""" title=""Overlapping EnrichrSubstrates"" data-content=""RAF1 targets 9 genes from the input gene list.The full list of substrates is available below:RB1 NR3C1 ETS2 PRKCD HSPA4 NFKB1 HSP90AA1 PARP1 FOS"" style=""cursor: pointer; text-decoration: underline dotted;"">9 substrates"
"34","CDK8","0.00002031","0.00","0.00",""" title=""Overlapping EnrichrSubstrates"" data-content=""CDK8 targets 5 genes from the input gene list.The full list of substrates is available below:HIST1H3A SMAD1 SMAD3 STAT1 STAT3"" style=""cursor: pointer; text-decoration: underline dotted;"">5 substrates"
"35","GSK","0.00002031","0.00","0.00",""" title=""Overlapping EnrichrSubstrates"" data-content=""GSK targets 5 genes from the input gene list.The full list of substrates is available below:CDKN1A CEBPB RELA NFKB1 SNAI1"" style=""cursor: pointer; text-decoration: underline dotted;"">5 substrates"
"36","PRKDC","0.00002813","0.00","0.00",""" title=""Overlapping EnrichrSubstrates"" data-content=""PRKDC targets 8 genes from the input gene list.The full list of substrates is available below:FUS NFKB1 NFKB2 ATM CDKN1A HSP90AA1 RELA MAPK8"" style=""cursor: pointer; text-decoration: underline dotted;"">8 substrates"
"37","IKBKE","0.00003040","0.00","0.00",""" title=""Overlapping EnrichrSubstrates"" data-content=""IKBKE targets 7 genes from the input gene list.The full list of substrates is available below:BTRC IRF1 IRF7 RELA STAT1 NFKB1 HSPA1A"" style=""cursor: pointer; text-decoration: underline dotted;"">7 substrates"
"38","JNK2","0.00003148","0.00","0.00",""" title=""Overlapping EnrichrSubstrates"" data-content=""JNK2 targets 5 genes from the input gene list.The full list of substrates is available below:RB1 RELA SMAD2 JUN FOS"" style=""cursor: pointer; text-decoration: underline dotted;"">5 substrates"
"39","MAPK9","0.00005752","0.00","0.00",""" title=""Overlapping EnrichrSubstrates"" data-content=""MAPK9 targets 7 genes from the input gene list.The full list of substrates is available below:CDKN1A ETS2 FOS RXRA JUN STAT3 BHLHE40"" style=""cursor: pointer; text-decoration: underline dotted;"">7 substrates"
"40","TGFBR1","0.00005811","0.00","0.00",""" title=""Overlapping EnrichrSubstrates"" data-content=""TGFBR1 targets 6 genes from the input gene list.The full list of substrates is available below:TP63 IRF7 SMAD2 WWOX STAT1 PPP1CA"" style=""cursor: pointer; text-decoration: underline dotted;"">6 substrates"
"41","IKK","0.00005842","0.00","0.00",""" title=""Overlapping EnrichrSubstrates"" data-content=""IKK targets 3 genes from the input gene list.The full list of substrates is available below:NFKB1 RELA NFKB2"" style=""cursor: pointer; text-decoration: underline dotted;"">3 substrates"
"42","PRKCA","0.00006500","0.00","0.00",""" title=""Overlapping EnrichrSubstrates"" data-content=""PRKCA targets 23 genes from the input gene list.The full list of substrates is available below:SPI1 JUN IKBKB FOS POU5F1 STAT1 STAT3 NFKB1 STUB1 RELA BHLHE40 IRF1 RB1 CDKN1A CDKN2A PGR CDK9 CEBPB KLF4 HIST1H3A ATM KDM1A SMAD3"" style=""cursor: pointer; text-decoration: underline dotted;"">23 substrates"
"43","CK2","0.0001028","0.00","0.00",""" title=""Overlapping EnrichrSubstrates"" data-content=""CK2 targets 6 genes from the input gene list.The full list of substrates is available below:SPI1 HSP90AA1 PGR HDAC2 RELA JUN"" style=""cursor: pointer; text-decoration: underline dotted;"">6 substrates"
"44","PKCIOTA","0.0001432","0.00","0.00",""" title=""Overlapping EnrichrSubstrates"" data-content=""PKCIOTA targets 5 genes from the input gene list.The full list of substrates is available below:RELA IKBKB HSP90AA1 CHUK NFKB1"" style=""cursor: pointer; text-decoration: underline dotted;"">5 substrates"
"45","DNA","0.0001683","0.00","0.00",""" title=""Overlapping EnrichrSubstrates"" data-content=""DNA targets 3 genes from the input gene list.The full list of substrates is available below:HSP90AA1 JUN NR3C1"" style=""cursor: pointer; text-decoration: underline dotted;"">3 substrates"
"46","CDK5","0.0001847","0.00","0.00",""" title=""Overlapping EnrichrSubstrates"" data-content=""CDK5 targets 9 genes from the input gene list.The full list of substrates is available below:RB1 NR3C1 DNMT1 HIF1A ATM CDKN1A STAT3 PPP1CA STUB1"" style=""cursor: pointer; text-decoration: underline dotted;"">9 substrates"
"47","PKCTHETA","0.0002711","0.00","0.00",""" title=""Overlapping EnrichrSubstrates"" data-content=""PKCTHETA targets 5 genes from the input gene list.The full list of substrates is available below:IKBKB CHUK PRKCD MAPK8 LYN"" style=""cursor: pointer; text-decoration: underline dotted;"">5 substrates"
"48","JAK2","0.0002947","0.00","0.00",""" title=""Overlapping EnrichrSubstrates"" data-content=""JAK2 targets 5 genes from the input gene list.The full list of substrates is available below:HIST1H3A LYN STAT1 STAT3 EZH2"" style=""cursor: pointer; text-decoration: underline dotted;"">5 substrates"
"49","PKBGAMMA","0.0003128","0.00","0.00",""" title=""Overlapping EnrichrSubstrates"" data-content=""PKBGAMMA targets 4 genes from the input gene list.The full list of substrates is available below:CDKN1A RELA CHUK NFKB1"" style=""cursor: pointer; text-decoration: underline dotted;"">4 substrates"
"50","CHUK","0.0003266","0.00","0.00",""" title=""Overlapping EnrichrSubstrates"" data-content=""CHUK targets 6 genes from the input gene list.The full list of substrates is available below:BTRC RELA NFKB1 NFKB2 BCL3 HSPA1A"" style=""cursor: pointer; text-decoration: underline dotted;"">6 substrates"
"51","CDK6","0.0003532","0.00","0.00",""" title=""Overlapping EnrichrSubstrates"" data-content=""CDK6 targets 4 genes from the input gene list.The full list of substrates is available below:RB1 CEBPA CDKN1A NPM1"" style=""cursor: pointer; text-decoration: underline dotted;"">4 substrates"
"52","ATR","0.0003662","0.00","0.00",""" title=""Overlapping EnrichrSubstrates"" data-content=""ATR targets 7 genes from the input gene list.The full list of substrates is available below:DAXX CDK9 SP1 ATM NPM1 CDKN2A PML"" style=""cursor: pointer; text-decoration: underline dotted;"">7 substrates"
"53","CK1ALPHA","0.0003679","0.00","0.00",""" title=""Overlapping EnrichrSubstrates"" data-content=""CK1ALPHA targets 6 genes from the input gene list.The full list of substrates is available below:RB1 FOS JUN NFKB1 ATM MDM4"" style=""cursor: pointer; text-decoration: underline dotted;"">6 substrates"
"54","MAPK10","0.0003752","0.00","0.00",""" title=""Overlapping EnrichrSubstrates"" data-content=""MAPK10 targets 5 genes from the input gene list.The full list of substrates is available below:CDKN1A FOS JUN CDKN2A BHLHE40"" style=""cursor: pointer; text-decoration: underline dotted;"">5 substrates"
"55","CHEK1","0.0005303","0.00","0.00",""" title=""Overlapping EnrichrSubstrates"" data-content=""CHEK1 targets 9 genes from the input gene list.The full list of substrates is available below:RB1 TRIM28 HIST1H3A EZH2 CDKN1A FOS NFKB1 MDM4 SIN3A"" style=""cursor: pointer; text-decoration: underline dotted;"">9 substrates"
"56","CDK9","0.0006124","0.00","0.00",""" title=""Overlapping EnrichrSubstrates"" data-content=""CDK9 targets 4 genes from the input gene list.The full list of substrates is available below:RB1 SMAD1 SMAD3 CDK9"" style=""cursor: pointer; text-decoration: underline dotted;"">4 substrates"
"57","PRKACA","0.001037","0.00","0.00",""" title=""Overlapping EnrichrSubstrates"" data-content=""PRKACA targets 22 genes from the input gene list.The full list of substrates is available below:SPI1 LYN JUN FOS POU5F1 STAT3 NFKB1 HSP90AA1 RELA RXRA ITCH BHLHE40 RB1 HIF1A SNAI1 CDKN1A CDKN2A PGR CEBPB KLF4 SMAD4 SMAD3"" style=""cursor: pointer; text-decoration: underline dotted;"">22 substrates"
"58","RPS6KA5","0.001170","0.00","0.00",""" title=""Overlapping EnrichrSubstrates"" data-content=""RPS6KA5 targets 4 genes from the input gene list.The full list of substrates is available below:RELA HIST1H3A TRIM28 STAT3"" style=""cursor: pointer; text-decoration: underline dotted;"">4 substrates"
"59","LYN","0.001522","0.00","0.00",""" title=""Overlapping EnrichrSubstrates"" data-content=""LYN targets 7 genes from the input gene list.The full list of substrates is available below:SPI1 TRIM28 CSNK2A1 PRKCD LYN IKBKB STAT1"" style=""cursor: pointer; text-decoration: underline dotted;"">7 substrates"
"60","TBK1","0.001746","0.00","0.00",""" title=""Overlapping EnrichrSubstrates"" data-content=""TBK1 targets 5 genes from the input gene list.The full list of substrates is available below:IKBKB IRF7 RELA STAT3 HSPA1A"" style=""cursor: pointer; text-decoration: underline dotted;"">5 substrates"
"61","PKBBETA","0.001872","0.00","0.00",""" title=""Overlapping EnrichrSubstrates"" data-content=""PKBBETA targets 4 genes from the input gene list.The full list of substrates is available below:CDKN1A RELA CHUK NFKB1"" style=""cursor: pointer; text-decoration: underline dotted;"">4 substrates"
"62","MAP2K3","0.002012","0.00","0.00",""" title=""Overlapping EnrichrSubstrates"" data-content=""MAP2K3 targets 4 genes from the input gene list.The full list of substrates is available below:SMAD2 SMAD1 SMAD4 SMAD3"" style=""cursor: pointer; text-decoration: underline dotted;"">4 substrates"
"63","CHEK2","0.002159","0.00","0.00",""" title=""Overlapping EnrichrSubstrates"" data-content=""CHEK2 targets 4 genes from the input gene list.The full list of substrates is available below:RB1 TRIM28 PML MDM4"" style=""cursor: pointer; text-decoration: underline dotted;"">4 substrates"
"64","MAP2K4","0.002475","0.00","0.00",""" title=""Overlapping EnrichrSubstrates"" data-content=""MAP2K4 targets 4 genes from the input gene list.The full list of substrates is available below:DAXX MAPK8 RXRA HSPA4"" style=""cursor: pointer; text-decoration: underline dotted;"">4 substrates"
"65","GSK3ALPHA","0.002475","0.00","0.00",""" title=""Overlapping EnrichrSubstrates"" data-content=""GSK3ALPHA targets 4 genes from the input gene list.The full list of substrates is available below:PARP1 JUN NFKB1 BCL3"" style=""cursor: pointer; text-decoration: underline dotted;"">4 substrates"
"66","MAP3K14","0.002620","0.00","0.00",""" title=""Overlapping EnrichrSubstrates"" data-content=""MAP3K14 targets 6 genes from the input gene list.The full list of substrates is available below:NFKB2 IKBKB CHUK NPM1 STUB1 HSPA1A"" style=""cursor: pointer; text-decoration: underline dotted;"">6 substrates"
"67","PIM1","0.002822","0.00","0.00",""" title=""Overlapping EnrichrSubstrates"" data-content=""PIM1 targets 4 genes from the input gene list.The full list of substrates is available below:CDKN1A POU5F1 RELA HIST1H3A"" style=""cursor: pointer; text-decoration: underline dotted;"">4 substrates"
"68","PIM2","0.002942","0.00","0.00",""" title=""Overlapping EnrichrSubstrates"" data-content=""PIM2 targets 3 genes from the input gene list.The full list of substrates is available below:CDKN1A DNMT3B POU5F1"" style=""cursor: pointer; text-decoration: underline dotted;"">3 substrates"
"69","MELK","0.003591","0.00","0.00",""" title=""Overlapping EnrichrSubstrates"" data-content=""MELK targets 3 genes from the input gene list.The full list of substrates is available below:SMAD2 SMAD4 SMAD3"" style=""cursor: pointer; text-decoration: underline dotted;"">3 substrates"
"70","CSNK2A2","0.004010","0.00","0.00",""" title=""Overlapping EnrichrSubstrates"" data-content=""CSNK2A2 targets 6 genes from the input gene list.The full list of substrates is available below:JUN CDKN1A FOS POU5F1 NPM1 STAT1"" style=""cursor: pointer; text-decoration: underline dotted;"">6 substrates"
"71","UHMK1","0.004323","0.00","0.00",""" title=""Overlapping EnrichrSubstrates"" data-content=""UHMK1 targets 3 genes from the input gene list.The full list of substrates is available below:SMAD2 SMAD1 SMAD4"" style=""cursor: pointer; text-decoration: underline dotted;"">3 substrates"
"72","FYN","0.004636","0.00","0.00",""" title=""Overlapping EnrichrSubstrates"" data-content=""FYN targets 7 genes from the input gene list.The full list of substrates is available below:SPI1 PRKCD LYN FOS STAT1 ITCH FUS"" style=""cursor: pointer; text-decoration: underline dotted;"">7 substrates"
"73","PRKACB","0.004720","0.00","0.00",""" title=""Overlapping EnrichrSubstrates"" data-content=""PRKACB targets 3 genes from the input gene list.The full list of substrates is available below:CDKN1A STAT1 FOS"" style=""cursor: pointer; text-decoration: underline dotted;"">3 substrates"
"74","CK2A2","0.004798","0.00","0.00",""" title=""Overlapping EnrichrSubstrates"" data-content=""CK2A2 targets 4 genes from the input gene list.The full list of substrates is available below:HSP90AA1 HDAC2 RELA JUN"" style=""cursor: pointer; text-decoration: underline dotted;"">4 substrates"
"75","CDK3","0.005138","0.00","0.00",""" title=""Overlapping EnrichrSubstrates"" data-content=""CDK3 targets 3 genes from the input gene list.The full list of substrates is available below:RB1 CDKN1A JUN"" style=""cursor: pointer; text-decoration: underline dotted;"">3 substrates"
"76","PRKCQ","0.005916","0.00","0.00",""" title=""Overlapping EnrichrSubstrates"" data-content=""PRKCQ targets 4 genes from the input gene list.The full list of substrates is available below:SPI1 IKBKB CHUK HIST1H3A"" style=""cursor: pointer; text-decoration: underline dotted;"">4 substrates"
"77","BMPR1B","0.006040","0.00","0.00",""" title=""Overlapping EnrichrSubstrates"" data-content=""BMPR1B targets 3 genes from the input gene list.The full list of substrates is available below:SMAD2 SMAD1 IRF7"" style=""cursor: pointer; text-decoration: underline dotted;"">3 substrates"
"78","MAP3K5","0.007031","0.00","0.00",""" title=""Overlapping EnrichrSubstrates"" data-content=""MAP3K5 targets 3 genes from the input gene list.The full list of substrates is available below:CDKN1A MAPK8 DAXX"" style=""cursor: pointer; text-decoration: underline dotted;"">3 substrates"
"79","PDHK1","0.007196","0.00","0.00",""" title=""Overlapping EnrichrSubstrates"" data-content=""PDHK1 targets 4 genes from the input gene list.The full list of substrates is available below:IKBKB HSP90AA1 CHUK PRKCD"" style=""cursor: pointer; text-decoration: underline dotted;"">4 substrates"
"80","MAP2K1","0.007899","0.00","0.00",""" title=""Overlapping EnrichrSubstrates"" data-content=""MAP2K1 targets 4 genes from the input gene list.The full list of substrates is available below:FOS MYOD1 MAPK8 STAT3"" style=""cursor: pointer; text-decoration: underline dotted;"">4 substrates"
"81","ALK","0.008113","0.00","0.00",""" title=""Overlapping EnrichrSubstrates"" data-content=""ALK targets 3 genes from the input gene list.The full list of substrates is available below:RELA HSP90AA1 STAT3"" style=""cursor: pointer; text-decoration: underline dotted;"">3 substrates"
"82","PLK3","0.009287","0.00","0.00",""" title=""Overlapping EnrichrSubstrates"" data-content=""PLK3 targets 3 genes from the input gene list.The full list of substrates is available below:HIF1A JUN NPM1"" style=""cursor: pointer; text-decoration: underline dotted;"">3 substrates"
"83","PDGFRBETA","0.009910","0.00","0.00",""" title=""Overlapping EnrichrSubstrates"" data-content=""PDGFRBETA targets 3 genes from the input gene list.The full list of substrates is available below:LYN PRKCD STAT3"" style=""cursor: pointer; text-decoration: underline dotted;"">3 substrates"
"84","CSNK1A1","0.01162","0.00","0.00",""" title=""Overlapping EnrichrSubstrates"" data-content=""CSNK1A1 targets 4 genes from the input gene list.The full list of substrates is available below:CDKN1A KDM1A RELA MDM4"" style=""cursor: pointer; text-decoration: underline dotted;"">4 substrates"
"85","PKCEPSILON","0.01162","0.00","0.00",""" title=""Overlapping EnrichrSubstrates"" data-content=""PKCEPSILON targets 4 genes from the input gene list.The full list of substrates is available below:HSP90AA1 PRKCD NFKB1 SP1"" style=""cursor: pointer; text-decoration: underline dotted;"">4 substrates"
"86","ACTR2B","0.01165","0.00","0.00",""" title=""Overlapping EnrichrSubstrates"" data-content=""ACTR2B targets 2 genes from the input gene list.The full list of substrates is available below:SMAD2 SMAD3"" style=""cursor: pointer; text-decoration: underline dotted;"">2 substrates"
"87","PRKCZ","0.01258","0.00","0.00",""" title=""Overlapping EnrichrSubstrates"" data-content=""PRKCZ targets 4 genes from the input gene list.The full list of substrates is available below:IKBKB RELA STAT3 SP1"" style=""cursor: pointer; text-decoration: underline dotted;"">4 substrates"
"88","NLK","0.01338","0.00","0.00",""" title=""Overlapping EnrichrSubstrates"" data-content=""NLK targets 3 genes from the input gene list.The full list of substrates is available below:SMAD4 SETDB1 STAT3"" style=""cursor: pointer; text-decoration: underline dotted;"">3 substrates"
"89","PRKCI","0.01576","0.00","0.00",""" title=""Overlapping EnrichrSubstrates"" data-content=""PRKCI targets 3 genes from the input gene list.The full list of substrates is available below:HSPA4 SP1 EZH2"" style=""cursor: pointer; text-decoration: underline dotted;"">3 substrates"
"90","GSK3A","0.01747","0.00","0.00",""" title=""Overlapping EnrichrSubstrates"" data-content=""GSK3A targets 3 genes from the input gene list.The full list of substrates is available below:CEBPA CEBPB BCL3"" style=""cursor: pointer; text-decoration: underline dotted;"">3 substrates"
"91","PKCETA","0.01972","0.00","0.00",""" title=""Overlapping EnrichrSubstrates"" data-content=""PKCETA targets 2 genes from the input gene list.The full list of substrates is available below:PRKCD DNMT3B"" style=""cursor: pointer; text-decoration: underline dotted;"">2 substrates"
"92","TRIM33","0.02068","0.00","0.00",""" title=""Overlapping EnrichrSubstrates"" data-content=""TRIM33 targets 1 genes from the input gene list.The full list of substrates is available below:SMAD4"" style=""cursor: pointer; text-decoration: underline dotted;"">1 substrates"
"93","HASPIN","0.02068","0.00","0.00",""" title=""Overlapping EnrichrSubstrates"" data-content=""HASPIN targets 1 genes from the input gene list.The full list of substrates is available below:HIST1H3A"" style=""cursor: pointer; text-decoration: underline dotted;"">1 substrates"
"94","TGM2","0.02068","0.00","0.00",""" title=""Overlapping EnrichrSubstrates"" data-content=""TGM2 targets 1 genes from the input gene list.The full list of substrates is available below:HIST1H3A"" style=""cursor: pointer; text-decoration: underline dotted;"">1 substrates"
"95","LYK5","0.02068","0.00","0.00",""" title=""Overlapping EnrichrSubstrates"" data-content=""LYK5 targets 1 genes from the input gene list.The full list of substrates is available below:SMAD4"" style=""cursor: pointer; text-decoration: underline dotted;"">1 substrates"
"96","MAP3K7","0.02137","0.00","0.00",""" title=""Overlapping EnrichrSubstrates"" data-content=""MAP3K7 targets 4 genes from the input gene list.The full list of substrates is available below:SMAD3 IKBKB HSP90AA1 HSPA1A"" style=""cursor: pointer; text-decoration: underline dotted;"">4 substrates"
"97","CSNK2B","0.02155","0.00","0.00",""" title=""Overlapping EnrichrSubstrates"" data-content=""CSNK2B targets 2 genes from the input gene list.The full list of substrates is available below:FOS SNAI1"" style=""cursor: pointer; text-decoration: underline dotted;"">2 substrates"
"98","PRKCB","0.02312","0.00","0.00",""" title=""Overlapping EnrichrSubstrates"" data-content=""PRKCB targets 6 genes from the input gene list.The full list of substrates is available below:HIST1H3A JUN CDKN1A STAT3 FUS BHLHE40"" style=""cursor: pointer; text-decoration: underline dotted;"">6 substrates"
"99","PIM3","0.02345","0.00","0.00",""" title=""Overlapping EnrichrSubstrates"" data-content=""PIM3 targets 2 genes from the input gene list.The full list of substrates is available below:PML POU5F1"" style=""cursor: pointer; text-decoration: underline dotted;"">2 substrates"
"100","PIK3CG","0.02345","0.00","0.00",""" title=""Overlapping EnrichrSubstrates"" data-content=""PIK3CG targets 2 genes from the input gene list.The full list of substrates is available below:SET GFI1"" style=""cursor: pointer; text-decoration: underline dotted;"">2 substrates"
"101","PKAGAMMA","0.02530","0.00","0.00",""" title=""Overlapping EnrichrSubstrates"" data-content=""PKAGAMMA targets 3 genes from the input gene list.The full list of substrates is available below:NR3C1 RELA NFKB1"" style=""cursor: pointer; text-decoration: underline dotted;"">3 substrates"
"102","HIPK1","0.02541","0.00","0.00",""" title=""Overlapping EnrichrSubstrates"" data-content=""HIPK1 targets 2 genes from the input gene list.The full list of substrates is available below:DAXX MECP2"" style=""cursor: pointer; text-decoration: underline dotted;"">2 substrates"
"103","TLK1","0.02541","0.00","0.00",""" title=""Overlapping EnrichrSubstrates"" data-content=""TLK1 targets 2 genes from the input gene list.The full list of substrates is available below:HIST1H3A ATM"" style=""cursor: pointer; text-decoration: underline dotted;"">2 substrates"
"104","PKD1","0.02865","0.00","0.00",""" title=""Overlapping EnrichrSubstrates"" data-content=""PKD1 targets 3 genes from the input gene list.The full list of substrates is available below:MAPK8 JUN NFKB1"" style=""cursor: pointer; text-decoration: underline dotted;"">3 substrates"
"105","PBK","0.02952","0.00","0.00",""" title=""Overlapping EnrichrSubstrates"" data-content=""PBK targets 2 genes from the input gene list.The full list of substrates is available below:HIST1H3A JUN"" style=""cursor: pointer; text-decoration: underline dotted;"">2 substrates"
"106","RPS6KA4","0.02952","0.00","0.00",""" title=""Overlapping EnrichrSubstrates"" data-content=""RPS6KA4 targets 2 genes from the input gene list.The full list of substrates is available below:RELA HIST1H3A"" style=""cursor: pointer; text-decoration: underline dotted;"">2 substrates"
"107","MAP3K8","0.03347","0.00","0.00",""" title=""Overlapping EnrichrSubstrates"" data-content=""MAP3K8 targets 3 genes from the input gene list.The full list of substrates is available below:HSP90AA1 NPM1 HSPA1A"" style=""cursor: pointer; text-decoration: underline dotted;"">3 substrates"
"108","VRK1","0.03388","0.00","0.00",""" title=""Overlapping EnrichrSubstrates"" data-content=""VRK1 targets 2 genes from the input gene list.The full list of substrates is available below:HIST1H3A JUN"" style=""cursor: pointer; text-decoration: underline dotted;"">2 substrates"
"109","MOK","0.03388","0.00","0.00",""" title=""Overlapping EnrichrSubstrates"" data-content=""MOK targets 2 genes from the input gene list.The full list of substrates is available below:JUN NFKB1"" style=""cursor: pointer; text-decoration: underline dotted;"">2 substrates"
"110","MOS","0.03388","0.00","0.00",""" title=""Overlapping EnrichrSubstrates"" data-content=""MOS targets 2 genes from the input gene list.The full list of substrates is available below:HSPA4 MYOD1"" style=""cursor: pointer; text-decoration: underline dotted;"">2 substrates"
"111","BTK","0.03602","0.00","0.00",""" title=""Overlapping EnrichrSubstrates"" data-content=""BTK targets 3 genes from the input gene list.The full list of substrates is available below:FOS LYN JUN"" style=""cursor: pointer; text-decoration: underline dotted;"">3 substrates"
"112","JAK3","0.04086","0.00","0.00",""" title=""Overlapping EnrichrSubstrates"" data-content=""JAK3 targets 2 genes from the input gene list.The full list of substrates is available below:STAT1 EZH2"" style=""cursor: pointer; text-decoration: underline dotted;"">2 substrates"
"113","MAPK7","0.04086","0.00","0.00",""" title=""Overlapping EnrichrSubstrates"" data-content=""MAPK7 targets 2 genes from the input gene list.The full list of substrates is available below:FOS PML"" style=""cursor: pointer; text-decoration: underline dotted;"">2 substrates"
"114","MAP3K20","0.04094","0.00","0.00",""" title=""Overlapping EnrichrSubstrates"" data-content=""MAP3K20 targets 1 genes from the input gene list.The full list of substrates is available below:HIST1H3A"" style=""cursor: pointer; text-decoration: underline dotted;"">1 substrates"
"115","JAK1","0.04329","0.00","0.00",""" title=""Overlapping EnrichrSubstrates"" data-content=""JAK1 targets 2 genes from the input gene list.The full list of substrates is available below:HIST1H3A STAT1"" style=""cursor: pointer; text-decoration: underline dotted;"">2 substrates"
"116","LATS2","0.04329","0.00","0.00",""" title=""Overlapping EnrichrSubstrates"" data-content=""LATS2 targets 2 genes from the input gene list.The full list of substrates is available below:CDKN1A SNAI1"" style=""cursor: pointer; text-decoration: underline dotted;"">2 substrates"
"117","TYK2","0.04428","0.00","0.00",""" title=""Overlapping EnrichrSubstrates"" data-content=""TYK2 targets 3 genes from the input gene list.The full list of substrates is available below:STAT3 NFKB1 NFKB2"" style=""cursor: pointer; text-decoration: underline dotted;"">3 substrates"
"118","MAPK13","0.04574","0.00","0.00",""" title=""Overlapping EnrichrSubstrates"" data-content=""MAPK13 targets 3 genes from the input gene list.The full list of substrates is available below:FOS PGR JUN"" style=""cursor: pointer; text-decoration: underline dotted;"">3 substrates"
"119","AXL","0.04578","0.00","0.00",""" title=""Overlapping EnrichrSubstrates"" data-content=""AXL targets 2 genes from the input gene list.The full list of substrates is available below:LYN STAT3"" style=""cursor: pointer; text-decoration: underline dotted;"">2 substrates"
"120","MAP3K3","0.04826","0.00","0.00",""" title=""Overlapping EnrichrSubstrates"" data-content=""MAP3K3 targets 5 genes from the input gene list.The full list of substrates is available below:LYN HSPA4 PPP1CA STUB1 HSPA1A"" style=""cursor: pointer; text-decoration: underline dotted;"">5 substrates"
"121","EIF2AK2","0.04832","0.00","0.00",""" title=""Overlapping EnrichrSubstrates"" data-content=""EIF2AK2 targets 2 genes from the input gene list.The full list of substrates is available below:IKBKB CHUK"" style=""cursor: pointer; text-decoration: underline dotted;"">2 substrates"
"122","PAK2","0.04873","0.00","0.00",""" title=""Overlapping EnrichrSubstrates"" data-content=""PAK2 targets 3 genes from the input gene list.The full list of substrates is available below:SMAD2 JUN FES"" style=""cursor: pointer; text-decoration: underline dotted;"">3 substrates"
"123","EPHB1","0.05091","0.00","0.00",""" title=""Overlapping EnrichrSubstrates"" data-content=""EPHB1 targets 2 genes from the input gene list.The full list of substrates is available below:LYN STAT3"" style=""cursor: pointer; text-decoration: underline dotted;"">2 substrates"
"124","NPM/ALK","0.05091","0.00","0.00",""" title=""Overlapping EnrichrSubstrates"" data-content=""NPM/ALK targets 1 genes from the input gene list.The full list of substrates is available below:STAT1"" style=""cursor: pointer; text-decoration: underline dotted;"">1 substrates"
"125","INSR","0.05181","0.00","0.00",""" title=""Overlapping EnrichrSubstrates"" data-content=""INSR targets 3 genes from the input gene list.The full list of substrates is available below:FOS JUN STAT1"" style=""cursor: pointer; text-decoration: underline dotted;"">3 substrates"
"126","CSK","0.05355","0.00","0.00",""" title=""Overlapping EnrichrSubstrates"" data-content=""CSK targets 2 genes from the input gene list.The full list of substrates is available below:LYN PML"" style=""cursor: pointer; text-decoration: underline dotted;"">2 substrates"
"127","RPS6KA1","0.05499","0.00","0.00",""" title=""Overlapping EnrichrSubstrates"" data-content=""RPS6KA1 targets 3 genes from the input gene list.The full list of substrates is available below:FOS CEBPB JUN"" style=""cursor: pointer; text-decoration: underline dotted;"">3 substrates"
"128","AURKA","0.05993","0.00","0.00",""" title=""Overlapping EnrichrSubstrates"" data-content=""AURKA targets 3 genes from the input gene list.The full list of substrates is available below:CDKN1A HIST1H3A SKI"" style=""cursor: pointer; text-decoration: underline dotted;"">3 substrates"
"129","PKM","0.06078","0.00","0.00",""" title=""Overlapping EnrichrSubstrates"" data-content=""PKM targets 1 genes from the input gene list.The full list of substrates is available below:STAT3"" style=""cursor: pointer; text-decoration: underline dotted;"">1 substrates"
"130","RET","0.06175","0.00","0.00",""" title=""Overlapping EnrichrSubstrates"" data-content=""RET targets 2 genes from the input gene list.The full list of substrates is available below:MAPK8 STAT3"" style=""cursor: pointer; text-decoration: underline dotted;"">2 substrates"
"131","MAPK12","0.06333","0.00","0.00",""" title=""Overlapping EnrichrSubstrates"" data-content=""MAPK12 targets 3 genes from the input gene list.The full list of substrates is available below:FOS PGR JUN"" style=""cursor: pointer; text-decoration: underline dotted;"">3 substrates"
"132","DYRK2","0.06744","0.00","0.00",""" title=""Overlapping EnrichrSubstrates"" data-content=""DYRK2 targets 2 genes from the input gene list.The full list of substrates is available below:JUN STAT3"" style=""cursor: pointer; text-decoration: underline dotted;"">2 substrates"
"133","PRKAA2","0.07035","0.00","0.00",""" title=""Overlapping EnrichrSubstrates"" data-content=""PRKAA2 targets 2 genes from the input gene list.The full list of substrates is available below:IKBKB PARP1"" style=""cursor: pointer; text-decoration: underline dotted;"">2 substrates"
"134","KIT","0.07035","0.00","0.00",""" title=""Overlapping EnrichrSubstrates"" data-content=""KIT targets 2 genes from the input gene list.The full list of substrates is available below:LYN STAT3"" style=""cursor: pointer; text-decoration: underline dotted;"">2 substrates"
"135","NIK","0.07055","0.00","0.00",""" title=""Overlapping EnrichrSubstrates"" data-content=""NIK targets 1 genes from the input gene list.The full list of substrates is available below:CEBPB"" style=""cursor: pointer; text-decoration: underline dotted;"">1 substrates"
"136","PLK1","0.07451","0.00","0.00",""" title=""Overlapping EnrichrSubstrates"" data-content=""PLK1 targets 6 genes from the input gene list.The full list of substrates is available below:CDKN1A IKBKB BRD4 SUZ12 NPM1 KDM1A"" style=""cursor: pointer; text-decoration: underline dotted;"">6 substrates"
"137","RIPK1","0.07628","0.00","0.00",""" title=""Overlapping EnrichrSubstrates"" data-content=""RIPK1 targets 2 genes from the input gene list.The full list of substrates is available below:PML HSPA1A"" style=""cursor: pointer; text-decoration: underline dotted;"">2 substrates"
"138","PKC","0.08022","0.00","0.00",""" title=""Overlapping EnrichrSubstrates"" data-content=""PKC targets 1 genes from the input gene list.The full list of substrates is available below:FUS"" style=""cursor: pointer; text-decoration: underline dotted;"">1 substrates"
"139","RSK","0.08022","0.00","0.00",""" title=""Overlapping EnrichrSubstrates"" data-content=""RSK targets 1 genes from the input gene list.The full list of substrates is available below:CEBPB"" style=""cursor: pointer; text-decoration: underline dotted;"">1 substrates"
"140","RIPK2","0.08237","0.00","0.00",""" title=""Overlapping EnrichrSubstrates"" data-content=""RIPK2 targets 2 genes from the input gene list.The full list of substrates is available below:HSP90AA1 HSPA1A"" style=""cursor: pointer; text-decoration: underline dotted;"">2 substrates"
"141","PRKD2","0.08547","0.00","0.00",""" title=""Overlapping EnrichrSubstrates"" data-content=""PRKD2 targets 2 genes from the input gene list.The full list of substrates is available below:SET RXRA"" style=""cursor: pointer; text-decoration: underline dotted;"">2 substrates"
"142","CSNK1D","0.08547","0.00","0.00",""" title=""Overlapping EnrichrSubstrates"" data-content=""CSNK1D targets 2 genes from the input gene list.The full list of substrates is available below:DNMT1 HIF1A"" style=""cursor: pointer; text-decoration: underline dotted;"">2 substrates"
"143","RSK","0.09926","0.00","0.00",""" title=""Overlapping EnrichrSubstrates"" data-content=""RSK targets 1 genes from the input gene list.The full list of substrates is available below:FOS"" style=""cursor: pointer; text-decoration: underline dotted;"">1 substrates"
"144","ADCK4","0.09926","0.00","0.00",""" title=""Overlapping EnrichrSubstrates"" data-content=""ADCK4 targets 1 genes from the input gene list.The full list of substrates is available below:FUS"" style=""cursor: pointer; text-decoration: underline dotted;"">1 substrates"
"145","LCK","0.1003","0.00","0.00",""" title=""Overlapping EnrichrSubstrates"" data-content=""LCK targets 4 genes from the input gene list.The full list of substrates is available below:SPI1 PRKCD IRF1 STAT1"" style=""cursor: pointer; text-decoration: underline dotted;"">4 substrates"
"146","PKC","0.1086","0.00","0.00",""" title=""Overlapping EnrichrSubstrates"" data-content=""PKC targets 1 genes from the input gene list.The full list of substrates is available below:RELA"" style=""cursor: pointer; text-decoration: underline dotted;"">1 substrates"
"147","CAMKIV","0.1086","0.00","0.00",""" title=""Overlapping EnrichrSubstrates"" data-content=""CAMKIV targets 1 genes from the input gene list.The full list of substrates is available below:RELA"" style=""cursor: pointer; text-decoration: underline dotted;"">1 substrates"
"148","ERBB2","0.1128","0.00","0.00",""" title=""Overlapping EnrichrSubstrates"" data-content=""ERBB2 targets 3 genes from the input gene list.The full list of substrates is available below:HSP90AA1 STAT1 STAT3"" style=""cursor: pointer; text-decoration: underline dotted;"">3 substrates"
"149","RIPK3","0.1151","0.00","0.00",""" title=""Overlapping EnrichrSubstrates"" data-content=""RIPK3 targets 3 genes from the input gene list.The full list of substrates is available below:DAXX HSP90AA1 HSPA1A"" style=""cursor: pointer; text-decoration: underline dotted;"">3 substrates"
"150","MTOR","0.1173","0.00","0.00",""" title=""Overlapping EnrichrSubstrates"" data-content=""MTOR targets 3 genes from the input gene list.The full list of substrates is available below:DNMT1 JUN STAT3"" style=""cursor: pointer; text-decoration: underline dotted;"">3 substrates"
"151","JNK3","0.1179","0.00","0.00",""" title=""Overlapping EnrichrSubstrates"" data-content=""JNK3 targets 1 genes from the input gene list.The full list of substrates is available below:JUN"" style=""cursor: pointer; text-decoration: underline dotted;"">1 substrates"
"152","PKAALPHA","0.1196","0.00","0.00",""" title=""Overlapping EnrichrSubstrates"" data-content=""PKAALPHA targets 3 genes from the input gene list.The full list of substrates is available below:NFKB1 FOS RELA"" style=""cursor: pointer; text-decoration: underline dotted;"">3 substrates"
"153","TRKB","0.1271","0.00","0.00",""" title=""Overlapping EnrichrSubstrates"" data-content=""TRKB targets 1 genes from the input gene list.The full list of substrates is available below:FOS"" style=""cursor: pointer; text-decoration: underline dotted;"">1 substrates"
"154","BRD2","0.1271","0.00","0.00",""" title=""Overlapping EnrichrSubstrates"" data-content=""BRD2 targets 1 genes from the input gene list.The full list of substrates is available below:RB1"" style=""cursor: pointer; text-decoration: underline dotted;"">1 substrates"
"155","ADRBK1","0.1271","0.00","0.00",""" title=""Overlapping EnrichrSubstrates"" data-content=""ADRBK1 targets 1 genes from the input gene list.The full list of substrates is available below:PRKCD"" style=""cursor: pointer; text-decoration: underline dotted;"">1 substrates"
"156","PAK1","0.1311","0.00","0.00",""" title=""Overlapping EnrichrSubstrates"" data-content=""PAK1 targets 3 genes from the input gene list.The full list of substrates is available below:PRKCD HIST1H3A SNAI1"" style=""cursor: pointer; text-decoration: underline dotted;"">3 substrates"
"157","AKT2","0.1356","0.00","0.00",""" title=""Overlapping EnrichrSubstrates"" data-content=""AKT2 targets 2 genes from the input gene list.The full list of substrates is available below:CHUK HIST1H3A"" style=""cursor: pointer; text-decoration: underline dotted;"">2 substrates"
"158","CAMK2A","0.1478","0.00","0.00",""" title=""Overlapping EnrichrSubstrates"" data-content=""CAMK2A targets 3 genes from the input gene list.The full list of substrates is available below:ETS2 SMAD2 CDKN1A"" style=""cursor: pointer; text-decoration: underline dotted;"">3 substrates"
"159","PKC","0.1541","0.00","0.00",""" title=""Overlapping EnrichrSubstrates"" data-content=""PKC targets 1 genes from the input gene list.The full list of substrates is available below:STAT3"" style=""cursor: pointer; text-decoration: underline dotted;"">1 substrates"
"160","PKCALPHA","0.1627","0.00","0.00",""" title=""Overlapping EnrichrSubstrates"" data-content=""PKCALPHA targets 3 genes from the input gene list.The full list of substrates is available below:PRKCD NFKB1 MYOD1"" style=""cursor: pointer; text-decoration: underline dotted;"">3 substrates"
"161","RPS6KB1","0.1645","0.00","0.00",""" title=""Overlapping EnrichrSubstrates"" data-content=""RPS6KB1 targets 2 genes from the input gene list.The full list of substrates is available below:TP63 CDKN2A"" style=""cursor: pointer; text-decoration: underline dotted;"">2 substrates"
"162","SCYL2","0.1802","0.00","0.00",""" title=""Overlapping EnrichrSubstrates"" data-content=""SCYL2 targets 1 genes from the input gene list.The full list of substrates is available below:NFYA"" style=""cursor: pointer; text-decoration: underline dotted;"">1 substrates"
"163","PRKD1","0.1831","0.00","0.00",""" title=""Overlapping EnrichrSubstrates"" data-content=""PRKD1 targets 2 genes from the input gene list.The full list of substrates is available below:JUN SNAI1"" style=""cursor: pointer; text-decoration: underline dotted;"">2 substrates"
"164","PKCGAMMA","0.1831","0.00","0.00",""" title=""Overlapping EnrichrSubstrates"" data-content=""PKCGAMMA targets 2 genes from the input gene list.The full list of substrates is available below:PRKCD LYN"" style=""cursor: pointer; text-decoration: underline dotted;"">2 substrates"
"165","PDK","0.1888","0.00","0.00",""" title=""Overlapping EnrichrSubstrates"" data-content=""PDK targets 1 genes from the input gene list.The full list of substrates is available below:PRKCD"" style=""cursor: pointer; text-decoration: underline dotted;"">1 substrates"
"166","CDK10","0.1888","0.00","0.00",""" title=""Overlapping EnrichrSubstrates"" data-content=""CDK10 targets 1 genes from the input gene list.The full list of substrates is available below:ETS2"" style=""cursor: pointer; text-decoration: underline dotted;"">1 substrates"
"167","MINK1","0.1888","0.00","0.00",""" title=""Overlapping EnrichrSubstrates"" data-content=""MINK1 targets 1 genes from the input gene list.The full list of substrates is available below:SMAD2"" style=""cursor: pointer; text-decoration: underline dotted;"">1 substrates"
"168","MAST4","0.1888","0.00","0.00",""" title=""Overlapping EnrichrSubstrates"" data-content=""MAST4 targets 1 genes from the input gene list.The full list of substrates is available below:SMAD1"" style=""cursor: pointer; text-decoration: underline dotted;"">1 substrates"
"169","CDK7","0.1906","0.00","0.00",""" title=""Overlapping EnrichrSubstrates"" data-content=""CDK7 targets 2 genes from the input gene list.The full list of substrates is available below:SMAD1 CDK9"" style=""cursor: pointer; text-decoration: underline dotted;"">2 substrates"
"170","DMPK","0.1972","0.00","0.00",""" title=""Overlapping EnrichrSubstrates"" data-content=""DMPK targets 1 genes from the input gene list.The full list of substrates is available below:SP1"" style=""cursor: pointer; text-decoration: underline dotted;"">1 substrates"
"171","PKMYT1","0.1972","0.00","0.00",""" title=""Overlapping EnrichrSubstrates"" data-content=""PKMYT1 targets 1 genes from the input gene list.The full list of substrates is available below:SMARCA4"" style=""cursor: pointer; text-decoration: underline dotted;"">1 substrates"
"172","PKA","0.1972","0.00","0.00",""" title=""Overlapping EnrichrSubstrates"" data-content=""PKA targets 1 genes from the input gene list.The full list of substrates is available below:RELA"" style=""cursor: pointer; text-decoration: underline dotted;"">1 substrates"
"173","NTRK3","0.1972","0.00","0.00",""" title=""Overlapping EnrichrSubstrates"" data-content=""NTRK3 targets 1 genes from the input gene list.The full list of substrates is available below:FOS"" style=""cursor: pointer; text-decoration: underline dotted;"">1 substrates"
"174","LMTK2","0.1972","0.00","0.00",""" title=""Overlapping EnrichrSubstrates"" data-content=""LMTK2 targets 1 genes from the input gene list.The full list of substrates is available below:PPP1CA"" style=""cursor: pointer; text-decoration: underline dotted;"">1 substrates"
"175","MARK4","0.1972","0.00","0.00",""" title=""Overlapping EnrichrSubstrates"" data-content=""MARK4 targets 1 genes from the input gene list.The full list of substrates is available below:SMARCA4"" style=""cursor: pointer; text-decoration: underline dotted;"">1 substrates"
"176","AURORAB","0.1981","0.00","0.00",""" title=""Overlapping EnrichrSubstrates"" data-content=""AURORAB targets 2 genes from the input gene list.The full list of substrates is available below:RB1 NPM1"" style=""cursor: pointer; text-decoration: underline dotted;"">2 substrates"
"177","FASTK","0.2056","0.00","0.00",""" title=""Overlapping EnrichrSubstrates"" data-content=""FASTK targets 1 genes from the input gene list.The full list of substrates is available below:WWP1"" style=""cursor: pointer; text-decoration: underline dotted;"">1 substrates"
"178","CSF1R","0.2056","0.00","0.00",""" title=""Overlapping EnrichrSubstrates"" data-content=""CSF1R targets 1 genes from the input gene list.The full list of substrates is available below:LYN"" style=""cursor: pointer; text-decoration: underline dotted;"">1 substrates"
"179","TLK2","0.2056","0.00","0.00",""" title=""Overlapping EnrichrSubstrates"" data-content=""TLK2 targets 1 genes from the input gene list.The full list of substrates is available below:HSPA4"" style=""cursor: pointer; text-decoration: underline dotted;"">1 substrates"
"180","GSG2","0.2056","0.00","0.00",""" title=""Overlapping EnrichrSubstrates"" data-content=""GSG2 targets 1 genes from the input gene list.The full list of substrates is available below:HIST1H3A"" style=""cursor: pointer; text-decoration: underline dotted;"">1 substrates"
"181","PNCK","0.2056","0.00","0.00",""" title=""Overlapping EnrichrSubstrates"" data-content=""PNCK targets 1 genes from the input gene list.The full list of substrates is available below:HSP90AA1"" style=""cursor: pointer; text-decoration: underline dotted;"">1 substrates"
"182","MATK","0.2056","0.00","0.00",""" title=""Overlapping EnrichrSubstrates"" data-content=""MATK targets 1 genes from the input gene list.The full list of substrates is available below:LYN"" style=""cursor: pointer; text-decoration: underline dotted;"">1 substrates"
"183","MAPK15","0.2056","0.00","0.00",""" title=""Overlapping EnrichrSubstrates"" data-content=""MAPK15 targets 1 genes from the input gene list.The full list of substrates is available below:JUN"" style=""cursor: pointer; text-decoration: underline dotted;"">1 substrates"
"184","PRKCE","0.2095","0.00","0.00",""" title=""Overlapping EnrichrSubstrates"" data-content=""PRKCE targets 2 genes from the input gene list.The full list of substrates is available below:IKBKB STAT3"" style=""cursor: pointer; text-decoration: underline dotted;"">2 substrates"
"185","MAP3K1","0.2098","0.00","0.00",""" title=""Overlapping EnrichrSubstrates"" data-content=""MAP3K1 targets 3 genes from the input gene list.The full list of substrates is available below:HSP90AA1 STAT3 HSPA1A"" style=""cursor: pointer; text-decoration: underline dotted;"">3 substrates"
"186","EIF2AK1","0.2139","0.00","0.00",""" title=""Overlapping EnrichrSubstrates"" data-content=""EIF2AK1 targets 1 genes from the input gene list.The full list of substrates is available below:HSPA1A"" style=""cursor: pointer; text-decoration: underline dotted;"">1 substrates"
"187","MAP3K6","0.2139","0.00","0.00",""" title=""Overlapping EnrichrSubstrates"" data-content=""MAP3K6 targets 1 genes from the input gene list.The full list of substrates is available below:MAPK8"" style=""cursor: pointer; text-decoration: underline dotted;"">1 substrates"
"188","MAP4K4","0.2139","0.00","0.00",""" title=""Overlapping EnrichrSubstrates"" data-content=""MAP4K4 targets 1 genes from the input gene list.The full list of substrates is available below:SMARCA4"" style=""cursor: pointer; text-decoration: underline dotted;"">1 substrates"
"189","MAPK6","0.2139","0.00","0.00",""" title=""Overlapping EnrichrSubstrates"" data-content=""MAPK6 targets 1 genes from the input gene list.The full list of substrates is available below:HSPA4"" style=""cursor: pointer; text-decoration: underline dotted;"">1 substrates"
"190","WEE1","0.2139","0.00","0.00",""" title=""Overlapping EnrichrSubstrates"" data-content=""WEE1 targets 1 genes from the input gene list.The full list of substrates is available below:HSP90AA1"" style=""cursor: pointer; text-decoration: underline dotted;"">1 substrates"
"191","CDK16","0.2221","0.00","0.00",""" title=""Overlapping EnrichrSubstrates"" data-content=""CDK16 targets 1 genes from the input gene list.The full list of substrates is available below:SMARCA4"" style=""cursor: pointer; text-decoration: underline dotted;"">1 substrates"
"192","FRK","0.2221","0.00","0.00",""" title=""Overlapping EnrichrSubstrates"" data-content=""FRK targets 1 genes from the input gene list.The full list of substrates is available below:FOS"" style=""cursor: pointer; text-decoration: underline dotted;"">1 substrates"
"193","CSNK1G1","0.2221","0.00","0.00",""" title=""Overlapping EnrichrSubstrates"" data-content=""CSNK1G1 targets 1 genes from the input gene list.The full list of substrates is available below:RELA"" style=""cursor: pointer; text-decoration: underline dotted;"">1 substrates"
"194","MERTK","0.2221","0.00","0.00",""" title=""Overlapping EnrichrSubstrates"" data-content=""MERTK targets 1 genes from the input gene list.The full list of substrates is available below:STAT3"" style=""cursor: pointer; text-decoration: underline dotted;"">1 substrates"
"195","DYRK3","0.2221","0.00","0.00",""" title=""Overlapping EnrichrSubstrates"" data-content=""DYRK3 targets 1 genes from the input gene list.The full list of substrates is available below:SIRT1"" style=""cursor: pointer; text-decoration: underline dotted;"">1 substrates"
"196","AURKC","0.2221","0.00","0.00",""" title=""Overlapping EnrichrSubstrates"" data-content=""AURKC targets 1 genes from the input gene list.The full list of substrates is available below:HIST1H3A"" style=""cursor: pointer; text-decoration: underline dotted;"">1 substrates"
"197","CAMK2G","0.2221","0.00","0.00",""" title=""Overlapping EnrichrSubstrates"" data-content=""CAMK2G targets 1 genes from the input gene list.The full list of substrates is available below:STAT1"" style=""cursor: pointer; text-decoration: underline dotted;"">1 substrates"
"198","AURKB","0.2234","0.00","0.00",""" title=""Overlapping EnrichrSubstrates"" data-content=""AURKB targets 3 genes from the input gene list.The full list of substrates is available below:RB1 HIST1H3A ATM"" style=""cursor: pointer; text-decoration: underline dotted;"">3 substrates"
"199","MYLK2","0.2302","0.00","0.00",""" title=""Overlapping EnrichrSubstrates"" data-content=""MYLK2 targets 1 genes from the input gene list.The full list of substrates is available below:NFKB2"" style=""cursor: pointer; text-decoration: underline dotted;"">1 substrates"
"200","NUAK1","0.2302","0.00","0.00",""" title=""Overlapping EnrichrSubstrates"" data-content=""NUAK1 targets 1 genes from the input gene list.The full list of substrates is available below:CDKN1A"" style=""cursor: pointer; text-decoration: underline dotted;"">1 substrates"
"201","GRK5","0.2302","0.00","0.00",""" title=""Overlapping EnrichrSubstrates"" data-content=""GRK5 targets 1 genes from the input gene list.The full list of substrates is available below:SMAD1"" style=""cursor: pointer; text-decoration: underline dotted;"">1 substrates"
"202","EPHB3","0.2382","0.00","0.00",""" title=""Overlapping EnrichrSubstrates"" data-content=""EPHB3 targets 1 genes from the input gene list.The full list of substrates is available below:SMARCA4"" style=""cursor: pointer; text-decoration: underline dotted;"">1 substrates"
"203","EPHA8","0.2382","0.00","0.00",""" title=""Overlapping EnrichrSubstrates"" data-content=""EPHA8 targets 1 genes from the input gene list.The full list of substrates is available below:SMARCA4"" style=""cursor: pointer; text-decoration: underline dotted;"">1 substrates"
"204","EPHA5","0.2461","0.00","0.00",""" title=""Overlapping EnrichrSubstrates"" data-content=""EPHA5 targets 1 genes from the input gene list.The full list of substrates is available below:LYN"" style=""cursor: pointer; text-decoration: underline dotted;"">1 substrates"
"205","EPHA7","0.2461","0.00","0.00",""" title=""Overlapping EnrichrSubstrates"" data-content=""EPHA7 targets 1 genes from the input gene list.The full list of substrates is available below:LYN"" style=""cursor: pointer; text-decoration: underline dotted;"">1 substrates"
"206","MAP4K1","0.2461","0.00","0.00",""" title=""Overlapping EnrichrSubstrates"" data-content=""MAP4K1 targets 1 genes from the input gene list.The full list of substrates is available below:LYN"" style=""cursor: pointer; text-decoration: underline dotted;"">1 substrates"
"207","FES","0.2461","0.00","0.00",""" title=""Overlapping EnrichrSubstrates"" data-content=""FES targets 1 genes from the input gene list.The full list of substrates is available below:FES"" style=""cursor: pointer; text-decoration: underline dotted;"">1 substrates"
"208","ACVR1","0.2540","0.00","0.00",""" title=""Overlapping EnrichrSubstrates"" data-content=""ACVR1 targets 1 genes from the input gene list.The full list of substrates is available below:STAT1"" style=""cursor: pointer; text-decoration: underline dotted;"">1 substrates"
"209","FGFR3","0.2540","0.00","0.00",""" title=""Overlapping EnrichrSubstrates"" data-content=""FGFR3 targets 1 genes from the input gene list.The full list of substrates is available below:STAT1"" style=""cursor: pointer; text-decoration: underline dotted;"">1 substrates"
"210","AKT3","0.2618","0.00","0.00",""" title=""Overlapping EnrichrSubstrates"" data-content=""AKT3 targets 1 genes from the input gene list.The full list of substrates is available below:PRKCD"" style=""cursor: pointer; text-decoration: underline dotted;"">1 substrates"
"211","CDC7","0.2618","0.00","0.00",""" title=""Overlapping EnrichrSubstrates"" data-content=""CDC7 targets 1 genes from the input gene list.The full list of substrates is available below:NPM1"" style=""cursor: pointer; text-decoration: underline dotted;"">1 substrates"
"212","TNK2","0.2618","0.00","0.00",""" title=""Overlapping EnrichrSubstrates"" data-content=""TNK2 targets 1 genes from the input gene list.The full list of substrates is available below:WWOX"" style=""cursor: pointer; text-decoration: underline dotted;"">1 substrates"
"213","SGK3","0.2618","0.00","0.00",""" title=""Overlapping EnrichrSubstrates"" data-content=""SGK3 targets 1 genes from the input gene list.The full list of substrates is available below:ITCH"" style=""cursor: pointer; text-decoration: underline dotted;"">1 substrates"
"214","IRAK1","0.2618","0.00","0.00",""" title=""Overlapping EnrichrSubstrates"" data-content=""IRAK1 targets 1 genes from the input gene list.The full list of substrates is available below:STAT3"" style=""cursor: pointer; text-decoration: underline dotted;"">1 substrates"
"215","DYRK1B","0.2695","0.00","0.00",""" title=""Overlapping EnrichrSubstrates"" data-content=""DYRK1B targets 1 genes from the input gene list.The full list of substrates is available below:CDKN1A"" style=""cursor: pointer; text-decoration: underline dotted;"">1 substrates"
"216","EPHA6","0.2695","0.00","0.00",""" title=""Overlapping EnrichrSubstrates"" data-content=""EPHA6 targets 1 genes from the input gene list.The full list of substrates is available below:LYN"" style=""cursor: pointer; text-decoration: underline dotted;"">1 substrates"
"217","EPHA1","0.2695","0.00","0.00",""" title=""Overlapping EnrichrSubstrates"" data-content=""EPHA1 targets 1 genes from the input gene list.The full list of substrates is available below:LYN"" style=""cursor: pointer; text-decoration: underline dotted;"">1 substrates"
"218","CAMK4","0.2695","0.00","0.00",""" title=""Overlapping EnrichrSubstrates"" data-content=""CAMK4 targets 1 genes from the input gene list.The full list of substrates is available below:RELA"" style=""cursor: pointer; text-decoration: underline dotted;"">1 substrates"
"219","STK3","0.2695","0.00","0.00",""" title=""Overlapping EnrichrSubstrates"" data-content=""STK3 targets 1 genes from the input gene list.The full list of substrates is available below:HIST1H3A"" style=""cursor: pointer; text-decoration: underline dotted;"">1 substrates"
"220","GRK2","0.2695","0.00","0.00",""" title=""Overlapping EnrichrSubstrates"" data-content=""GRK2 targets 1 genes from the input gene list.The full list of substrates is available below:SMAD2"" style=""cursor: pointer; text-decoration: underline dotted;"">1 substrates"
"221","EPHA3","0.2771","0.00","0.00",""" title=""Overlapping EnrichrSubstrates"" data-content=""EPHA3 targets 1 genes from the input gene list.The full list of substrates is available below:LYN"" style=""cursor: pointer; text-decoration: underline dotted;"">1 substrates"
"222","EEF2K","0.2771","0.00","0.00",""" title=""Overlapping EnrichrSubstrates"" data-content=""EEF2K targets 1 genes from the input gene list.The full list of substrates is available below:MAPK8"" style=""cursor: pointer; text-decoration: underline dotted;"">1 substrates"
"223","CAMK2D","0.2771","0.00","0.00",""" title=""Overlapping EnrichrSubstrates"" data-content=""CAMK2D targets 1 genes from the input gene list.The full list of substrates is available below:SMAD4"" style=""cursor: pointer; text-decoration: underline dotted;"">1 substrates"
"224","TEC","0.2771","0.00","0.00",""" title=""Overlapping EnrichrSubstrates"" data-content=""TEC targets 1 genes from the input gene list.The full list of substrates is available below:LYN"" style=""cursor: pointer; text-decoration: underline dotted;"">1 substrates"
"225","BCR","0.2846","0.00","0.00",""" title=""Overlapping EnrichrSubstrates"" data-content=""BCR targets 1 genes from the input gene list.The full list of substrates is available below:FES"" style=""cursor: pointer; text-decoration: underline dotted;"">1 substrates"
"226","PKN1","0.2846","0.00","0.00",""" title=""Overlapping EnrichrSubstrates"" data-content=""PKN1 targets 1 genes from the input gene list.The full list of substrates is available below:HIST1H3A"" style=""cursor: pointer; text-decoration: underline dotted;"">1 substrates"
"227","NEK6","0.2846","0.00","0.00",""" title=""Overlapping EnrichrSubstrates"" data-content=""NEK6 targets 1 genes from the input gene list.The full list of substrates is available below:STAT3"" style=""cursor: pointer; text-decoration: underline dotted;"">1 substrates"
"228","FER","0.2846","0.00","0.00",""" title=""Overlapping EnrichrSubstrates"" data-content=""FER targets 1 genes from the input gene list.The full list of substrates is available below:STAT3"" style=""cursor: pointer; text-decoration: underline dotted;"">1 substrates"
"229","PLK2","0.2921","0.00","0.00",""" title=""Overlapping EnrichrSubstrates"" data-content=""PLK2 targets 1 genes from the input gene list.The full list of substrates is available below:NPM1"" style=""cursor: pointer; text-decoration: underline dotted;"">1 substrates"
"230","YES1","0.2921","0.00","0.00",""" title=""Overlapping EnrichrSubstrates"" data-content=""YES1 targets 1 genes from the input gene list.The full list of substrates is available below:PRKCD"" style=""cursor: pointer; text-decoration: underline dotted;"">1 substrates"
"231","DAPK3","0.3068","0.00","0.00",""" title=""Overlapping EnrichrSubstrates"" data-content=""DAPK3 targets 1 genes from the input gene list.The full list of substrates is available below:CDKN1A"" style=""cursor: pointer; text-decoration: underline dotted;"">1 substrates"
"232","EPHA4","0.3068","0.00","0.00",""" title=""Overlapping EnrichrSubstrates"" data-content=""EPHA4 targets 1 genes from the input gene list.The full list of substrates is available below:LYN"" style=""cursor: pointer; text-decoration: underline dotted;"">1 substrates"
"233","PDGFRB","0.3068","0.00","0.00",""" title=""Overlapping EnrichrSubstrates"" data-content=""PDGFRB targets 1 genes from the input gene list.The full list of substrates is available below:PRKCD"" style=""cursor: pointer; text-decoration: underline dotted;"">1 substrates"
"234","PKG1CGKI","0.3212","0.00","0.00",""" title=""Overlapping EnrichrSubstrates"" data-content=""PKG1CGKI targets 1 genes from the input gene list.The full list of substrates is available below:SP1"" style=""cursor: pointer; text-decoration: underline dotted;"">1 substrates"
"235","ARAF","0.3353","0.00","0.00",""" title=""Overlapping EnrichrSubstrates"" data-content=""ARAF targets 1 genes from the input gene list.The full list of substrates is available below:PRKCD"" style=""cursor: pointer; text-decoration: underline dotted;"">1 substrates"
"236","STK11","0.3491","0.00","0.00",""" title=""Overlapping EnrichrSubstrates"" data-content=""STK11 targets 1 genes from the input gene list.The full list of substrates is available below:SMAD4"" style=""cursor: pointer; text-decoration: underline dotted;"">1 substrates"
"237","MAP2K7","0.3491","0.00","0.00",""" title=""Overlapping EnrichrSubstrates"" data-content=""MAP2K7 targets 1 genes from the input gene list.The full list of substrates is available below:MAPK8"" style=""cursor: pointer; text-decoration: underline dotted;"">1 substrates"
"238","HCK","0.3491","0.00","0.00",""" title=""Overlapping EnrichrSubstrates"" data-content=""HCK targets 1 genes from the input gene list.The full list of substrates is available below:SPI1"" style=""cursor: pointer; text-decoration: underline dotted;"">1 substrates"
"239","DYRK1A","0.3559","0.00","0.00",""" title=""Overlapping EnrichrSubstrates"" data-content=""DYRK1A targets 1 genes from the input gene list.The full list of substrates is available below:SIRT1"" style=""cursor: pointer; text-decoration: underline dotted;"">1 substrates"
"240","ABL2","0.3559","0.00","0.00",""" title=""Overlapping EnrichrSubstrates"" data-content=""ABL2 targets 1 genes from the input gene list.The full list of substrates is available below:CEBPB"" style=""cursor: pointer; text-decoration: underline dotted;"">1 substrates"
"241","EPHA2","0.3626","0.00","0.00",""" title=""Overlapping EnrichrSubstrates"" data-content=""EPHA2 targets 1 genes from the input gene list.The full list of substrates is available below:LYN"" style=""cursor: pointer; text-decoration: underline dotted;"">1 substrates"
"242","MET","0.3693","0.00","0.00",""" title=""Overlapping EnrichrSubstrates"" data-content=""MET targets 1 genes from the input gene list.The full list of substrates is available below:PARP1"" style=""cursor: pointer; text-decoration: underline dotted;"">1 substrates"
"243","EPHB2","0.3824","0.00","0.00",""" title=""Overlapping EnrichrSubstrates"" data-content=""EPHB2 targets 1 genes from the input gene list.The full list of substrates is available below:LYN"" style=""cursor: pointer; text-decoration: underline dotted;"">1 substrates"
"244","PTK2","0.3889","0.00","0.00",""" title=""Overlapping EnrichrSubstrates"" data-content=""PTK2 targets 1 genes from the input gene list.The full list of substrates is available below:SUMO1"" style=""cursor: pointer; text-decoration: underline dotted;"">1 substrates"
"245","PAK3","0.3889","0.00","0.00",""" title=""Overlapping EnrichrSubstrates"" data-content=""PAK3 targets 1 genes from the input gene list.The full list of substrates is available below:CDKN1A"" style=""cursor: pointer; text-decoration: underline dotted;"">1 substrates"
"246","PRKCG","0.3953","0.00","0.00",""" title=""Overlapping EnrichrSubstrates"" data-content=""PRKCG targets 1 genes from the input gene list.The full list of substrates is available below:HSP90AA1"" style=""cursor: pointer; text-decoration: underline dotted;"">1 substrates"
"247","NEK2","0.3953","0.00","0.00",""" title=""Overlapping EnrichrSubstrates"" data-content=""NEK2 targets 1 genes from the input gene list.The full list of substrates is available below:NPM1"" style=""cursor: pointer; text-decoration: underline dotted;"">1 substrates"
"248","KDR","0.4140","0.00","0.00",""" title=""Overlapping EnrichrSubstrates"" data-content=""KDR targets 1 genes from the input gene list.The full list of substrates is available below:FES"" style=""cursor: pointer; text-decoration: underline dotted;"">1 substrates"
"249","FGR","0.4202","0.00","0.00",""" title=""Overlapping EnrichrSubstrates"" data-content=""FGR targets 1 genes from the input gene list.The full list of substrates is available below:HSP90AA1"" style=""cursor: pointer; text-decoration: underline dotted;"">1 substrates"
"250","CK1DELTA","0.4382","0.00","0.00",""" title=""Overlapping EnrichrSubstrates"" data-content=""CK1DELTA targets 1 genes from the input gene list.The full list of substrates is available below:MDM4"" style=""cursor: pointer; text-decoration: underline dotted;"">1 substrates"
"251","IGF1R","0.4382","0.00","0.00",""" title=""Overlapping EnrichrSubstrates"" data-content=""IGF1R targets 1 genes from the input gene list.The full list of substrates is available below:FOS"" style=""cursor: pointer; text-decoration: underline dotted;"">1 substrates"
"252","CAMKIIBETA","0.4382","0.00","0.00",""" title=""Overlapping EnrichrSubstrates"" data-content=""CAMKIIBETA targets 1 genes from the input gene list.The full list of substrates is available below:FOS"" style=""cursor: pointer; text-decoration: underline dotted;"">1 substrates"
"253","ABL","0.4556","0.00","0.00",""" title=""Overlapping EnrichrSubstrates"" data-content=""ABL targets 1 genes from the input gene list.The full list of substrates is available below:MYOD1"" style=""cursor: pointer; text-decoration: underline dotted;"">1 substrates"
"254","CAMKIIALPHA","0.4726","0.00","0.00",""" title=""Overlapping EnrichrSubstrates"" data-content=""CAMKIIALPHA targets 1 genes from the input gene list.The full list of substrates is available below:CEBPB"" style=""cursor: pointer; text-decoration: underline dotted;"">1 substrates"
"255","SGK1","0.4996","0.00","0.00",""" title=""Overlapping EnrichrSubstrates"" data-content=""SGK1 targets 1 genes from the input gene list.The full list of substrates is available below:IKBKB"" style=""cursor: pointer; text-decoration: underline dotted;"">1 substrates"
"256","PRKG1","0.5049","0.00","0.00",""" title=""Overlapping EnrichrSubstrates"" data-content=""PRKG1 targets 1 genes from the input gene list.The full list of substrates is available below:CDKN1A"" style=""cursor: pointer; text-decoration: underline dotted;"">1 substrates"
"257","MAPKAPK2","0.5100","0.00","0.00",""" title=""Overlapping EnrichrSubstrates"" data-content=""MAPKAPK2 targets 1 genes from the input gene list.The full list of substrates is available below:TRIM28"" style=""cursor: pointer; text-decoration: underline dotted;"">1 substrates"
"258","ROCK1","0.5352","0.00","0.00",""" title=""Overlapping EnrichrSubstrates"" data-content=""ROCK1 targets 1 genes from the input gene list.The full list of substrates is available below:HIST1H3A"" style=""cursor: pointer; text-decoration: underline dotted;"">1 substrates"
"259","BARK1","0.5591","0.00","0.00",""" title=""Overlapping EnrichrSubstrates"" data-content=""BARK1 targets 1 genes from the input gene list.The full list of substrates is available below:PRKCD"" style=""cursor: pointer; text-decoration: underline dotted;"">1 substrates"
"260","PKC","0.5728","0.00","0.00",""" title=""Overlapping EnrichrSubstrates"" data-content=""PKC targets 1 genes from the input gene list.The full list of substrates is available below:CDKN1A"" style=""cursor: pointer; text-decoration: underline dotted;"">1 substrates"
"261","AURORAA","0.5817","0.00","0.00",""" title=""Overlapping EnrichrSubstrates"" data-content=""AURORAA targets 1 genes from the input gene list.The full list of substrates is available below:HDAC3"" style=""cursor: pointer; text-decoration: underline dotted;"">1 substrates"
"262","TTK","0.6650","0.00","0.00",""" title=""Overlapping EnrichrSubstrates"" data-content=""TTK targets 1 genes from the input gene list.The full list of substrates is available below:HSP90AA1"" style=""cursor: pointer; text-decoration: underline dotted;"">1 substrates"
"263","PRKAA1","0.6755","0.00","0.00",""" title=""Overlapping EnrichrSubstrates"" data-content=""PRKAA1 targets 1 genes from the input gene list.The full list of substrates is available below:RB1"" style=""cursor: pointer; text-decoration: underline dotted;"">1 substrates"