"Rank","Protein Kinase","Hypergeometric p-value","Z-score","Combined score","Enriched Substrates"
"1","MAPK14","1.431e-18","0.00","0.00",""" title=""Overlapping EnrichrSubstrates"" data-content=""MAPK14 targets 39 genes from the input gene list.The full list of substrates is available below:AKT1 PPARGC1A JUN EZH2 FOS POU5F1 STAT1 STAT3 SP1 NFE2L2 HSP90AA1 E2F1 SMARCA4 NCOA2 NCOA3 RELA DDX5 TCF3 VHL RB1 MYC CDKN1A NCOR2 NCOR1 CDKN2A CDH1 CHUK CEBPA CEBPB RBBP4 KLF4 ASXL1 KAT5 HIST1H3A XPO1 PARP1 SUZ12 SMAD3 ESR1"" style=""cursor: pointer; text-decoration: underline dotted;"">39 substrates"
"2","CDK1","2.399e-18","0.00","0.00",""" title=""Overlapping EnrichrSubstrates"" data-content=""CDK1 targets 49 genes from the input gene list.The full list of substrates is available below:PPARGC1A JUN EZH2 FOS SIRT1 STAT1 STAT3 NFKB1 SP1 NFE2L2 HSP90AA1 UHRF1 E2F1 TRIM28 SMARCA4 SNW1 NCOA2 NCOA6 NCOA3 RELA DDX5 TCF3 WHSC1 MYOD1 TDG VHL RB1 MYC MED1 CDKN1A NCOR2 NCOR1 CDKN2A CDH1 CHUK CEBPA CEBPB HDAC2 RBBP4 KLF4 PML ASXL1 SOX2 KAT5 SETDB1 XPO1 SUZ12 SMAD3 ESR1"" style=""cursor: pointer; text-decoration: underline dotted;"">49 substrates"
"3","CSNK2A1","1.813e-17","0.00","0.00",""" title=""Overlapping EnrichrSubstrates"" data-content=""CSNK2A1 targets 46 genes from the input gene list.The full list of substrates is available below:AKT1 PPARGC1A JUN EZH2 FOS SIRT1 POU5F1 PPARG STAT1 STAT3 SUMO1 HSP90AA1 UHRF1 E2F1 TRIM28 SMARCA4 NCOA2 NCOA3 RELA VDR TCF3 TDG VHL RB1 PHB2 MYC MED1 CDKN1A NCOR2 NCOR1 CDKN2A PPP1CC CDH1 CUL3 CHUK CEBPB HDAC2 HDAC3 RBBP4 KLF4 PML SOX2 XPO1 SUZ12 SMAD3 ESR1"" style=""cursor: pointer; text-decoration: underline dotted;"">46 substrates"
"4","MAPK1","5.017e-16","0.00","0.00",""" title=""Overlapping EnrichrSubstrates"" data-content=""MAPK1 targets 32 genes from the input gene list.The full list of substrates is available below:RB1 MYC AKT1 MED1 JUN EZH2 CDKN1A FOS POU5F1 NCOR2 PPARG CDKN2A STAT1 STAT3 CDH1 SP1 CHUK CEBPA CEBPB KLF4 PML HIST1H3A NCOA1 NCOA2 PARP1 NCOA6 RELA RXRA SMAD2 SMAD3 ESR1 TCF3"" style=""cursor: pointer; text-decoration: underline dotted;"">32 substrates"
"5","MAPK3","6.929e-15","0.00","0.00",""" title=""Overlapping EnrichrSubstrates"" data-content=""MAPK3 targets 24 genes from the input gene list.The full list of substrates is available below:MYC AKT1 MED1 JUN CDKN1A MED14 NCOA1 NCOA2 FOS POU5F1 PPARG RXRA STAT1 STAT3 CDH1 SMAD2 SMAD3 ESR1 SP1 CHUK CEBPA CEBPB KLF4 PML"" style=""cursor: pointer; text-decoration: underline dotted;"">24 substrates"
"6","ERK2","5.230e-14","0.00","0.00",""" title=""Overlapping EnrichrSubstrates"" data-content=""ERK2 targets 18 genes from the input gene list.The full list of substrates is available below:RB1 MYC SMAD2 JUN SMAD3 ESR1 NFKB1 SP1 TCF3 NCOA1 NCOA3 FOS NCOR2 PPARG CEBPB RELA STAT1 STAT3"" style=""cursor: pointer; text-decoration: underline dotted;"">18 substrates"
"7","CDK4","1.072e-13","0.00","0.00",""" title=""Overlapping EnrichrSubstrates"" data-content=""CDK4 targets 17 genes from the input gene list.The full list of substrates is available below:RB1 MYC SMAD2 JUN SMAD3 ESR1 SP1 TCF3 CDKN1A SUMO1 HSP90AA1 PARP1 MYOD1 CEBPA CEBPB CDKN2A STAT3"" style=""cursor: pointer; text-decoration: underline dotted;"">17 substrates"
"8","ABL1","1.699e-13","0.00","0.00",""" title=""Overlapping EnrichrSubstrates"" data-content=""ABL1 targets 18 genes from the input gene list.The full list of substrates is available below:RB1 KAT5 MYC TP63 PRKCD ACTN4 DDX5 JUN ESR1 SNW1 CDKN1A NCOA3 FOS MYOD1 CEBPB HDAC2 STAT1 STAT3"" style=""cursor: pointer; text-decoration: underline dotted;"">18 substrates"
"9","CDK2","3.901e-13","0.00","0.00",""" title=""Overlapping EnrichrSubstrates"" data-content=""CDK2 targets 51 genes from the input gene list.The full list of substrates is available below:JUN MED14 FOS SP1 UHRF1 E2F1 TRIM28 TP63 SMARCA4 TCF3 WHSC1 MYOD1 RNF4 TDG PHB2 CDKN1A NCOR2 CDKN2A CEBPB HDAC2 PML ASXL1 KAT5 SETDB1 XPO1 PARP1 EZH2 POU5F1 STAT1 STAT3 PSMC5 ZBTB16 NFE2L2 SUMO1 HSP90AA1 SNW1 NCOA2 NCOA6 NCOA3 VHL RB1 MYC MED1 CDH1 CHUK RBBP4 SOX2 SUZ12 SMAD2 SMAD3 ESR1"" style=""cursor: pointer; text-decoration: underline dotted;"">51 substrates"
"10","DNAPK","8.045e-13","0.00","0.00",""" title=""Overlapping EnrichrSubstrates"" data-content=""DNAPK targets 15 genes from the input gene list.The full list of substrates is available below:SOX2 KAT5 TRIM28 AKT1 PRKCD SMAD2 JUN ESR1 SP1 TCF3 HSP90AA1 CHUK PARP1 NCOA6 RELA"" style=""cursor: pointer; text-decoration: underline dotted;"">15 substrates"
"11","AKT1","1.124e-12","0.00","0.00",""" title=""Overlapping EnrichrSubstrates"" data-content=""AKT1 targets 22 genes from the input gene list.The full list of substrates is available below:SOX2 MYC AKT1 ACTN4 HIST1H3A PPARGC1A JUN EZH2 CDKN1A FOS POU5F1 NCOR1 CDKN2A STAT1 STAT3 FOXO4 SMAD3 ESR1 SP1 TCF3 KDM5A CHUK"" style=""cursor: pointer; text-decoration: underline dotted;"">22 substrates"
"12","GSK3B","2.360e-12","0.00","0.00",""" title=""Overlapping EnrichrSubstrates"" data-content=""GSK3B targets 46 genes from the input gene list.The full list of substrates is available below:JUN FOS PPARG SP1 UHRF1 E2F1 TRIM24 TP63 SMARCA4 RELA TCF3 WHSC1 CDKN1A NCOR2 NCOR1 CDKN2A CEBPA CEBPB PML ASXL1 KAT5 SETDB1 KDM5A EZH2 SIRT1 POU5F1 STAT1 STAT3 NFKB1 NFE2L2 SNW1 NCOA2 NCOA3 VHL RB1 MYC MED1 CDH1 CHUK RBBP4 KLF4 SOX2 SUZ12 SMAD2 SMAD3 ESR1"" style=""cursor: pointer; text-decoration: underline dotted;"">46 substrates"
"13","ERK1","1.651e-11","0.00","0.00",""" title=""Overlapping EnrichrSubstrates"" data-content=""ERK1 targets 16 genes from the input gene list.The full list of substrates is available below:KAT5 MYC PRKCD SMAD2 JUN SMAD3 ESR1 NFKB1 SP1 TCF3 FOS NCOR2 CEBPB RELA STAT1 STAT3"" style=""cursor: pointer; text-decoration: underline dotted;"">16 substrates"
"14","HIPK2","2.015e-11","0.00","0.00",""" title=""Overlapping EnrichrSubstrates"" data-content=""HIPK2 targets 15 genes from the input gene list.The full list of substrates is available below:TRIM28 MYC TP63 SMAD2 SMAD3 NFKB1 SUMO1 CHUK PARP1 SIRT1 NCOR1 CEBPB RELA PML ASXL1"" style=""cursor: pointer; text-decoration: underline dotted;"">15 substrates"
"15","MAPK8","2.753e-11","0.00","0.00",""" title=""Overlapping EnrichrSubstrates"" data-content=""MAPK8 targets 18 genes from the input gene list.The full list of substrates is available below:SOX2 MYC JUN CDKN1A NCOA3 FOS SIRT1 PPARG RXRA SUZ12 CDKN2A STAT1 STAT3 CDH1 FOXO4 SP1 NFE2L2 KLF4"" style=""cursor: pointer; text-decoration: underline dotted;"">18 substrates"
"16","JNK1","2.045e-10","0.00","0.00",""" title=""Overlapping EnrichrSubstrates"" data-content=""JNK1 targets 12 genes from the input gene list.The full list of substrates is available below:CDKN1A MYC FOS SIRT1 RELA E2F1 SMAD2 JUN SMAD3 STAT3 NFKB1 SP1"" style=""cursor: pointer; text-decoration: underline dotted;"">12 substrates"
"17","PKBALPHA","7.655e-10","0.00","0.00",""" title=""Overlapping EnrichrSubstrates"" data-content=""PKBALPHA targets 16 genes from the input gene list.The full list of substrates is available below:MYC AKT1 PPARGC1A EZH2 CDKN1A NCOR2 RELA GRIP1 FOXO4 SMAD2 SMAD3 ESR1 NFKB1 HSP90AA1 CHUK MYOD1"" style=""cursor: pointer; text-decoration: underline dotted;"">16 substrates"
"18","CK2ALPHA","3.251e-9","0.00","0.00",""" title=""Overlapping EnrichrSubstrates"" data-content=""CK2ALPHA targets 16 genes from the input gene list.The full list of substrates is available below:RB1 MYC AKT1 JUN SMARCA4 NCOR2 RELA CDH1 VDR SP1 SUMO1 HSP90AA1 HDAC2 HDAC3 RBBP4 PML"" style=""cursor: pointer; text-decoration: underline dotted;"">16 substrates"
"19","GSK3BETA","4.801e-9","0.00","0.00",""" title=""Overlapping EnrichrSubstrates"" data-content=""GSK3BETA targets 13 genes from the input gene list.The full list of substrates is available below:PPP1CC CDH1 MYC AKT1 PPARGC1A JUN SMAD3 ESR1 NFKB1 PARP1 CEBPB E2F1 STAT3"" style=""cursor: pointer; text-decoration: underline dotted;"">13 substrates"
"20","CDC2","3.477e-8","0.00","0.00",""" title=""Overlapping EnrichrSubstrates"" data-content=""CDC2 targets 16 genes from the input gene list.The full list of substrates is available below:RB1 KAT5 TRIM28 MYC JUN EZH2 CDKN1A XPO1 PARP1 FOS NCOR1 RELA STAT3 ZBTB16 MYOD1 E2F1"" style=""cursor: pointer; text-decoration: underline dotted;"">16 substrates"
"21","RPS6KA3","2.620e-7","0.00","0.00",""" title=""Overlapping EnrichrSubstrates"" data-content=""RPS6KA3 targets 15 genes from the input gene list.The full list of substrates is available below:MYC HIST1H3A JUN CDKN1A FOS POU5F1 NCOR2 KAT2B CDKN2A STAT1 STAT3 CDH1 SMAD3 ESR1 CHUK"" style=""cursor: pointer; text-decoration: underline dotted;"">15 substrates"
"22","IKKALPHA","3.328e-7","0.00","0.00",""" title=""Overlapping EnrichrSubstrates"" data-content=""IKKALPHA targets 6 genes from the input gene list.The full list of substrates is available below:HSP90AA1 CHUK NFKB1 RELA NCOR2 AKT1"" style=""cursor: pointer; text-decoration: underline dotted;"">6 substrates"
"23","PRKCD","3.470e-7","0.00","0.00",""" title=""Overlapping EnrichrSubstrates"" data-content=""PRKCD targets 11 genes from the input gene list.The full list of substrates is available below:TRIM28 CDH1 PRKCD HIST1H3A JUN NFE2L2 CDKN1A FOS HDAC5 STAT1 STAT3"" style=""cursor: pointer; text-decoration: underline dotted;"">11 substrates"
"24","CSNK1E","3.664e-7","0.00","0.00",""" title=""Overlapping EnrichrSubstrates"" data-content=""CSNK1E targets 8 genes from the input gene list.The full list of substrates is available below:CDH1 MYC NCOA3 POU5F1 CDKN2A STAT1 ESR1 SMARCA4"" style=""cursor: pointer; text-decoration: underline dotted;"">8 substrates"
"25","EGFR","6.704e-7","0.00","0.00",""" title=""Overlapping EnrichrSubstrates"" data-content=""EGFR targets 12 genes from the input gene list.The full list of substrates is available below:CDH1 PRKCD ACTN4 HIST1H3A JUN ESR1 CDKN1A HSP90AA1 FOS PPARG STAT1 STAT3"" style=""cursor: pointer; text-decoration: underline dotted;"">12 substrates"
"26","GSK","9.053e-7","0.00","0.00",""" title=""Overlapping EnrichrSubstrates"" data-content=""GSK targets 6 genes from the input gene list.The full list of substrates is available below:CDKN1A CEBPB RELA MYC ESR1 NFKB1"" style=""cursor: pointer; text-decoration: underline dotted;"">6 substrates"
"27","PKBBETA","9.488e-7","0.00","0.00",""" title=""Overlapping EnrichrSubstrates"" data-content=""PKBBETA targets 7 genes from the input gene list.The full list of substrates is available below:CDKN1A FOXO4 RELA AKT1 CHUK ESR1 NFKB1"" style=""cursor: pointer; text-decoration: underline dotted;"">7 substrates"
"28","SRC","0.000001158","0.00","0.00",""" title=""Overlapping EnrichrSubstrates"" data-content=""SRC targets 18 genes from the input gene list.The full list of substrates is available below:RB1 MYC AKT1 PRKCD JUN CDKN1A FOS POU5F1 PPARG WWOX STAT1 STAT3 CDH1 NFKB1 CEBPB KLF4 SMAD3 ESR1"" style=""cursor: pointer; text-decoration: underline dotted;"">18 substrates"
"29","TGFBR2","0.000001162","0.00","0.00",""" title=""Overlapping EnrichrSubstrates"" data-content=""TGFBR2 targets 8 genes from the input gene list.The full list of substrates is available below:CDH1 MYC HSP90AA1 SMAD2 SMAD3 NFKB1 PML SP1"" style=""cursor: pointer; text-decoration: underline dotted;"">8 substrates"
"30","ATM","0.000001436","0.00","0.00",""" title=""Overlapping EnrichrSubstrates"" data-content=""ATM targets 13 genes from the input gene list.The full list of substrates is available below:RB1 SOX2 KAT5 TRIM28 TP63 MED1 SMARCA4 EZH2 PARP1 SP1 HSP90AA1 E2F1 VHL"" style=""cursor: pointer; text-decoration: underline dotted;"">13 substrates"
"31","JNK2","0.000001528","0.00","0.00",""" title=""Overlapping EnrichrSubstrates"" data-content=""JNK2 targets 6 genes from the input gene list.The full list of substrates is available below:RB1 RELA MYC SMAD2 JUN FOS"" style=""cursor: pointer; text-decoration: underline dotted;"">6 substrates"
"32","GSK3ALPHA","0.000001560","0.00","0.00",""" title=""Overlapping EnrichrSubstrates"" data-content=""GSK3ALPHA targets 7 genes from the input gene list.The full list of substrates is available below:CDH1 MYC AKT1 PARP1 JUN ESR1 NFKB1"" style=""cursor: pointer; text-decoration: underline dotted;"">7 substrates"
"33","PRKACA","0.000002781","0.00","0.00",""" title=""Overlapping EnrichrSubstrates"" data-content=""PRKACA targets 27 genes from the input gene list.The full list of substrates is available below:PPARGC1A JUN FOS POU5F1 STAT3 PSMC5 ZBTB16 NFKB1 HSP90AA1 UHRF1 NCOA3 RELA RXRA VDR RB1 MYC CDKN1A NCOR2 NCOR1 CDKN2A CDH1 HDAC5 CEBPB HDAC7 KLF4 SMAD3 ESR1"" style=""cursor: pointer; text-decoration: underline dotted;"">27 substrates"
"34","CHUK","0.000003387","0.00","0.00",""" title=""Overlapping EnrichrSubstrates"" data-content=""CHUK targets 8 genes from the input gene list.The full list of substrates is available below:MYC BTRC NCOA3 NCOR2 NCOR1 RELA ESR1 NFKB1"" style=""cursor: pointer; text-decoration: underline dotted;"">8 substrates"
"35","MAPK11","0.000005375","0.00","0.00",""" title=""Overlapping EnrichrSubstrates"" data-content=""MAPK11 targets 9 genes from the input gene list.The full list of substrates is available below:PPARGC1A JUN ESR1 NFKB1 FOS CEBPB E2F1 STAT1 PML"" style=""cursor: pointer; text-decoration: underline dotted;"">9 substrates"
"36","CK2","0.000008209","0.00","0.00",""" title=""Overlapping EnrichrSubstrates"" data-content=""CK2 targets 7 genes from the input gene list.The full list of substrates is available below:CDH1 AKT1 HSP90AA1 HDAC2 RELA JUN VDR"" style=""cursor: pointer; text-decoration: underline dotted;"">7 substrates"
"37","RAF1","0.000009860","0.00","0.00",""" title=""Overlapping EnrichrSubstrates"" data-content=""RAF1 targets 9 genes from the input gene list.The full list of substrates is available below:RB1 MYC AKT1 PRKCD ESR1 NFKB1 HSP90AA1 PARP1 FOS"" style=""cursor: pointer; text-decoration: underline dotted;"">9 substrates"
"38","PRKCA","0.00001094","0.00","0.00",""" title=""Overlapping EnrichrSubstrates"" data-content=""PRKCA targets 24 genes from the input gene list.The full list of substrates is available below:AKT1 JUN FOS POU5F1 STAT1 STAT3 NFKB1 NFE2L2 RELA VDR TDG RB1 MYC CDKN1A NCOR2 NCOR1 CDKN2A AHR CDH1 CEBPB KLF4 HIST1H3A SMAD3 ESR1"" style=""cursor: pointer; text-decoration: underline dotted;"">24 substrates"
"39","IKKBETA","0.00001187","0.00","0.00",""" title=""Overlapping EnrichrSubstrates"" data-content=""IKKBETA targets 6 genes from the input gene list.The full list of substrates is available below:RELA AKT1 CHUK STAT3 FOS NFKB1"" style=""cursor: pointer; text-decoration: underline dotted;"">6 substrates"
"40","CHEK1","0.00001513","0.00","0.00",""" title=""Overlapping EnrichrSubstrates"" data-content=""CHEK1 targets 11 genes from the input gene list.The full list of substrates is available below:RB1 SOX2 TRIM28 MYC MED1 HIST1H3A EZH2 CDKN1A FOS NFKB1 E2F1"" style=""cursor: pointer; text-decoration: underline dotted;"">11 substrates"
"41","CHEK2","0.00001651","0.00","0.00",""" title=""Overlapping EnrichrSubstrates"" data-content=""CHEK2 targets 6 genes from the input gene list.The full list of substrates is available below:RB1 TRIM28 E2F1 VHL CDK11B PML"" style=""cursor: pointer; text-decoration: underline dotted;"">6 substrates"
"42","CDK8","0.00001703","0.00","0.00",""" title=""Overlapping EnrichrSubstrates"" data-content=""CDK8 targets 5 genes from the input gene list.The full list of substrates is available below:HIST1H3A E2F1 SMAD3 STAT1 STAT3"" style=""cursor: pointer; text-decoration: underline dotted;"">5 substrates"
"43","ERBB2","0.00002158","0.00","0.00",""" title=""Overlapping EnrichrSubstrates"" data-content=""ERBB2 targets 8 genes from the input gene list.The full list of substrates is available below:CDH1 ACTN4 ESR1 HSP90AA1 NCOA3 NCOR1 STAT1 STAT3"" style=""cursor: pointer; text-decoration: underline dotted;"">8 substrates"
"44","PIM1","0.00002485","0.00","0.00",""" title=""Overlapping EnrichrSubstrates"" data-content=""PIM1 targets 6 genes from the input gene list.The full list of substrates is available below:CDKN1A MYC POU5F1 UHRF1 RELA HIST1H3A"" style=""cursor: pointer; text-decoration: underline dotted;"">6 substrates"
"45","CDK3","0.00002643","0.00","0.00",""" title=""Overlapping EnrichrSubstrates"" data-content=""CDK3 targets 5 genes from the input gene list.The full list of substrates is available below:RB1 CDKN1A E2F1 JUN ESR1"" style=""cursor: pointer; text-decoration: underline dotted;"">5 substrates"
"46","MAPK9","0.00004556","0.00","0.00",""" title=""Overlapping EnrichrSubstrates"" data-content=""MAPK9 targets 7 genes from the input gene list.The full list of substrates is available below:CDKN1A MYC FOS FOXO4 RXRA JUN STAT3"" style=""cursor: pointer; text-decoration: underline dotted;"">7 substrates"
"47","AKT2","0.00004739","0.00","0.00",""" title=""Overlapping EnrichrSubstrates"" data-content=""AKT2 targets 6 genes from the input gene list.The full list of substrates is available below:CHUK ACTN4 FOXO4 HIST1H3A PPARGC1A ESR1"" style=""cursor: pointer; text-decoration: underline dotted;"">6 substrates"
"48","IKK","0.00005245","0.00","0.00",""" title=""Overlapping EnrichrSubstrates"" data-content=""IKK targets 3 genes from the input gene list.The full list of substrates is available below:NCOR2 NFKB1 RELA"" style=""cursor: pointer; text-decoration: underline dotted;"">3 substrates"
"49","PKR","0.00009864","0.00","0.00",""" title=""Overlapping EnrichrSubstrates"" data-content=""PKR targets 5 genes from the input gene list.The full list of substrates is available below:HSP90AA1 CHUK STAT1 STAT3 NFKB1"" style=""cursor: pointer; text-decoration: underline dotted;"">5 substrates"
"50","CSNK2A2","0.0001091","0.00","0.00",""" title=""Overlapping EnrichrSubstrates"" data-content=""CSNK2A2 targets 8 genes from the input gene list.The full list of substrates is available below:SOX2 CDH1 MYC JUN CDKN1A FOS POU5F1 STAT1"" style=""cursor: pointer; text-decoration: underline dotted;"">8 substrates"
"51","PRKDC","0.0001602","0.00","0.00",""" title=""Overlapping EnrichrSubstrates"" data-content=""PRKDC targets 7 genes from the input gene list.The full list of substrates is available below:MYC AKT1 MED1 NFKB1 CDKN1A HSP90AA1 RELA"" style=""cursor: pointer; text-decoration: underline dotted;"">7 substrates"
"52","IKBKE","0.0002092","0.00","0.00",""" title=""Overlapping EnrichrSubstrates"" data-content=""IKBKE targets 6 genes from the input gene list.The full list of substrates is available below:AKT1 BTRC RELA STAT1 ESR1 NFKB1"" style=""cursor: pointer; text-decoration: underline dotted;"">6 substrates"
"53","PKBGAMMA","0.0002724","0.00","0.00",""" title=""Overlapping EnrichrSubstrates"" data-content=""PKBGAMMA targets 4 genes from the input gene list.The full list of substrates is available below:CDKN1A RELA CHUK NFKB1"" style=""cursor: pointer; text-decoration: underline dotted;"">4 substrates"
"54","MAPK10","0.0003172","0.00","0.00",""" title=""Overlapping EnrichrSubstrates"" data-content=""MAPK10 targets 5 genes from the input gene list.The full list of substrates is available below:CDKN1A MYC FOS JUN CDKN2A"" style=""cursor: pointer; text-decoration: underline dotted;"">5 substrates"
"55","IKBKB","0.0003600","0.00","0.00",""" title=""Overlapping EnrichrSubstrates"" data-content=""IKBKB targets 6 genes from the input gene list.The full list of substrates is available below:TP63 PARP1 FOS RELA CDKN2A NFKB1"" style=""cursor: pointer; text-decoration: underline dotted;"">6 substrates"
"56","PKD1","0.0004953","0.00","0.00",""" title=""Overlapping EnrichrSubstrates"" data-content=""PKD1 targets 5 genes from the input gene list.The full list of substrates is available below:XPO1 HDAC5 HDAC7 JUN NFKB1"" style=""cursor: pointer; text-decoration: underline dotted;"">5 substrates"
"57","CK2A2","0.0005311","0.00","0.00",""" title=""Overlapping EnrichrSubstrates"" data-content=""CK2A2 targets 5 genes from the input gene list.The full list of substrates is available below:MYC HSP90AA1 HDAC2 RELA JUN"" style=""cursor: pointer; text-decoration: underline dotted;"">5 substrates"
"58","CDK9","0.0005342","0.00","0.00",""" title=""Overlapping EnrichrSubstrates"" data-content=""CDK9 targets 4 genes from the input gene list.The full list of substrates is available below:RB1 NCOA2 SMAD3 PPARG"" style=""cursor: pointer; text-decoration: underline dotted;"">4 substrates"
"59","MAP3K7","0.0005851","0.00","0.00",""" title=""Overlapping EnrichrSubstrates"" data-content=""MAP3K7 targets 6 genes from the input gene list.The full list of substrates is available below:DDX5 SMAD3 HSP90AA1 HDAC5 HDAC7 E2F1"" style=""cursor: pointer; text-decoration: underline dotted;"">6 substrates"
"60","ACTR2B","0.0005966","0.00","0.00",""" title=""Overlapping EnrichrSubstrates"" data-content=""ACTR2B targets 3 genes from the input gene list.The full list of substrates is available below:SMAD2 SMAD3 NCOA3"" style=""cursor: pointer; text-decoration: underline dotted;"">3 substrates"
"61","ALK","0.0007163","0.00","0.00",""" title=""Overlapping EnrichrSubstrates"" data-content=""ALK targets 4 genes from the input gene list.The full list of substrates is available below:RELA HSP90AA1 NCOA6 STAT3"" style=""cursor: pointer; text-decoration: underline dotted;"">4 substrates"
"62","MAP2K1","0.001005","0.00","0.00",""" title=""Overlapping EnrichrSubstrates"" data-content=""MAP2K1 targets 5 genes from the input gene list.The full list of substrates is available below:MYC FOS MYOD1 PPARG STAT3"" style=""cursor: pointer; text-decoration: underline dotted;"">5 substrates"
"63","RPS6KA5","0.001022","0.00","0.00",""" title=""Overlapping EnrichrSubstrates"" data-content=""RPS6KA5 targets 4 genes from the input gene list.The full list of substrates is available below:RELA HIST1H3A TRIM28 STAT3"" style=""cursor: pointer; text-decoration: underline dotted;"">4 substrates"
"64","PKCIOTA","0.001305","0.00","0.00",""" title=""Overlapping EnrichrSubstrates"" data-content=""PKCIOTA targets 4 genes from the input gene list.The full list of substrates is available below:RELA HSP90AA1 CHUK NFKB1"" style=""cursor: pointer; text-decoration: underline dotted;"">4 substrates"
"65","PRKCB","0.001339","0.00","0.00",""" title=""Overlapping EnrichrSubstrates"" data-content=""PRKCB targets 8 genes from the input gene list.The full list of substrates is available below:AKT1 HIST1H3A JUN CDKN1A STAT3 CDH1 ESR1 ASXL1"" style=""cursor: pointer; text-decoration: underline dotted;"">8 substrates"
"66","TBK1","0.001487","0.00","0.00",""" title=""Overlapping EnrichrSubstrates"" data-content=""TBK1 targets 5 genes from the input gene list.The full list of substrates is available below:AKT1 RELA E2F1 STAT3 ESR1"" style=""cursor: pointer; text-decoration: underline dotted;"">5 substrates"
"67","PRKCZ","0.001829","0.00","0.00",""" title=""Overlapping EnrichrSubstrates"" data-content=""PRKCZ targets 5 genes from the input gene list.The full list of substrates is available below:AKT1 NCOA3 RELA STAT3 SP1"" style=""cursor: pointer; text-decoration: underline dotted;"">5 substrates"
"68","GSK3A","0.002027","0.00","0.00",""" title=""Overlapping EnrichrSubstrates"" data-content=""GSK3A targets 4 genes from the input gene list.The full list of substrates is available below:MYC AKT1 CEBPA CEBPB"" style=""cursor: pointer; text-decoration: underline dotted;"">4 substrates"
"69","CK1ALPHA","0.002121","0.00","0.00",""" title=""Overlapping EnrichrSubstrates"" data-content=""CK1ALPHA targets 5 genes from the input gene list.The full list of substrates is available below:RB1 CDH1 FOS JUN NFKB1"" style=""cursor: pointer; text-decoration: underline dotted;"">5 substrates"
"70","JAK2","0.002319","0.00","0.00",""" title=""Overlapping EnrichrSubstrates"" data-content=""JAK2 targets 4 genes from the input gene list.The full list of substrates is available below:HIST1H3A STAT1 STAT3 EZH2"" style=""cursor: pointer; text-decoration: underline dotted;"">4 substrates"
"71","RPS6KA4","0.002388","0.00","0.00",""" title=""Overlapping EnrichrSubstrates"" data-content=""RPS6KA4 targets 3 genes from the input gene list.The full list of substrates is available below:RELA HIST1H3A ACTN4"" style=""cursor: pointer; text-decoration: underline dotted;"">3 substrates"
"72","PIM2","0.002655","0.00","0.00",""" title=""Overlapping EnrichrSubstrates"" data-content=""PIM2 targets 3 genes from the input gene list.The full list of substrates is available below:CDKN1A MYC POU5F1"" style=""cursor: pointer; text-decoration: underline dotted;"">3 substrates"
"73","MOK","0.002940","0.00","0.00",""" title=""Overlapping EnrichrSubstrates"" data-content=""MOK targets 3 genes from the input gene list.The full list of substrates is available below:MYC JUN NFKB1"" style=""cursor: pointer; text-decoration: underline dotted;"">3 substrates"
"74","CDK5","0.003206","0.00","0.00",""" title=""Overlapping EnrichrSubstrates"" data-content=""CDK5 targets 7 genes from the input gene list.The full list of substrates is available below:RB1 MYC NFE2L2 CDKN1A PPARG HDAC5 STAT3"" style=""cursor: pointer; text-decoration: underline dotted;"">7 substrates"
"75","TGFBR1","0.003776","0.00","0.00",""" title=""Overlapping EnrichrSubstrates"" data-content=""TGFBR1 targets 4 genes from the input gene list.The full list of substrates is available below:TP63 SMAD2 WWOX STAT1"" style=""cursor: pointer; text-decoration: underline dotted;"">4 substrates"
"76","CDK6","0.003906","0.00","0.00",""" title=""Overlapping EnrichrSubstrates"" data-content=""CDK6 targets 3 genes from the input gene list.The full list of substrates is available below:RB1 CEBPA CDKN1A"" style=""cursor: pointer; text-decoration: underline dotted;"">3 substrates"
"77","CAMK4","0.003906","0.00","0.00",""" title=""Overlapping EnrichrSubstrates"" data-content=""CAMK4 targets 3 genes from the input gene list.The full list of substrates is available below:HDAC5 PHB2 RELA"" style=""cursor: pointer; text-decoration: underline dotted;"">3 substrates"
"78","DNA","0.004241","0.00","0.00",""" title=""Overlapping EnrichrSubstrates"" data-content=""DNA targets 2 genes from the input gene list.The full list of substrates is available below:HSP90AA1 JUN"" style=""cursor: pointer; text-decoration: underline dotted;"">2 substrates"
"79","PRKACB","0.004266","0.00","0.00",""" title=""Overlapping EnrichrSubstrates"" data-content=""PRKACB targets 3 genes from the input gene list.The full list of substrates is available below:CDKN1A STAT1 FOS"" style=""cursor: pointer; text-decoration: underline dotted;"">3 substrates"
"80","PRKAA1","0.005005","0.00","0.00",""" title=""Overlapping EnrichrSubstrates"" data-content=""PRKAA1 targets 5 genes from the input gene list.The full list of substrates is available below:RB1 MED1 ACTN4 NFE2L2 HDAC5"" style=""cursor: pointer; text-decoration: underline dotted;"">5 substrates"
"81","RPS6KB1","0.005756","0.00","0.00",""" title=""Overlapping EnrichrSubstrates"" data-content=""RPS6KB1 targets 4 genes from the input gene list.The full list of substrates is available below:TP63 PPARGC1A CDKN2A ESR1"" style=""cursor: pointer; text-decoration: underline dotted;"">4 substrates"
"82","MTOR","0.006246","0.00","0.00",""" title=""Overlapping EnrichrSubstrates"" data-content=""MTOR targets 5 genes from the input gene list.The full list of substrates is available below:MYC AKT1 JUN ESR1 STAT3"" style=""cursor: pointer; text-decoration: underline dotted;"">5 substrates"
"83","PDHK1","0.006342","0.00","0.00",""" title=""Overlapping EnrichrSubstrates"" data-content=""PDHK1 targets 4 genes from the input gene list.The full list of substrates is available below:AKT1 HSP90AA1 CHUK PRKCD"" style=""cursor: pointer; text-decoration: underline dotted;"">4 substrates"
"84","PRKD1","0.007292","0.00","0.00",""" title=""Overlapping EnrichrSubstrates"" data-content=""PRKD1 targets 4 genes from the input gene list.The full list of substrates is available below:AKT1 HDAC5 HDAC7 JUN"" style=""cursor: pointer; text-decoration: underline dotted;"">4 substrates"
"85","PAK2","0.008332","0.00","0.00",""" title=""Overlapping EnrichrSubstrates"" data-content=""PAK2 targets 4 genes from the input gene list.The full list of substrates is available below:MYC HDAC5 SMAD2 JUN"" style=""cursor: pointer; text-decoration: underline dotted;"">4 substrates"
"86","BRD2","0.008356","0.00","0.00",""" title=""Overlapping EnrichrSubstrates"" data-content=""BRD2 targets 2 genes from the input gene list.The full list of substrates is available below:KDM5A RB1"" style=""cursor: pointer; text-decoration: underline dotted;"">2 substrates"
"87","DYRK2","0.008415","0.00","0.00",""" title=""Overlapping EnrichrSubstrates"" data-content=""DYRK2 targets 3 genes from the input gene list.The full list of substrates is available below:MYC JUN STAT3"" style=""cursor: pointer; text-decoration: underline dotted;"">3 substrates"
"88","PRKAA2","0.008981","0.00","0.00",""" title=""Overlapping EnrichrSubstrates"" data-content=""PRKAA2 targets 3 genes from the input gene list.The full list of substrates is available below:HDAC5 PPARGC1A PARP1"" style=""cursor: pointer; text-decoration: underline dotted;"">3 substrates"
"89","CAMK2A","0.009649","0.00","0.00",""" title=""Overlapping EnrichrSubstrates"" data-content=""CAMK2A targets 5 genes from the input gene list.The full list of substrates is available below:MYC SMAD2 CDKN1A NCOR2 HDAC5"" style=""cursor: pointer; text-decoration: underline dotted;"">5 substrates"
"90","RPS6KA1","0.009864","0.00","0.00",""" title=""Overlapping EnrichrSubstrates"" data-content=""RPS6KA1 targets 4 genes from the input gene list.The full list of substrates is available below:FOS CEBPB JUN ESR1"" style=""cursor: pointer; text-decoration: underline dotted;"">4 substrates"
"91","CSNK1A1","0.01027","0.00","0.00",""" title=""Overlapping EnrichrSubstrates"" data-content=""CSNK1A1 targets 4 genes from the input gene list.The full list of substrates is available below:CDKN1A CDH1 RELA VHL"" style=""cursor: pointer; text-decoration: underline dotted;"">4 substrates"
"92","PKCEPSILON","0.01027","0.00","0.00",""" title=""Overlapping EnrichrSubstrates"" data-content=""PKCEPSILON targets 4 genes from the input gene list.The full list of substrates is available below:HSP90AA1 PRKCD NFKB1 SP1"" style=""cursor: pointer; text-decoration: underline dotted;"">4 substrates"
"93","AURORAA","0.01069","0.00","0.00",""" title=""Overlapping EnrichrSubstrates"" data-content=""AURORAA targets 4 genes from the input gene list.The full list of substrates is available below:AKT1 NCOA3 NCOR1 HDAC3"" style=""cursor: pointer; text-decoration: underline dotted;"">4 substrates"
"94","MET","0.01081","0.00","0.00",""" title=""Overlapping EnrichrSubstrates"" data-content=""MET targets 3 genes from the input gene list.The full list of substrates is available below:CDH1 PARP1 ACTN4"" style=""cursor: pointer; text-decoration: underline dotted;"">3 substrates"
"95","AURKA","0.01113","0.00","0.00",""" title=""Overlapping EnrichrSubstrates"" data-content=""AURKA targets 4 genes from the input gene list.The full list of substrates is available below:CDKN1A HIST1H3A VHL ESR1"" style=""cursor: pointer; text-decoration: underline dotted;"">4 substrates"
"96","PKCALPHA","0.01158","0.00","0.00",""" title=""Overlapping EnrichrSubstrates"" data-content=""PKCALPHA targets 5 genes from the input gene list.The full list of substrates is available below:MYC PRKCD DDX5 NFKB1 MYOD1"" style=""cursor: pointer; text-decoration: underline dotted;"">5 substrates"
"97","PRKD2","0.01215","0.00","0.00",""" title=""Overlapping EnrichrSubstrates"" data-content=""PRKD2 targets 3 genes from the input gene list.The full list of substrates is available below:HDAC5 GRIP1 RXRA"" style=""cursor: pointer; text-decoration: underline dotted;"">3 substrates"
"98","CSNK1D","0.01215","0.00","0.00",""" title=""Overlapping EnrichrSubstrates"" data-content=""CSNK1D targets 3 genes from the input gene list.The full list of substrates is available below:UHRF1 CDH1 NCOA3"" style=""cursor: pointer; text-decoration: underline dotted;"">3 substrates"
"99","CDC42BPG","0.01520","0.00","0.00",""" title=""Overlapping EnrichrSubstrates"" data-content=""CDC42BPG targets 2 genes from the input gene list.The full list of substrates is available below:ACTN4 CDH1"" style=""cursor: pointer; text-decoration: underline dotted;"">2 substrates"
"100","PKCTHETA","0.01669","0.00","0.00",""" title=""Overlapping EnrichrSubstrates"" data-content=""PKCTHETA targets 3 genes from the input gene list.The full list of substrates is available below:AKT1 CHUK PRKCD"" style=""cursor: pointer; text-decoration: underline dotted;"">3 substrates"
"101","PDK","0.01843","0.00","0.00",""" title=""Overlapping EnrichrSubstrates"" data-content=""PDK targets 2 genes from the input gene list.The full list of substrates is available below:PRKCD AKT1"" style=""cursor: pointer; text-decoration: underline dotted;"">2 substrates"
"102","FOXO3","0.01995","0.00","0.00",""" title=""Overlapping EnrichrSubstrates"" data-content=""FOXO3 targets 1 genes from the input gene list.The full list of substrates is available below:AKT1"" style=""cursor: pointer; text-decoration: underline dotted;"">1 substrates"
"103","HASPIN","0.01995","0.00","0.00",""" title=""Overlapping EnrichrSubstrates"" data-content=""HASPIN targets 1 genes from the input gene list.The full list of substrates is available below:HIST1H3A"" style=""cursor: pointer; text-decoration: underline dotted;"">1 substrates"
"104","TGM2","0.01995","0.00","0.00",""" title=""Overlapping EnrichrSubstrates"" data-content=""TGM2 targets 1 genes from the input gene list.The full list of substrates is available below:HIST1H3A"" style=""cursor: pointer; text-decoration: underline dotted;"">1 substrates"
"105","PIKFYVE","0.01995","0.00","0.00",""" title=""Overlapping EnrichrSubstrates"" data-content=""PIKFYVE targets 1 genes from the input gene list.The full list of substrates is available below:AKT1"" style=""cursor: pointer; text-decoration: underline dotted;"">1 substrates"
"106","PIM3","0.02192","0.00","0.00",""" title=""Overlapping EnrichrSubstrates"" data-content=""PIM3 targets 2 genes from the input gene list.The full list of substrates is available below:PML POU5F1"" style=""cursor: pointer; text-decoration: underline dotted;"">2 substrates"
"107","CDK16","0.02566","0.00","0.00",""" title=""Overlapping EnrichrSubstrates"" data-content=""CDK16 targets 2 genes from the input gene list.The full list of substrates is available below:ACTN4 SMARCA4"" style=""cursor: pointer; text-decoration: underline dotted;"">2 substrates"
"108","MERTK","0.02566","0.00","0.00",""" title=""Overlapping EnrichrSubstrates"" data-content=""MERTK targets 2 genes from the input gene list.The full list of substrates is available below:STAT3 AKT1"" style=""cursor: pointer; text-decoration: underline dotted;"">2 substrates"
"109","PBK","0.02762","0.00","0.00",""" title=""Overlapping EnrichrSubstrates"" data-content=""PBK targets 2 genes from the input gene list.The full list of substrates is available below:HIST1H3A JUN"" style=""cursor: pointer; text-decoration: underline dotted;"">2 substrates"
"110","RIPK3","0.02803","0.00","0.00",""" title=""Overlapping EnrichrSubstrates"" data-content=""RIPK3 targets 4 genes from the input gene list.The full list of substrates is available below:PPP1CC ACTN4 DDX5 HSP90AA1"" style=""cursor: pointer; text-decoration: underline dotted;"">4 substrates"
"111","PKAALPHA","0.02962","0.00","0.00",""" title=""Overlapping EnrichrSubstrates"" data-content=""PKAALPHA targets 4 genes from the input gene list.The full list of substrates is available below:ESR1 NFKB1 FOS RELA"" style=""cursor: pointer; text-decoration: underline dotted;"">4 substrates"
"112","VRK1","0.03171","0.00","0.00",""" title=""Overlapping EnrichrSubstrates"" data-content=""VRK1 targets 2 genes from the input gene list.The full list of substrates is available below:HIST1H3A JUN"" style=""cursor: pointer; text-decoration: underline dotted;"">2 substrates"
"113","MAPKAPK2","0.03288","0.00","0.00",""" title=""Overlapping EnrichrSubstrates"" data-content=""MAPKAPK2 targets 3 genes from the input gene list.The full list of substrates is available below:TRIM28 AKT1 DDX5"" style=""cursor: pointer; text-decoration: underline dotted;"">3 substrates"
"114","PAK1","0.03381","0.00","0.00",""" title=""Overlapping EnrichrSubstrates"" data-content=""PAK1 targets 4 genes from the input gene list.The full list of substrates is available below:AKT1 PRKCD HIST1H3A ESR1"" style=""cursor: pointer; text-decoration: underline dotted;"">4 substrates"
"115","MELK","0.03384","0.00","0.00",""" title=""Overlapping EnrichrSubstrates"" data-content=""MELK targets 2 genes from the input gene list.The full list of substrates is available below:SMAD2 SMAD3"" style=""cursor: pointer; text-decoration: underline dotted;"">2 substrates"
"116","TNK2","0.03603","0.00","0.00",""" title=""Overlapping EnrichrSubstrates"" data-content=""TNK2 targets 2 genes from the input gene list.The full list of substrates is available below:AKT1 WWOX"" style=""cursor: pointer; text-decoration: underline dotted;"">2 substrates"
"117","IRAK1","0.03603","0.00","0.00",""" title=""Overlapping EnrichrSubstrates"" data-content=""IRAK1 targets 2 genes from the input gene list.The full list of substrates is available below:STAT3 ACTN4"" style=""cursor: pointer; text-decoration: underline dotted;"">2 substrates"
"118","ATR","0.03740","0.00","0.00",""" title=""Overlapping EnrichrSubstrates"" data-content=""ATR targets 4 genes from the input gene list.The full list of substrates is available below:SP1 E2F1 CDKN2A PML"" style=""cursor: pointer; text-decoration: underline dotted;"">4 substrates"
"119","JAK3","0.03827","0.00","0.00",""" title=""Overlapping EnrichrSubstrates"" data-content=""JAK3 targets 2 genes from the input gene list.The full list of substrates is available below:STAT1 EZH2"" style=""cursor: pointer; text-decoration: underline dotted;"">2 substrates"
"120","DYRK1B","0.03827","0.00","0.00",""" title=""Overlapping EnrichrSubstrates"" data-content=""DYRK1B targets 2 genes from the input gene list.The full list of substrates is available below:HDAC5 CDKN1A"" style=""cursor: pointer; text-decoration: underline dotted;"">2 substrates"
"121","LKB1","0.03827","0.00","0.00",""" title=""Overlapping EnrichrSubstrates"" data-content=""LKB1 targets 2 genes from the input gene list.The full list of substrates is available below:CDH1 PPARGC1A"" style=""cursor: pointer; text-decoration: underline dotted;"">2 substrates"
"122","UHMK1","0.03827","0.00","0.00",""" title=""Overlapping EnrichrSubstrates"" data-content=""UHMK1 targets 2 genes from the input gene list.The full list of substrates is available below:SMAD2 MED1"" style=""cursor: pointer; text-decoration: underline dotted;"">2 substrates"
"123","MAPK7","0.03827","0.00","0.00",""" title=""Overlapping EnrichrSubstrates"" data-content=""MAPK7 targets 2 genes from the input gene list.The full list of substrates is available below:FOS PML"" style=""cursor: pointer; text-decoration: underline dotted;"">2 substrates"
"124","MAP3K20","0.03951","0.00","0.00",""" title=""Overlapping EnrichrSubstrates"" data-content=""MAP3K20 targets 1 genes from the input gene list.The full list of substrates is available below:HIST1H3A"" style=""cursor: pointer; text-decoration: underline dotted;"">1 substrates"
"125","JAK1","0.04056","0.00","0.00",""" title=""Overlapping EnrichrSubstrates"" data-content=""JAK1 targets 2 genes from the input gene list.The full list of substrates is available below:HIST1H3A STAT1"" style=""cursor: pointer; text-decoration: underline dotted;"">2 substrates"
"126","LATS2","0.04056","0.00","0.00",""" title=""Overlapping EnrichrSubstrates"" data-content=""LATS2 targets 2 genes from the input gene list.The full list of substrates is available below:CDKN1A ACTN4"" style=""cursor: pointer; text-decoration: underline dotted;"">2 substrates"
"127","PKN1","0.04290","0.00","0.00",""" title=""Overlapping EnrichrSubstrates"" data-content=""PKN1 targets 2 genes from the input gene list.The full list of substrates is available below:HDAC5 HIST1H3A"" style=""cursor: pointer; text-decoration: underline dotted;"">2 substrates"
"128","AXL","0.04290","0.00","0.00",""" title=""Overlapping EnrichrSubstrates"" data-content=""AXL targets 2 genes from the input gene list.The full list of substrates is available below:AKT1 STAT3"" style=""cursor: pointer; text-decoration: underline dotted;"">2 substrates"
"129","CAMK1","0.04290","0.00","0.00",""" title=""Overlapping EnrichrSubstrates"" data-content=""CAMK1 targets 2 genes from the input gene list.The full list of substrates is available below:HDAC5 HDAC7"" style=""cursor: pointer; text-decoration: underline dotted;"">2 substrates"
"130","CDK7","0.04319","0.00","0.00",""" title=""Overlapping EnrichrSubstrates"" data-content=""CDK7 targets 3 genes from the input gene list.The full list of substrates is available below:E2F1 CDK11B ESR1"" style=""cursor: pointer; text-decoration: underline dotted;"">3 substrates"
"131","INSR","0.04742","0.00","0.00",""" title=""Overlapping EnrichrSubstrates"" data-content=""INSR targets 3 genes from the input gene list.The full list of substrates is available below:FOS JUN STAT1"" style=""cursor: pointer; text-decoration: underline dotted;"">3 substrates"
"132","NPM/ALK","0.04915","0.00","0.00",""" title=""Overlapping EnrichrSubstrates"" data-content=""NPM/ALK targets 1 genes from the input gene list.The full list of substrates is available below:STAT1"" style=""cursor: pointer; text-decoration: underline dotted;"">1 substrates"
"133","DAPK3","0.05022","0.00","0.00",""" title=""Overlapping EnrichrSubstrates"" data-content=""DAPK3 targets 2 genes from the input gene list.The full list of substrates is available below:CDKN1A ACTN4"" style=""cursor: pointer; text-decoration: underline dotted;"">2 substrates"
"134","PKC","0.05036","0.00","0.00",""" title=""Overlapping EnrichrSubstrates"" data-content=""PKC targets 3 genes from the input gene list.The full list of substrates is available below:CDKN1A AHR NFE2L2"" style=""cursor: pointer; text-decoration: underline dotted;"">3 substrates"
"135","RET","0.05795","0.00","0.00",""" title=""Overlapping EnrichrSubstrates"" data-content=""RET targets 2 genes from the input gene list.The full list of substrates is available below:AKT1 STAT3"" style=""cursor: pointer; text-decoration: underline dotted;"">2 substrates"
"136","CAM","0.05869","0.00","0.00",""" title=""Overlapping EnrichrSubstrates"" data-content=""CAM targets 1 genes from the input gene list.The full list of substrates is available below:HDAC5"" style=""cursor: pointer; text-decoration: underline dotted;"">1 substrates"
"137","PKM","0.05869","0.00","0.00",""" title=""Overlapping EnrichrSubstrates"" data-content=""PKM targets 1 genes from the input gene list.The full list of substrates is available below:STAT3"" style=""cursor: pointer; text-decoration: underline dotted;"">1 substrates"
"138","MARK2","0.06061","0.00","0.00",""" title=""Overlapping EnrichrSubstrates"" data-content=""MARK2 targets 2 genes from the input gene list.The full list of substrates is available below:HDAC5 HDAC7"" style=""cursor: pointer; text-decoration: underline dotted;"">2 substrates"
"139","PDGFRBETA","0.06606","0.00","0.00",""" title=""Overlapping EnrichrSubstrates"" data-content=""PDGFRBETA targets 2 genes from the input gene list.The full list of substrates is available below:PRKCD STAT3"" style=""cursor: pointer; text-decoration: underline dotted;"">2 substrates"
"140","CHK2","0.06813","0.00","0.00",""" title=""Overlapping EnrichrSubstrates"" data-content=""CHK2 targets 1 genes from the input gene list.The full list of substrates is available below:E2F1"" style=""cursor: pointer; text-decoration: underline dotted;"">1 substrates"
"141","PDHK2","0.06813","0.00","0.00",""" title=""Overlapping EnrichrSubstrates"" data-content=""PDHK2 targets 1 genes from the input gene list.The full list of substrates is available below:AKT1"" style=""cursor: pointer; text-decoration: underline dotted;"">1 substrates"
"142","NIK","0.06813","0.00","0.00",""" title=""Overlapping EnrichrSubstrates"" data-content=""NIK targets 1 genes from the input gene list.The full list of substrates is available below:CEBPB"" style=""cursor: pointer; text-decoration: underline dotted;"">1 substrates"
"143","RSK","0.07748","0.00","0.00",""" title=""Overlapping EnrichrSubstrates"" data-content=""RSK targets 1 genes from the input gene list.The full list of substrates is available below:CEBPB"" style=""cursor: pointer; text-decoration: underline dotted;"">1 substrates"
"144","LYN","0.07785","0.00","0.00",""" title=""Overlapping EnrichrSubstrates"" data-content=""LYN targets 4 genes from the input gene list.The full list of substrates is available below:TRIM28 MYC PRKCD STAT1"" style=""cursor: pointer; text-decoration: underline dotted;"">4 substrates"
"145","NLK","0.08035","0.00","0.00",""" title=""Overlapping EnrichrSubstrates"" data-content=""NLK targets 2 genes from the input gene list.The full list of substrates is available below:SETDB1 STAT3"" style=""cursor: pointer; text-decoration: underline dotted;"">2 substrates"
"146","PRKCI","0.08935","0.00","0.00",""" title=""Overlapping EnrichrSubstrates"" data-content=""PRKCI targets 2 genes from the input gene list.The full list of substrates is available below:SP1 EZH2"" style=""cursor: pointer; text-decoration: underline dotted;"">2 substrates"
"147","MAP2K3","0.08935","0.00","0.00",""" title=""Overlapping EnrichrSubstrates"" data-content=""MAP2K3 targets 2 genes from the input gene list.The full list of substrates is available below:SMAD2 SMAD3"" style=""cursor: pointer; text-decoration: underline dotted;"">2 substrates"
"148","PAK4","0.08935","0.00","0.00",""" title=""Overlapping EnrichrSubstrates"" data-content=""PAK4 targets 2 genes from the input gene list.The full list of substrates is available below:ACTN4 ESR1"" style=""cursor: pointer; text-decoration: underline dotted;"">2 substrates"
"149","TTK","0.09005","0.00","0.00",""" title=""Overlapping EnrichrSubstrates"" data-content=""TTK targets 3 genes from the input gene list.The full list of substrates is available below:XPO1 HSP90AA1 E2F1"" style=""cursor: pointer; text-decoration: underline dotted;"">3 substrates"
"150","TRRAP","0.09591","0.00","0.00",""" title=""Overlapping EnrichrSubstrates"" data-content=""TRRAP targets 1 genes from the input gene list.The full list of substrates is available below:NCOR2"" style=""cursor: pointer; text-decoration: underline dotted;"">1 substrates"
"151","RSK","0.09591","0.00","0.00",""" title=""Overlapping EnrichrSubstrates"" data-content=""RSK targets 1 genes from the input gene list.The full list of substrates is available below:FOS"" style=""cursor: pointer; text-decoration: underline dotted;"">1 substrates"
"152","MAP2K4","0.09863","0.00","0.00",""" title=""Overlapping EnrichrSubstrates"" data-content=""MAP2K4 targets 2 genes from the input gene list.The full list of substrates is available below:AKT1 RXRA"" style=""cursor: pointer; text-decoration: underline dotted;"">2 substrates"
"153","PKC","0.1050","0.00","0.00",""" title=""Overlapping EnrichrSubstrates"" data-content=""PKC targets 1 genes from the input gene list.The full list of substrates is available below:RELA"" style=""cursor: pointer; text-decoration: underline dotted;"">1 substrates"
"154","CAMKIV","0.1050","0.00","0.00",""" title=""Overlapping EnrichrSubstrates"" data-content=""CAMKIV targets 1 genes from the input gene list.The full list of substrates is available below:RELA"" style=""cursor: pointer; text-decoration: underline dotted;"">1 substrates"
"155","CAMKIIBETA","0.1082","0.00","0.00",""" title=""Overlapping EnrichrSubstrates"" data-content=""CAMKIIBETA targets 2 genes from the input gene list.The full list of substrates is available below:FOS PPARGC1A"" style=""cursor: pointer; text-decoration: underline dotted;"">2 substrates"
"156","JNK3","0.1140","0.00","0.00",""" title=""Overlapping EnrichrSubstrates"" data-content=""JNK3 targets 1 genes from the input gene list.The full list of substrates is available below:JUN"" style=""cursor: pointer; text-decoration: underline dotted;"">1 substrates"
"157","CDK11A","0.1140","0.00","0.00",""" title=""Overlapping EnrichrSubstrates"" data-content=""CDK11A targets 1 genes from the input gene list.The full list of substrates is available below:CDK11B"" style=""cursor: pointer; text-decoration: underline dotted;"">1 substrates"
"158","PKAGAMMA","0.1212","0.00","0.00",""" title=""Overlapping EnrichrSubstrates"" data-content=""PKAGAMMA targets 2 genes from the input gene list.The full list of substrates is available below:RELA NFKB1"" style=""cursor: pointer; text-decoration: underline dotted;"">2 substrates"
"159","TRKB","0.1229","0.00","0.00",""" title=""Overlapping EnrichrSubstrates"" data-content=""TRKB targets 1 genes from the input gene list.The full list of substrates is available below:FOS"" style=""cursor: pointer; text-decoration: underline dotted;"">1 substrates"
"160","ADRBK1","0.1229","0.00","0.00",""" title=""Overlapping EnrichrSubstrates"" data-content=""ADRBK1 targets 1 genes from the input gene list.The full list of substrates is available below:PRKCD"" style=""cursor: pointer; text-decoration: underline dotted;"">1 substrates"
"161","P70S6K","0.1317","0.00","0.00",""" title=""Overlapping EnrichrSubstrates"" data-content=""P70S6K targets 1 genes from the input gene list.The full list of substrates is available below:AKT1"" style=""cursor: pointer; text-decoration: underline dotted;"">1 substrates"
"162","FYN","0.1352","0.00","0.00",""" title=""Overlapping EnrichrSubstrates"" data-content=""FYN targets 4 genes from the input gene list.The full list of substrates is available below:PRKCD FOS STAT1 NFE2L2"" style=""cursor: pointer; text-decoration: underline dotted;"">4 substrates"
"163","PRKCQ","0.1485","0.00","0.00",""" title=""Overlapping EnrichrSubstrates"" data-content=""PRKCQ targets 2 genes from the input gene list.The full list of substrates is available below:CHUK HIST1H3A"" style=""cursor: pointer; text-decoration: underline dotted;"">2 substrates"
"164","PKC","0.1490","0.00","0.00",""" title=""Overlapping EnrichrSubstrates"" data-content=""PKC targets 1 genes from the input gene list.The full list of substrates is available below:STAT3"" style=""cursor: pointer; text-decoration: underline dotted;"">1 substrates"
"165","BTK","0.1519","0.00","0.00",""" title=""Overlapping EnrichrSubstrates"" data-content=""BTK targets 2 genes from the input gene list.The full list of substrates is available below:FOS JUN"" style=""cursor: pointer; text-decoration: underline dotted;"">2 substrates"
"166","PLK1","0.1539","0.00","0.00",""" title=""Overlapping EnrichrSubstrates"" data-content=""PLK1 targets 5 genes from the input gene list.The full list of substrates is available below:MYC CDKN1A XPO1 SUZ12 PSMC5"" style=""cursor: pointer; text-decoration: underline dotted;"">5 substrates"
"167","TYK2","0.1732","0.00","0.00",""" title=""Overlapping EnrichrSubstrates"" data-content=""TYK2 targets 2 genes from the input gene list.The full list of substrates is available below:STAT3 NFKB1"" style=""cursor: pointer; text-decoration: underline dotted;"">2 substrates"
"168","RIPK4","0.1744","0.00","0.00",""" title=""Overlapping EnrichrSubstrates"" data-content=""RIPK4 targets 1 genes from the input gene list.The full list of substrates is available below:ACTN4"" style=""cursor: pointer; text-decoration: underline dotted;"">1 substrates"
"169","TNK1","0.1744","0.00","0.00",""" title=""Overlapping EnrichrSubstrates"" data-content=""TNK1 targets 1 genes from the input gene list.The full list of substrates is available below:ACTN4"" style=""cursor: pointer; text-decoration: underline dotted;"">1 substrates"
"170","CDC42BPB","0.1744","0.00","0.00",""" title=""Overlapping EnrichrSubstrates"" data-content=""CDC42BPB targets 1 genes from the input gene list.The full list of substrates is available below:ACTN4"" style=""cursor: pointer; text-decoration: underline dotted;"">1 substrates"
"171","RPS6KA6","0.1744","0.00","0.00",""" title=""Overlapping EnrichrSubstrates"" data-content=""RPS6KA6 targets 1 genes from the input gene list.The full list of substrates is available below:XPO1"" style=""cursor: pointer; text-decoration: underline dotted;"">1 substrates"
"172","LMTK3","0.1744","0.00","0.00",""" title=""Overlapping EnrichrSubstrates"" data-content=""LMTK3 targets 1 genes from the input gene list.The full list of substrates is available below:ZBTB16"" style=""cursor: pointer; text-decoration: underline dotted;"">1 substrates"
"173","MAST1","0.1744","0.00","0.00",""" title=""Overlapping EnrichrSubstrates"" data-content=""MAST1 targets 1 genes from the input gene list.The full list of substrates is available below:AKT1"" style=""cursor: pointer; text-decoration: underline dotted;"">1 substrates"
"174","POMK","0.1744","0.00","0.00",""" title=""Overlapping EnrichrSubstrates"" data-content=""POMK targets 1 genes from the input gene list.The full list of substrates is available below:AKT1"" style=""cursor: pointer; text-decoration: underline dotted;"">1 substrates"
"175","MAPK13","0.1768","0.00","0.00",""" title=""Overlapping EnrichrSubstrates"" data-content=""MAPK13 targets 2 genes from the input gene list.The full list of substrates is available below:FOS JUN"" style=""cursor: pointer; text-decoration: underline dotted;"">2 substrates"
"176","TRIO","0.1827","0.00","0.00",""" title=""Overlapping EnrichrSubstrates"" data-content=""TRIO targets 1 genes from the input gene list.The full list of substrates is available below:ACTN4"" style=""cursor: pointer; text-decoration: underline dotted;"">1 substrates"
"177","CDK12","0.1827","0.00","0.00",""" title=""Overlapping EnrichrSubstrates"" data-content=""CDK12 targets 1 genes from the input gene list.The full list of substrates is available below:MED1"" style=""cursor: pointer; text-decoration: underline dotted;"">1 substrates"
"178","RNASEL","0.1827","0.00","0.00",""" title=""Overlapping EnrichrSubstrates"" data-content=""RNASEL targets 1 genes from the input gene list.The full list of substrates is available below:ACTN4"" style=""cursor: pointer; text-decoration: underline dotted;"">1 substrates"
"179","PKCETA","0.1827","0.00","0.00",""" title=""Overlapping EnrichrSubstrates"" data-content=""PKCETA targets 1 genes from the input gene list.The full list of substrates is available below:PRKCD"" style=""cursor: pointer; text-decoration: underline dotted;"">1 substrates"
"180","MINK1","0.1827","0.00","0.00",""" title=""Overlapping EnrichrSubstrates"" data-content=""MINK1 targets 1 genes from the input gene list.The full list of substrates is available below:SMAD2"" style=""cursor: pointer; text-decoration: underline dotted;"">1 substrates"
"181","STK40","0.1827","0.00","0.00",""" title=""Overlapping EnrichrSubstrates"" data-content=""STK40 targets 1 genes from the input gene list.The full list of substrates is available below:FOXO4"" style=""cursor: pointer; text-decoration: underline dotted;"">1 substrates"
"182","PKDCC","0.1827","0.00","0.00",""" title=""Overlapping EnrichrSubstrates"" data-content=""PKDCC targets 1 genes from the input gene list.The full list of substrates is available below:FOXO4"" style=""cursor: pointer; text-decoration: underline dotted;"">1 substrates"
"183","ACVR2B","0.1827","0.00","0.00",""" title=""Overlapping EnrichrSubstrates"" data-content=""ACVR2B targets 1 genes from the input gene list.The full list of substrates is available below:AKT1"" style=""cursor: pointer; text-decoration: underline dotted;"">1 substrates"
"184","AURORAB","0.1876","0.00","0.00",""" title=""Overlapping EnrichrSubstrates"" data-content=""AURORAB targets 2 genes from the input gene list.The full list of substrates is available below:RB1 XPO1"" style=""cursor: pointer; text-decoration: underline dotted;"">2 substrates"
"185","BARK1","0.1876","0.00","0.00",""" title=""Overlapping EnrichrSubstrates"" data-content=""BARK1 targets 2 genes from the input gene list.The full list of substrates is available below:PRKCD HDAC5"" style=""cursor: pointer; text-decoration: underline dotted;"">2 substrates"
"186","TYRO3","0.1909","0.00","0.00",""" title=""Overlapping EnrichrSubstrates"" data-content=""TYRO3 targets 1 genes from the input gene list.The full list of substrates is available below:AKT1"" style=""cursor: pointer; text-decoration: underline dotted;"">1 substrates"
"187","DMPK","0.1909","0.00","0.00",""" title=""Overlapping EnrichrSubstrates"" data-content=""DMPK targets 1 genes from the input gene list.The full list of substrates is available below:SP1"" style=""cursor: pointer; text-decoration: underline dotted;"">1 substrates"
"188","TAOK2","0.1909","0.00","0.00",""" title=""Overlapping EnrichrSubstrates"" data-content=""TAOK2 targets 1 genes from the input gene list.The full list of substrates is available below:ACTN4"" style=""cursor: pointer; text-decoration: underline dotted;"">1 substrates"
"189","PKMYT1","0.1909","0.00","0.00",""" title=""Overlapping EnrichrSubstrates"" data-content=""PKMYT1 targets 1 genes from the input gene list.The full list of substrates is available below:SMARCA4"" style=""cursor: pointer; text-decoration: underline dotted;"">1 substrates"
"190","PKA","0.1909","0.00","0.00",""" title=""Overlapping EnrichrSubstrates"" data-content=""PKA targets 1 genes from the input gene list.The full list of substrates is available below:RELA"" style=""cursor: pointer; text-decoration: underline dotted;"">1 substrates"
"191","NTRK3","0.1909","0.00","0.00",""" title=""Overlapping EnrichrSubstrates"" data-content=""NTRK3 targets 1 genes from the input gene list.The full list of substrates is available below:FOS"" style=""cursor: pointer; text-decoration: underline dotted;"">1 substrates"
"192","CSNK2B","0.1909","0.00","0.00",""" title=""Overlapping EnrichrSubstrates"" data-content=""CSNK2B targets 1 genes from the input gene list.The full list of substrates is available below:FOS"" style=""cursor: pointer; text-decoration: underline dotted;"">1 substrates"
"193","MST1R","0.1909","0.00","0.00",""" title=""Overlapping EnrichrSubstrates"" data-content=""MST1R targets 1 genes from the input gene list.The full list of substrates is available below:ACTN4"" style=""cursor: pointer; text-decoration: underline dotted;"">1 substrates"
"194","MARK4","0.1909","0.00","0.00",""" title=""Overlapping EnrichrSubstrates"" data-content=""MARK4 targets 1 genes from the input gene list.The full list of substrates is available below:SMARCA4"" style=""cursor: pointer; text-decoration: underline dotted;"">1 substrates"
"195","SCYL1","0.1909","0.00","0.00",""" title=""Overlapping EnrichrSubstrates"" data-content=""SCYL1 targets 1 genes from the input gene list.The full list of substrates is available below:ACTN4"" style=""cursor: pointer; text-decoration: underline dotted;"">1 substrates"
"196","MAP3K1","0.1954","0.00","0.00",""" title=""Overlapping EnrichrSubstrates"" data-content=""MAP3K1 targets 3 genes from the input gene list.The full list of substrates is available below:ESR1 HSP90AA1 STAT3"" style=""cursor: pointer; text-decoration: underline dotted;"">3 substrates"
"197","PRKD3","0.1991","0.00","0.00",""" title=""Overlapping EnrichrSubstrates"" data-content=""PRKD3 targets 1 genes from the input gene list.The full list of substrates is available below:HDAC5"" style=""cursor: pointer; text-decoration: underline dotted;"">1 substrates"
"198","PKN2","0.1991","0.00","0.00",""" title=""Overlapping EnrichrSubstrates"" data-content=""PKN2 targets 1 genes from the input gene list.The full list of substrates is available below:MED14"" style=""cursor: pointer; text-decoration: underline dotted;"">1 substrates"
"199","TRIB3","0.1991","0.00","0.00",""" title=""Overlapping EnrichrSubstrates"" data-content=""TRIB3 targets 1 genes from the input gene list.The full list of substrates is available below:ACTN4"" style=""cursor: pointer; text-decoration: underline dotted;"">1 substrates"
"200","GSG2","0.1991","0.00","0.00",""" title=""Overlapping EnrichrSubstrates"" data-content=""GSG2 targets 1 genes from the input gene list.The full list of substrates is available below:HIST1H3A"" style=""cursor: pointer; text-decoration: underline dotted;"">1 substrates"
"201","PNCK","0.1991","0.00","0.00",""" title=""Overlapping EnrichrSubstrates"" data-content=""PNCK targets 1 genes from the input gene list.The full list of substrates is available below:HSP90AA1"" style=""cursor: pointer; text-decoration: underline dotted;"">1 substrates"
"202","MAPK15","0.1991","0.00","0.00",""" title=""Overlapping EnrichrSubstrates"" data-content=""MAPK15 targets 1 genes from the input gene list.The full list of substrates is available below:JUN"" style=""cursor: pointer; text-decoration: underline dotted;"">1 substrates"
"203","MAP3K6","0.2071","0.00","0.00",""" title=""Overlapping EnrichrSubstrates"" data-content=""MAP3K6 targets 1 genes from the input gene list.The full list of substrates is available below:ACTN4"" style=""cursor: pointer; text-decoration: underline dotted;"">1 substrates"
"204","NEK9","0.2071","0.00","0.00",""" title=""Overlapping EnrichrSubstrates"" data-content=""NEK9 targets 1 genes from the input gene list.The full list of substrates is available below:FOXO4"" style=""cursor: pointer; text-decoration: underline dotted;"">1 substrates"
"205","STK24","0.2071","0.00","0.00",""" title=""Overlapping EnrichrSubstrates"" data-content=""STK24 targets 1 genes from the input gene list.The full list of substrates is available below:ACTN4"" style=""cursor: pointer; text-decoration: underline dotted;"">1 substrates"
"206","MAP3K10","0.2071","0.00","0.00",""" title=""Overlapping EnrichrSubstrates"" data-content=""MAP3K10 targets 1 genes from the input gene list.The full list of substrates is available below:TCF3"" style=""cursor: pointer; text-decoration: underline dotted;"">1 substrates"
"207","TLK1","0.2071","0.00","0.00",""" title=""Overlapping EnrichrSubstrates"" data-content=""TLK1 targets 1 genes from the input gene list.The full list of substrates is available below:HIST1H3A"" style=""cursor: pointer; text-decoration: underline dotted;"">1 substrates"
"208","SIK1","0.2071","0.00","0.00",""" title=""Overlapping EnrichrSubstrates"" data-content=""SIK1 targets 1 genes from the input gene list.The full list of substrates is available below:NCOR2"" style=""cursor: pointer; text-decoration: underline dotted;"">1 substrates"
"209","CAMKK2","0.2071","0.00","0.00",""" title=""Overlapping EnrichrSubstrates"" data-content=""CAMKK2 targets 1 genes from the input gene list.The full list of substrates is available below:AKT1"" style=""cursor: pointer; text-decoration: underline dotted;"">1 substrates"
"210","MAP4K4","0.2071","0.00","0.00",""" title=""Overlapping EnrichrSubstrates"" data-content=""MAP4K4 targets 1 genes from the input gene list.The full list of substrates is available below:SMARCA4"" style=""cursor: pointer; text-decoration: underline dotted;"">1 substrates"
"211","MAPK6","0.2071","0.00","0.00",""" title=""Overlapping EnrichrSubstrates"" data-content=""MAPK6 targets 1 genes from the input gene list.The full list of substrates is available below:NCOA3"" style=""cursor: pointer; text-decoration: underline dotted;"">1 substrates"
"212","WEE1","0.2071","0.00","0.00",""" title=""Overlapping EnrichrSubstrates"" data-content=""WEE1 targets 1 genes from the input gene list.The full list of substrates is available below:HSP90AA1"" style=""cursor: pointer; text-decoration: underline dotted;"">1 substrates"
"213","AURKB","0.2083","0.00","0.00",""" title=""Overlapping EnrichrSubstrates"" data-content=""AURKB targets 3 genes from the input gene list.The full list of substrates is available below:RB1 HIST1H3A HDAC5"" style=""cursor: pointer; text-decoration: underline dotted;"">3 substrates"
"214","FRK","0.2151","0.00","0.00",""" title=""Overlapping EnrichrSubstrates"" data-content=""FRK targets 1 genes from the input gene list.The full list of substrates is available below:FOS"" style=""cursor: pointer; text-decoration: underline dotted;"">1 substrates"
"215","CSNK1G1","0.2151","0.00","0.00",""" title=""Overlapping EnrichrSubstrates"" data-content=""CSNK1G1 targets 1 genes from the input gene list.The full list of substrates is available below:RELA"" style=""cursor: pointer; text-decoration: underline dotted;"">1 substrates"
"216","EPHB4","0.2151","0.00","0.00",""" title=""Overlapping EnrichrSubstrates"" data-content=""EPHB4 targets 1 genes from the input gene list.The full list of substrates is available below:ACTN4"" style=""cursor: pointer; text-decoration: underline dotted;"">1 substrates"
"217","DYRK3","0.2151","0.00","0.00",""" title=""Overlapping EnrichrSubstrates"" data-content=""DYRK3 targets 1 genes from the input gene list.The full list of substrates is available below:SIRT1"" style=""cursor: pointer; text-decoration: underline dotted;"">1 substrates"
"218","OXSR1","0.2151","0.00","0.00",""" title=""Overlapping EnrichrSubstrates"" data-content=""OXSR1 targets 1 genes from the input gene list.The full list of substrates is available below:ACTN4"" style=""cursor: pointer; text-decoration: underline dotted;"">1 substrates"
"219","AURKC","0.2151","0.00","0.00",""" title=""Overlapping EnrichrSubstrates"" data-content=""AURKC targets 1 genes from the input gene list.The full list of substrates is available below:HIST1H3A"" style=""cursor: pointer; text-decoration: underline dotted;"">1 substrates"
"220","CAMK2G","0.2151","0.00","0.00",""" title=""Overlapping EnrichrSubstrates"" data-content=""CAMK2G targets 1 genes from the input gene list.The full list of substrates is available below:STAT1"" style=""cursor: pointer; text-decoration: underline dotted;"">1 substrates"
"221","MAPK12","0.2169","0.00","0.00",""" title=""Overlapping EnrichrSubstrates"" data-content=""MAPK12 targets 2 genes from the input gene list.The full list of substrates is available below:FOS JUN"" style=""cursor: pointer; text-decoration: underline dotted;"">2 substrates"
"222","NUAK1","0.2230","0.00","0.00",""" title=""Overlapping EnrichrSubstrates"" data-content=""NUAK1 targets 1 genes from the input gene list.The full list of substrates is available below:CDKN1A"" style=""cursor: pointer; text-decoration: underline dotted;"">1 substrates"
"223","CAMKK1","0.2230","0.00","0.00",""" title=""Overlapping EnrichrSubstrates"" data-content=""CAMKK1 targets 1 genes from the input gene list.The full list of substrates is available below:AKT1"" style=""cursor: pointer; text-decoration: underline dotted;"">1 substrates"
"224","PAK5","0.2230","0.00","0.00",""" title=""Overlapping EnrichrSubstrates"" data-content=""PAK5 targets 1 genes from the input gene list.The full list of substrates is available below:TCF3"" style=""cursor: pointer; text-decoration: underline dotted;"">1 substrates"
"225","MKNK2","0.2230","0.00","0.00",""" title=""Overlapping EnrichrSubstrates"" data-content=""MKNK2 targets 1 genes from the input gene list.The full list of substrates is available below:FOXO4"" style=""cursor: pointer; text-decoration: underline dotted;"">1 substrates"
"226","NEK1","0.2308","0.00","0.00",""" title=""Overlapping EnrichrSubstrates"" data-content=""NEK1 targets 1 genes from the input gene list.The full list of substrates is available below:VHL"" style=""cursor: pointer; text-decoration: underline dotted;"">1 substrates"
"227","EPHB3","0.2308","0.00","0.00",""" title=""Overlapping EnrichrSubstrates"" data-content=""EPHB3 targets 1 genes from the input gene list.The full list of substrates is available below:SMARCA4"" style=""cursor: pointer; text-decoration: underline dotted;"">1 substrates"
"228","EPHA8","0.2308","0.00","0.00",""" title=""Overlapping EnrichrSubstrates"" data-content=""EPHA8 targets 1 genes from the input gene list.The full list of substrates is available below:SMARCA4"" style=""cursor: pointer; text-decoration: underline dotted;"">1 substrates"
"229","MOS","0.2385","0.00","0.00",""" title=""Overlapping EnrichrSubstrates"" data-content=""MOS targets 1 genes from the input gene list.The full list of substrates is available below:MYOD1"" style=""cursor: pointer; text-decoration: underline dotted;"">1 substrates"
"230","ILK","0.2385","0.00","0.00",""" title=""Overlapping EnrichrSubstrates"" data-content=""ILK targets 1 genes from the input gene list.The full list of substrates is available below:AKT1"" style=""cursor: pointer; text-decoration: underline dotted;"">1 substrates"
"231","LCK","0.2400","0.00","0.00",""" title=""Overlapping EnrichrSubstrates"" data-content=""LCK targets 3 genes from the input gene list.The full list of substrates is available below:PRKCD ESR1 STAT1"" style=""cursor: pointer; text-decoration: underline dotted;"">3 substrates"
"232","ACVR1","0.2462","0.00","0.00",""" title=""Overlapping EnrichrSubstrates"" data-content=""ACVR1 targets 1 genes from the input gene list.The full list of substrates is available below:STAT1"" style=""cursor: pointer; text-decoration: underline dotted;"">1 substrates"
"233","CLK2","0.2462","0.00","0.00",""" title=""Overlapping EnrichrSubstrates"" data-content=""CLK2 targets 1 genes from the input gene list.The full list of substrates is available below:ASXL1"" style=""cursor: pointer; text-decoration: underline dotted;"">1 substrates"
"234","FGFR3","0.2462","0.00","0.00",""" title=""Overlapping EnrichrSubstrates"" data-content=""FGFR3 targets 1 genes from the input gene list.The full list of substrates is available below:STAT1"" style=""cursor: pointer; text-decoration: underline dotted;"">1 substrates"
"235","AKT3","0.2538","0.00","0.00",""" title=""Overlapping EnrichrSubstrates"" data-content=""AKT3 targets 1 genes from the input gene list.The full list of substrates is available below:PRKCD"" style=""cursor: pointer; text-decoration: underline dotted;"">1 substrates"
"236","PTK6","0.2613","0.00","0.00",""" title=""Overlapping EnrichrSubstrates"" data-content=""PTK6 targets 1 genes from the input gene list.The full list of substrates is available below:AKT1"" style=""cursor: pointer; text-decoration: underline dotted;"">1 substrates"
"237","STK3","0.2613","0.00","0.00",""" title=""Overlapping EnrichrSubstrates"" data-content=""STK3 targets 1 genes from the input gene list.The full list of substrates is available below:HIST1H3A"" style=""cursor: pointer; text-decoration: underline dotted;"">1 substrates"
"238","GRK2","0.2613","0.00","0.00",""" title=""Overlapping EnrichrSubstrates"" data-content=""GRK2 targets 1 genes from the input gene list.The full list of substrates is available below:SMAD2"" style=""cursor: pointer; text-decoration: underline dotted;"">1 substrates"
"239","PDK1","0.2687","0.00","0.00",""" title=""Overlapping EnrichrSubstrates"" data-content=""PDK1 targets 1 genes from the input gene list.The full list of substrates is available below:AKT1"" style=""cursor: pointer; text-decoration: underline dotted;"">1 substrates"
"240","NEK6","0.2761","0.00","0.00",""" title=""Overlapping EnrichrSubstrates"" data-content=""NEK6 targets 1 genes from the input gene list.The full list of substrates is available below:STAT3"" style=""cursor: pointer; text-decoration: underline dotted;"">1 substrates"
"241","LRRK2","0.2761","0.00","0.00",""" title=""Overlapping EnrichrSubstrates"" data-content=""LRRK2 targets 1 genes from the input gene list.The full list of substrates is available below:AKT1"" style=""cursor: pointer; text-decoration: underline dotted;"">1 substrates"
"242","FER","0.2761","0.00","0.00",""" title=""Overlapping EnrichrSubstrates"" data-content=""FER targets 1 genes from the input gene list.The full list of substrates is available below:STAT3"" style=""cursor: pointer; text-decoration: underline dotted;"">1 substrates"
"243","PLK2","0.2834","0.00","0.00",""" title=""Overlapping EnrichrSubstrates"" data-content=""PLK2 targets 1 genes from the input gene list.The full list of substrates is available below:ACTN4"" style=""cursor: pointer; text-decoration: underline dotted;"">1 substrates"
"244","EIF2AK2","0.2834","0.00","0.00",""" title=""Overlapping EnrichrSubstrates"" data-content=""EIF2AK2 targets 1 genes from the input gene list.The full list of substrates is available below:CHUK"" style=""cursor: pointer; text-decoration: underline dotted;"">1 substrates"
"245","YES1","0.2834","0.00","0.00",""" title=""Overlapping EnrichrSubstrates"" data-content=""YES1 targets 1 genes from the input gene list.The full list of substrates is available below:PRKCD"" style=""cursor: pointer; text-decoration: underline dotted;"">1 substrates"
"246","EPHB1","0.2906","0.00","0.00",""" title=""Overlapping EnrichrSubstrates"" data-content=""EPHB1 targets 1 genes from the input gene list.The full list of substrates is available below:STAT3"" style=""cursor: pointer; text-decoration: underline dotted;"">1 substrates"
"247","BMPR1B","0.2906","0.00","0.00",""" title=""Overlapping EnrichrSubstrates"" data-content=""BMPR1B targets 1 genes from the input gene list.The full list of substrates is available below:SMAD2"" style=""cursor: pointer; text-decoration: underline dotted;"">1 substrates"
"248","CSK","0.2977","0.00","0.00",""" title=""Overlapping EnrichrSubstrates"" data-content=""CSK targets 1 genes from the input gene list.The full list of substrates is available below:PML"" style=""cursor: pointer; text-decoration: underline dotted;"">1 substrates"
"249","PDGFRB","0.2977","0.00","0.00",""" title=""Overlapping EnrichrSubstrates"" data-content=""PDGFRB targets 1 genes from the input gene list.The full list of substrates is available below:PRKCD"" style=""cursor: pointer; text-decoration: underline dotted;"">1 substrates"
"250","MAP3K5","0.3048","0.00","0.00",""" title=""Overlapping EnrichrSubstrates"" data-content=""MAP3K5 targets 1 genes from the input gene list.The full list of substrates is available below:CDKN1A"" style=""cursor: pointer; text-decoration: underline dotted;"">1 substrates"
"251","PAK6","0.3048","0.00","0.00",""" title=""Overlapping EnrichrSubstrates"" data-content=""PAK6 targets 1 genes from the input gene list.The full list of substrates is available below:AKT1"" style=""cursor: pointer; text-decoration: underline dotted;"">1 substrates"
"252","PKG1CGKI","0.3118","0.00","0.00",""" title=""Overlapping EnrichrSubstrates"" data-content=""PKG1CGKI targets 1 genes from the input gene list.The full list of substrates is available below:SP1"" style=""cursor: pointer; text-decoration: underline dotted;"">1 substrates"
"253","ARAF","0.3256","0.00","0.00",""" title=""Overlapping EnrichrSubstrates"" data-content=""ARAF targets 1 genes from the input gene list.The full list of substrates is available below:PRKCD"" style=""cursor: pointer; text-decoration: underline dotted;"">1 substrates"
"254","PLK3","0.3324","0.00","0.00",""" title=""Overlapping EnrichrSubstrates"" data-content=""PLK3 targets 1 genes from the input gene list.The full list of substrates is available below:JUN"" style=""cursor: pointer; text-decoration: underline dotted;"">1 substrates"
"255","KIT","0.3391","0.00","0.00",""" title=""Overlapping EnrichrSubstrates"" data-content=""KIT targets 1 genes from the input gene list.The full list of substrates is available below:STAT3"" style=""cursor: pointer; text-decoration: underline dotted;"">1 substrates"
"256","DYRK1A","0.3458","0.00","0.00",""" title=""Overlapping EnrichrSubstrates"" data-content=""DYRK1A targets 1 genes from the input gene list.The full list of substrates is available below:SIRT1"" style=""cursor: pointer; text-decoration: underline dotted;"">1 substrates"
"257","ABL2","0.3458","0.00","0.00",""" title=""Overlapping EnrichrSubstrates"" data-content=""ABL2 targets 1 genes from the input gene list.The full list of substrates is available below:CEBPB"" style=""cursor: pointer; text-decoration: underline dotted;"">1 substrates"
"258","EPHA2","0.3524","0.00","0.00",""" title=""Overlapping EnrichrSubstrates"" data-content=""EPHA2 targets 1 genes from the input gene list.The full list of substrates is available below:ACTN4"" style=""cursor: pointer; text-decoration: underline dotted;"">1 substrates"
"259","RIPK1","0.3524","0.00","0.00",""" title=""Overlapping EnrichrSubstrates"" data-content=""RIPK1 targets 1 genes from the input gene list.The full list of substrates is available below:PML"" style=""cursor: pointer; text-decoration: underline dotted;"">1 substrates"
"260","RIPK2","0.3654","0.00","0.00",""" title=""Overlapping EnrichrSubstrates"" data-content=""RIPK2 targets 1 genes from the input gene list.The full list of substrates is available below:HSP90AA1"" style=""cursor: pointer; text-decoration: underline dotted;"">1 substrates"
"261","MAP3K14","0.3758","0.00","0.00",""" title=""Overlapping EnrichrSubstrates"" data-content=""MAP3K14 targets 2 genes from the input gene list.The full list of substrates is available below:DDX5 CHUK"" style=""cursor: pointer; text-decoration: underline dotted;"">2 substrates"
"262","PTK2","0.3781","0.00","0.00",""" title=""Overlapping EnrichrSubstrates"" data-content=""PTK2 targets 1 genes from the input gene list.The full list of substrates is available below:SUMO1"" style=""cursor: pointer; text-decoration: underline dotted;"">1 substrates"
"263","PAK3","0.3781","0.00","0.00",""" title=""Overlapping EnrichrSubstrates"" data-content=""PAK3 targets 1 genes from the input gene list.The full list of substrates is available below:CDKN1A"" style=""cursor: pointer; text-decoration: underline dotted;"">1 substrates"
"264","PRKCG","0.3844","0.00","0.00",""" title=""Overlapping EnrichrSubstrates"" data-content=""PRKCG targets 1 genes from the input gene list.The full list of substrates is available below:HSP90AA1"" style=""cursor: pointer; text-decoration: underline dotted;"">1 substrates"
"265","NEK2","0.3844","0.00","0.00",""" title=""Overlapping EnrichrSubstrates"" data-content=""NEK2 targets 1 genes from the input gene list.The full list of substrates is available below:PPP1CC"" style=""cursor: pointer; text-decoration: underline dotted;"">1 substrates"
"266","PDPK1","0.3844","0.00","0.00",""" title=""Overlapping EnrichrSubstrates"" data-content=""PDPK1 targets 1 genes from the input gene list.The full list of substrates is available below:AKT1"" style=""cursor: pointer; text-decoration: underline dotted;"">1 substrates"
"267","FGR","0.4088","0.00","0.00",""" title=""Overlapping EnrichrSubstrates"" data-content=""FGR targets 1 genes from the input gene list.The full list of substrates is available below:HSP90AA1"" style=""cursor: pointer; text-decoration: underline dotted;"">1 substrates"
"268","IGF1R","0.4265","0.00","0.00",""" title=""Overlapping EnrichrSubstrates"" data-content=""IGF1R targets 1 genes from the input gene list.The full list of substrates is available below:FOS"" style=""cursor: pointer; text-decoration: underline dotted;"">1 substrates"
"269","ABL","0.4437","0.00","0.00",""" title=""Overlapping EnrichrSubstrates"" data-content=""ABL targets 1 genes from the input gene list.The full list of substrates is available below:MYOD1"" style=""cursor: pointer; text-decoration: underline dotted;"">1 substrates"
"270","ERBB3","0.4494","0.00","0.00",""" title=""Overlapping EnrichrSubstrates"" data-content=""ERBB3 targets 1 genes from the input gene list.The full list of substrates is available below:AKT1"" style=""cursor: pointer; text-decoration: underline dotted;"">1 substrates"
"271","CAMKIIALPHA","0.4604","0.00","0.00",""" title=""Overlapping EnrichrSubstrates"" data-content=""CAMKIIALPHA targets 1 genes from the input gene list.The full list of substrates is available below:CEBPB"" style=""cursor: pointer; text-decoration: underline dotted;"">1 substrates"
"272","MAP3K8","0.4871","0.00","0.00",""" title=""Overlapping EnrichrSubstrates"" data-content=""MAP3K8 targets 1 genes from the input gene list.The full list of substrates is available below:HSP90AA1"" style=""cursor: pointer; text-decoration: underline dotted;"">1 substrates"
"273","PRKG1","0.4923","0.00","0.00",""" title=""Overlapping EnrichrSubstrates"" data-content=""PRKG1 targets 1 genes from the input gene list.The full list of substrates is available below:CDKN1A"" style=""cursor: pointer; text-decoration: underline dotted;"">1 substrates"
"274","ROCK1","0.5224","0.00","0.00",""" title=""Overlapping EnrichrSubstrates"" data-content=""ROCK1 targets 1 genes from the input gene list.The full list of substrates is available below:HIST1H3A"" style=""cursor: pointer; text-decoration: underline dotted;"">1 substrates"
"275","PKCGAMMA","0.5272","0.00","0.00",""" title=""Overlapping EnrichrSubstrates"" data-content=""PKCGAMMA targets 1 genes from the input gene list.The full list of substrates is available below:PRKCD"" style=""cursor: pointer; text-decoration: underline dotted;"">1 substrates"
"276","PRKCE","0.5597","0.00","0.00",""" title=""Overlapping EnrichrSubstrates"" data-content=""PRKCE targets 1 genes from the input gene list.The full list of substrates is available below:STAT3"" style=""cursor: pointer; text-decoration: underline dotted;"">1 substrates"
"277","MAP3K3","0.5662","0.00","0.00",""" title=""Overlapping EnrichrSubstrates"" data-content=""MAP3K3 targets 2 genes from the input gene list.The full list of substrates is available below:PPP1CC ACTN4"" style=""cursor: pointer; text-decoration: underline dotted;"">2 substrates"