"Rank","Protein Kinase","Hypergeometric p-value","Z-score","Combined score","Enriched Substrates"
"1","CSNK2A1","9.509e-23","0.00","0.00",""" title=""Overlapping EnrichrSubstrates"" data-content=""CSNK2A1 targets 59 genes from the input gene list.The full list of substrates is available below:EHMT2 AKT1 DAXX SET JUN EZH2 CTCF SIRT1 CRYAB STAT3 YY1 SQSTM1 KPNB1 FOXO3 FOXO1 PIN1 MDM4 SUMO1 UHRF1 STUB1 TRIM28 TP53 SMARCA4 RELA NPM1 CAV1 GSK3B OTUB1 SMC3 MYC RAD21 PLK1 SNAI1 CDKN1A NCOR2 NCOR1 USP7 NCL CUL3 SKIL COPS5 SIN3A CEBPB HDAC2 HDAC3 RBBP4 PML SOX2 STAG1 STAG2 TOP2A TOP2B XPO1 SUZ12 SMAD4 SMAD3 ESR1 MAPK9 MAPK1"" style=""cursor: pointer; text-decoration: underline dotted;"">59 substrates"
"2","CDK1","4.898e-19","0.00","0.00",""" title=""Overlapping EnrichrSubstrates"" data-content=""CDK1 targets 57 genes from the input gene list.The full list of substrates is available below:EHMT2 CDCA5 JUN EZH2 CTCF SIRT1 STAT3 SQSTM1 KPNB1 FOXO3 FOXO1 SP1 MDM4 NFE2L2 UHRF1 STUB1 TRIM28 TP53 SMARCA4 SNW1 HNF4A RELA NPM1 CAV1 GSK3B REST SMC3 MYC RAD21 PLK1 CDKN1A NCOR2 NCOR1 USP7 NCL SIN3A SMC1A CEBPA CEBPB HDAC2 RBBP4 PML ASXL1 SOX2 STAG1 STAG2 ATM TOP2A TOP2B XPO1 SUZ12 SMAD4 SMAD3 ESR1 YBX1 MAPK8 MAPK1"" style=""cursor: pointer; text-decoration: underline dotted;"">57 substrates"
"3","HIPK2","1.278e-18","0.00","0.00",""" title=""Overlapping EnrichrSubstrates"" data-content=""HIPK2 targets 23 genes from the input gene list.The full list of substrates is available below:TRIM28 MYC TP53 SMAD2 SMAD1 SMAD3 CAV1 MDM4 CHD8 PHF1 MECP2 SUMO1 SIN3A PARP1 PAX6 SIRT1 NCOR1 HDAC4 CEBPB RELA MAPK8 PML ASXL1"" style=""cursor: pointer; text-decoration: underline dotted;"">23 substrates"
"4","MAPK14","9.033e-18","0.00","0.00",""" title=""Overlapping EnrichrSubstrates"" data-content=""MAPK14 targets 43 genes from the input gene list.The full list of substrates is available below:EHMT2 AKT1 JUN EZH2 CTCF CRYAB STAT3 YY1 SQSTM1 FOXO3 FOXO1 SP1 MDM4 NFE2L2 TP53 SMARCA4 HNF4A RELA NPM1 CAV1 GSK3B SMC3 MYC PLK1 CDKN1A NCOR2 NCOR1 SIN3A CEBPA CEBPB RBBP4 ASXL1 STAG1 TOP2A TOP2B XPO1 PARP1 SUZ12 SMAD4 SMAD3 ESR1 MAPK8 MAPK1"" style=""cursor: pointer; text-decoration: underline dotted;"">43 substrates"
"5","GSK3B","3.788e-16","0.00","0.00",""" title=""Overlapping EnrichrSubstrates"" data-content=""GSK3B targets 59 genes from the input gene list.The full list of substrates is available below:SET JUN MECP2 SP1 UHRF1 TP53 SMARCA4 RELA CAV1 REST SMC3 PLK1 SNAI1 CDKN1A NCOR2 NCOR1 HDAC4 CEBPA CEBPB PML ASXL1 TOP2A TOP2B KDM5A MAPK8 MAPK7 MAPK1 EHMT2 DAXX EZH2 CTCF SIRT1 STAT3 SQSTM1 KPNB1 FOXO3 FOXO1 MDM4 NFE2L2 SNW1 NPM1 GSK3B MYC SKIL SIN3A RBBP4 KLF5 SOX2 STAG1 STAG2 SUZ12 CDYL SMAD2 SMAD1 SMAD4 SMAD3 SMURF1 ESR1 SMAD7"" style=""cursor: pointer; text-decoration: underline dotted;"">59 substrates"
"6","CDK2","6.746e-13","0.00","0.00",""" title=""Overlapping EnrichrSubstrates"" data-content=""CDK2 targets 59 genes from the input gene list.The full list of substrates is available below:SET CDCA5 JUN SP1 UHRF1 TRIM28 TP53 SMARCA4 CAV1 RNF4 REST SMC3 PLK1 CDKN1A NCOR2 USP7 SMC1A CEBPB HDAC2 PML ASXL1 TOP2A TOP2B XPO1 PARP1 MAPK8 MAPK1 EHMT2 DAXX EZH2 CTCF STAT3 YY1 ZBTB33 KPNB1 FOXO3 FOXO1 MDM4 NFE2L2 SUMO1 SNW1 NPM1 GSK3B CHD8 MYC RAD21 PAX6 NCL SIN3A RBBP4 SOX2 STAG1 STAG2 SUZ12 CDYL SMAD2 SMAD4 SMAD3 ESR1"" style=""cursor: pointer; text-decoration: underline dotted;"">59 substrates"
"7","MAPK3","1.406e-12","0.00","0.00",""" title=""Overlapping EnrichrSubstrates"" data-content=""MAPK3 targets 24 genes from the input gene list.The full list of substrates is available below:MYC AKT1 TP53 CDCA5 JUN TOP2A CDKN1A STAT3 FOXO3 FOXO1 SMAD2 SMAD4 SMAD3 CAV1 ESR1 SMAD7 SP1 GSK3B CEBPA CEBPB MAPK8 MAPK7 PML STUB1"" style=""cursor: pointer; text-decoration: underline dotted;"">24 substrates"
"8","DNAPK","1.831e-12","0.00","0.00",""" title=""Overlapping EnrichrSubstrates"" data-content=""DNAPK targets 16 genes from the input gene list.The full list of substrates is available below:SOX2 TRIM28 AKT1 TP53 SMAD2 JUN SMAD4 ESR1 SP1 ATM TOP2B PARP1 SMC1A RELA MAPK9 MAPK8"" style=""cursor: pointer; text-decoration: underline dotted;"">16 substrates"
"9","CDK4","4.638e-12","0.00","0.00",""" title=""Overlapping EnrichrSubstrates"" data-content=""CDK4 targets 17 genes from the input gene list.The full list of substrates is available below:SMC3 MYC TP53 FOXO1 SMAD2 JUN SMAD3 ESR1 SP1 MDM4 CDKN1A CHD8 SUMO1 PARP1 CEBPA CEBPB STAT3"" style=""cursor: pointer; text-decoration: underline dotted;"">17 substrates"
"10","GSK3BETA","1.173e-11","0.00","0.00",""" title=""Overlapping EnrichrSubstrates"" data-content=""GSK3BETA targets 17 genes from the input gene list.The full list of substrates is available below:MYC AKT1 TP53 FOXO3 FOXO1 SMAD1 JUN SMAD3 ESR1 SNAI1 PIN1 GSK3B PHF1 HNF4A PARP1 CEBPB STAT3"" style=""cursor: pointer; text-decoration: underline dotted;"">17 substrates"
"11","AKT1","1.871e-11","0.00","0.00",""" title=""Overlapping EnrichrSubstrates"" data-content=""AKT1 targets 23 genes from the input gene list.The full list of substrates is available below:SOX2 MYC AKT1 TP53 JUN EZH2 CDKN1A NCOR1 STAT3 SKI PIAS2 FOXO4 FOXO3 FOXO1 SMAD4 SMAD3 ESR1 SP1 MDM4 KDM5A GSK3B YBX1 MAPK1"" style=""cursor: pointer; text-decoration: underline dotted;"">23 substrates"
"12","MAPK1","2.007e-11","0.00","0.00",""" title=""Overlapping EnrichrSubstrates"" data-content=""MAPK1 targets 30 genes from the input gene list.The full list of substrates is available below:MYC AKT1 CDCA5 JUN SNAI1 EZH2 CDKN1A NCOR2 STAT3 FOXO3 FOXO1 SP1 CEBPA CEBPB PML TP53 TOP2A PARP1 RELA SMAD2 SMAD1 SMAD4 SMAD3 CAV1 ESR1 SMAD7 GSK3B MAPK8 MAPK7 MAPK1"" style=""cursor: pointer; text-decoration: underline dotted;"">30 substrates"
"13","ERK1","5.817e-11","0.00","0.00",""" title=""Overlapping EnrichrSubstrates"" data-content=""ERK1 targets 17 genes from the input gene list.The full list of substrates is available below:MYC SQSTM1 TP53 SMAD2 SMAD1 JUN SMAD4 SMAD3 ESR1 SP1 NCOR2 HDAC4 CEBPB RELA MAPK8 MAPK7 STAT3"" style=""cursor: pointer; text-decoration: underline dotted;"">17 substrates"
"14","CK2ALPHA","2.953e-10","0.00","0.00",""" title=""Overlapping EnrichrSubstrates"" data-content=""CK2ALPHA targets 19 genes from the input gene list.The full list of substrates is available below:MYC AKT1 TP53 JUN SMARCA4 TOP2A NCOR2 RELA NPM1 YY1 NCL SP1 SUMO1 SIN3A HDAC4 HDAC2 HDAC3 RBBP4 PML"" style=""cursor: pointer; text-decoration: underline dotted;"">19 substrates"
"15","ERK2","2.262e-9","0.00","0.00",""" title=""Overlapping EnrichrSubstrates"" data-content=""ERK2 targets 15 genes from the input gene list.The full list of substrates is available below:MYC TP53 SMAD2 SMAD1 JUN SMAD4 SMAD3 ESR1 SP1 NCOR2 HDAC4 CEBPB RELA MAPK7 STAT3"" style=""cursor: pointer; text-decoration: underline dotted;"">15 substrates"
"16","JNK1","2.743e-9","0.00","0.00",""" title=""Overlapping EnrichrSubstrates"" data-content=""JNK1 targets 12 genes from the input gene list.The full list of substrates is available below:CDKN1A HNF4A MYC SIRT1 TP53 RELA MAPK8 SMAD2 JUN SMAD3 STAT3 SP1"" style=""cursor: pointer; text-decoration: underline dotted;"">12 substrates"
"17","GSK3ALPHA","3.081e-9","0.00","0.00",""" title=""Overlapping EnrichrSubstrates"" data-content=""GSK3ALPHA targets 10 genes from the input gene list.The full list of substrates is available below:GSK3B HNF4A MYC AKT1 PARP1 TP53 FOXO3 FOXO1 JUN ESR1"" style=""cursor: pointer; text-decoration: underline dotted;"">10 substrates"
"18","CDC2","4.694e-9","0.00","0.00",""" title=""Overlapping EnrichrSubstrates"" data-content=""CDC2 targets 19 genes from the input gene list.The full list of substrates is available below:TRIM28 MYC TP53 RAD21 JUN PLK1 ATM EZH2 TOP2A TOP2B CDKN1A XPO1 PARP1 NCOR1 RELA NPM1 STAT3 NCL FOXO1"" style=""cursor: pointer; text-decoration: underline dotted;"">19 substrates"
"19","RPS6KA3","5.826e-9","0.00","0.00",""" title=""Overlapping EnrichrSubstrates"" data-content=""RPS6KA3 targets 19 genes from the input gene list.The full list of substrates is available below:MYC TP53 JUN PLK1 TOP2A TOP2B CDKN1A CTCF HNF4A NCOR2 STAT3 KPNA4 FOXO3 SMAD3 ESR1 SMAD7 GSK3B YBX1 SIN3A"" style=""cursor: pointer; text-decoration: underline dotted;"">19 substrates"
"20","PKBALPHA","2.117e-8","0.00","0.00",""" title=""Overlapping EnrichrSubstrates"" data-content=""PKBALPHA targets 16 genes from the input gene list.The full list of substrates is available below:MYC AKT1 TP53 EZH2 CDKN1A NCOR2 RELA NPM1 FOXO4 FOXO3 FOXO1 SMAD2 SMAD3 ESR1 MDM4 GSK3B"" style=""cursor: pointer; text-decoration: underline dotted;"">16 substrates"
"21","MAPK8","3.262e-7","0.00","0.00",""" title=""Overlapping EnrichrSubstrates"" data-content=""MAPK8 targets 15 genes from the input gene list.The full list of substrates is available below:SOX2 MYC TP53 JUN CDKN1A SIRT1 SUZ12 STAT3 FOXO4 FOXO3 SP1 NFE2L2 SIN3A MAPK1 STUB1"" style=""cursor: pointer; text-decoration: underline dotted;"">15 substrates"
"22","PKBBETA","3.320e-7","0.00","0.00",""" title=""Overlapping EnrichrSubstrates"" data-content=""PKBBETA targets 8 genes from the input gene list.The full list of substrates is available below:GSK3B CDKN1A FOXO4 FOXO3 FOXO1 RELA AKT1 ESR1"" style=""cursor: pointer; text-decoration: underline dotted;"">8 substrates"
"23","PRKCD","4.644e-7","0.00","0.00",""" title=""Overlapping EnrichrSubstrates"" data-content=""PRKCD targets 12 genes from the input gene list.The full list of substrates is available below:TRIM28 SQSTM1 TP53 JUN CAV1 NFE2L2 GSK3B CDKN1A HDAC5 MAPK8 MAPK1 STAT3"" style=""cursor: pointer; text-decoration: underline dotted;"">12 substrates"
"24","PRKCZ","0.000001878","0.00","0.00",""" title=""Overlapping EnrichrSubstrates"" data-content=""PRKCZ targets 9 genes from the input gene list.The full list of substrates is available below:GSK3B AKT1 PIAS4 RELA MAPK7 MAPK1 STAT3 SP1 PIN1"" style=""cursor: pointer; text-decoration: underline dotted;"">9 substrates"
"25","ABL1","0.000002022","0.00","0.00",""" title=""Overlapping EnrichrSubstrates"" data-content=""ABL1 targets 12 genes from the input gene list.The full list of substrates is available below:MYC TP53 JUN CAV1 PLK1 ESR1 SNW1 MDM4 CDKN1A CEBPB HDAC2 STAT3"" style=""cursor: pointer; text-decoration: underline dotted;"">12 substrates"
"26","PLK1","0.000002986","0.00","0.00",""" title=""Overlapping EnrichrSubstrates"" data-content=""PLK1 targets 15 genes from the input gene list.The full list of substrates is available below:SMC3 MYC TP53 RAD21 PLK1 STAG2 TOP2A CDKN1A XPO1 SUZ12 NPM1 YY1 FOXO3 PIN1 SMC1A"" style=""cursor: pointer; text-decoration: underline dotted;"">15 substrates"
"27","GSK","0.000003284","0.00","0.00",""" title=""Overlapping EnrichrSubstrates"" data-content=""GSK targets 6 genes from the input gene list.The full list of substrates is available below:CDKN1A CEBPB RELA MYC ESR1 SNAI1"" style=""cursor: pointer; text-decoration: underline dotted;"">6 substrates"
"28","IKKBETA","0.000003666","0.00","0.00",""" title=""Overlapping EnrichrSubstrates"" data-content=""IKKBETA targets 7 genes from the input gene list.The full list of substrates is available below:FOXO3 RELA AKT1 STAT3 IRF7 SQSTM1 TP53"" style=""cursor: pointer; text-decoration: underline dotted;"">7 substrates"
"29","TGFBR2","0.000006116","0.00","0.00",""" title=""Overlapping EnrichrSubstrates"" data-content=""TGFBR2 targets 8 genes from the input gene list.The full list of substrates is available below:MYC TP53 SMAD2 SMAD3 CAV1 PML SP1 SNAI1"" style=""cursor: pointer; text-decoration: underline dotted;"">8 substrates"
"30","RPS6KA1","0.00001249","0.00","0.00",""" title=""Overlapping EnrichrSubstrates"" data-content=""RPS6KA1 targets 8 genes from the input gene list.The full list of substrates is available below:GSK3B YBX1 TP53 CEBPB MAPK7 MAPK1 JUN ESR1"" style=""cursor: pointer; text-decoration: underline dotted;"">8 substrates"
"31","CSNK1A1","0.00001359","0.00","0.00",""" title=""Overlapping EnrichrSubstrates"" data-content=""CSNK1A1 targets 8 genes from the input gene list.The full list of substrates is available below:CDKN1A YBX1 SQSTM1 TP53 KPNB1 FOXO1 RELA MDM4"" style=""cursor: pointer; text-decoration: underline dotted;"">8 substrates"
"32","ATM","0.00001721","0.00","0.00",""" title=""Overlapping EnrichrSubstrates"" data-content=""ATM targets 13 genes from the input gene list.The full list of substrates is available below:SMC3 SOX2 TRIM28 DAXX TP53 SMARCA4 ATM EZH2 PARP1 SMAD1 SP1 MDM4 SMC1A"" style=""cursor: pointer; text-decoration: underline dotted;"">13 substrates"
"33","CSNK1E","0.00001979","0.00","0.00",""" title=""Overlapping EnrichrSubstrates"" data-content=""CSNK1E targets 7 genes from the input gene list.The full list of substrates is available below:MYC NCL TP53 SET ESR1 SMARCA4 SNAI1"" style=""cursor: pointer; text-decoration: underline dotted;"">7 substrates"
"34","PKD1","0.00001979","0.00","0.00",""" title=""Overlapping EnrichrSubstrates"" data-content=""PKD1 targets 7 genes from the input gene list.The full list of substrates is available below:XPO1 TP53 HDAC4 HDAC5 MAPK9 MAPK8 JUN"" style=""cursor: pointer; text-decoration: underline dotted;"">7 substrates"
"35","IKKALPHA","0.00002137","0.00","0.00",""" title=""Overlapping EnrichrSubstrates"" data-content=""IKKALPHA targets 5 genes from the input gene list.The full list of substrates is available below:FOXO3 RELA NCOR2 IRF7 AKT1"" style=""cursor: pointer; text-decoration: underline dotted;"">5 substrates"
"36","MELK","0.00004209","0.00","0.00",""" title=""Overlapping EnrichrSubstrates"" data-content=""MELK targets 5 genes from the input gene list.The full list of substrates is available below:SMAD2 SMAD4 SMAD3 SMAD7 TP53"" style=""cursor: pointer; text-decoration: underline dotted;"">5 substrates"
"37","PKBGAMMA","0.00004911","0.00","0.00",""" title=""Overlapping EnrichrSubstrates"" data-content=""PKBGAMMA targets 5 genes from the input gene list.The full list of substrates is available below:GSK3B CDKN1A FOXO3 FOXO1 RELA"" style=""cursor: pointer; text-decoration: underline dotted;"">5 substrates"
"38","JNK2","0.00007574","0.00","0.00",""" title=""Overlapping EnrichrSubstrates"" data-content=""JNK2 targets 5 genes from the input gene list.The full list of substrates is available below:RELA MYC SMAD2 JUN TP53"" style=""cursor: pointer; text-decoration: underline dotted;"">5 substrates"
"39","PRKCB","0.00007911","0.00","0.00",""" title=""Overlapping EnrichrSubstrates"" data-content=""PRKCB targets 11 genes from the input gene list.The full list of substrates is available below:AKT1 TP53 JUN CDKN1A STAT3 CAV1 ESR1 SMAD7 GSK3B MAPK9 ASXL1"" style=""cursor: pointer; text-decoration: underline dotted;"">11 substrates"
"40","PRKDC","0.0001046","0.00","0.00",""" title=""Overlapping EnrichrSubstrates"" data-content=""PRKDC targets 8 genes from the input gene list.The full list of substrates is available below:MYC AKT1 TP53 STAG1 ATM CDKN1A RELA MAPK8"" style=""cursor: pointer; text-decoration: underline dotted;"">8 substrates"
"41","AURORAA","0.0001136","0.00","0.00",""" title=""Overlapping EnrichrSubstrates"" data-content=""AURORAA targets 7 genes from the input gene list.The full list of substrates is available below:TOP2A GSK3B AKT1 NCOR1 TP53 HDAC3 PLK1"" style=""cursor: pointer; text-decoration: underline dotted;"">7 substrates"
"42","CHEK1","0.0001182","0.00","0.00",""" title=""Overlapping EnrichrSubstrates"" data-content=""CHEK1 targets 11 genes from the input gene list.The full list of substrates is available below:SOX2 TRIM28 MYC TP53 PLK1 EZH2 TOP2A CDKN1A MDM4 YBX1 SIN3A"" style=""cursor: pointer; text-decoration: underline dotted;"">11 substrates"
"43","AURKA","0.0001219","0.00","0.00",""" title=""Overlapping EnrichrSubstrates"" data-content=""AURKA targets 7 genes from the input gene list.The full list of substrates is available below:GSK3B CDKN1A TP53 PLK1 ESR1 SKI PIN1"" style=""cursor: pointer; text-decoration: underline dotted;"">7 substrates"
"44","CHUK","0.0001308","0.00","0.00",""" title=""Overlapping EnrichrSubstrates"" data-content=""CHUK targets 7 genes from the input gene list.The full list of substrates is available below:MYC BTRC NCOR2 NCOR1 FOXO3 RELA ESR1"" style=""cursor: pointer; text-decoration: underline dotted;"">7 substrates"
"45","RET","0.0001611","0.00","0.00",""" title=""Overlapping EnrichrSubstrates"" data-content=""RET targets 5 genes from the input gene list.The full list of substrates is available below:MAPK9 MAPK8 AKT1 MAPK1 STAT3"" style=""cursor: pointer; text-decoration: underline dotted;"">5 substrates"
"46","CDK5","0.0001619","0.00","0.00",""" title=""Overlapping EnrichrSubstrates"" data-content=""CDK5 targets 10 genes from the input gene list.The full list of substrates is available below:MYC TP53 FOXO1 ATM NFE2L2 GSK3B CDKN1A HDAC5 STAT3 STUB1"" style=""cursor: pointer; text-decoration: underline dotted;"">10 substrates"
"47","AURKB","0.0001862","0.00","0.00",""" title=""Overlapping EnrichrSubstrates"" data-content=""AURKB targets 9 genes from the input gene list.The full list of substrates is available below:YY1 SSU72 TP53 CDCA5 PLK1 PIN1 ATM TOP2A HDAC5"" style=""cursor: pointer; text-decoration: underline dotted;"">9 substrates"
"48","CK2","0.0002808","0.00","0.00",""" title=""Overlapping EnrichrSubstrates"" data-content=""CK2 targets 6 genes from the input gene list.The full list of substrates is available below:TOP2A AKT1 HDAC2 RELA MAPK9 JUN"" style=""cursor: pointer; text-decoration: underline dotted;"">6 substrates"
"49","RAF1","0.0003247","0.00","0.00",""" title=""Overlapping EnrichrSubstrates"" data-content=""RAF1 targets 8 genes from the input gene list.The full list of substrates is available below:MYC AKT1 TP53 ESR1 PIN1 PARP1 MAPK7 MAPK1"" style=""cursor: pointer; text-decoration: underline dotted;"">8 substrates"
"50","PRKCA","0.0004770","0.00","0.00",""" title=""Overlapping EnrichrSubstrates"" data-content=""PRKCA targets 24 genes from the input gene list.The full list of substrates is available below:AKT1 JUN CRYAB STAT3 SQSTM1 NFE2L2 STUB1 TP53 HNF4A RELA CAV1 GSK3B HOXA9 MYC CDKN1A NCOR2 NCOR1 AHR CEBPB ATM TOP2A SMAD3 ESR1 MAPK1"" style=""cursor: pointer; text-decoration: underline dotted;"">24 substrates"
"51","MAP2K3","0.0004876","0.00","0.00",""" title=""Overlapping EnrichrSubstrates"" data-content=""MAP2K3 targets 5 genes from the input gene list.The full list of substrates is available below:SMAD2 SMAD1 SMAD4 SMAD3 SMURF1"" style=""cursor: pointer; text-decoration: underline dotted;"">5 substrates"
"52","CSNK2A2","0.0004955","0.00","0.00",""" title=""Overlapping EnrichrSubstrates"" data-content=""CSNK2A2 targets 8 genes from the input gene list.The full list of substrates is available below:SMC3 SOX2 MYC TP53 JUN TOP2A CDKN1A NPM1"" style=""cursor: pointer; text-decoration: underline dotted;"">8 substrates"
"53","PRKAA1","0.0004991","0.00","0.00",""" title=""Overlapping EnrichrSubstrates"" data-content=""PRKAA1 targets 7 genes from the input gene list.The full list of substrates is available below:SQSTM1 TP53 FOXO3 FOXO1 NFE2L2 HNF4A HDAC5"" style=""cursor: pointer; text-decoration: underline dotted;"">7 substrates"
"54","CHEK2","0.0005321","0.00","0.00",""" title=""Overlapping EnrichrSubstrates"" data-content=""CHEK2 targets 5 genes from the input gene list.The full list of substrates is available below:TRIM28 TP53 PLK1 PML MDM4"" style=""cursor: pointer; text-decoration: underline dotted;"">5 substrates"
"55","TBK1","0.0006396","0.00","0.00",""" title=""Overlapping EnrichrSubstrates"" data-content=""TBK1 targets 6 genes from the input gene list.The full list of substrates is available below:AKT1 IRF7 SQSTM1 RELA STAT3 ESR1"" style=""cursor: pointer; text-decoration: underline dotted;"">6 substrates"
"56","IKBKE","0.0006807","0.00","0.00",""" title=""Overlapping EnrichrSubstrates"" data-content=""IKBKE targets 6 genes from the input gene list.The full list of substrates is available below:AKT1 BTRC IRF7 FOXO3 RELA ESR1"" style=""cursor: pointer; text-decoration: underline dotted;"">6 substrates"
"57","MTOR","0.0006813","0.00","0.00",""" title=""Overlapping EnrichrSubstrates"" data-content=""MTOR targets 7 genes from the input gene list.The full list of substrates is available below:EHMT2 MYC AKT1 SQSTM1 JUN ESR1 STAT3"" style=""cursor: pointer; text-decoration: underline dotted;"">7 substrates"
"58","UHMK1","0.0007062","0.00","0.00",""" title=""Overlapping EnrichrSubstrates"" data-content=""UHMK1 targets 4 genes from the input gene list.The full list of substrates is available below:SMAD2 SMAD1 SMAD4 SMURF1"" style=""cursor: pointer; text-decoration: underline dotted;"">4 substrates"
"59","PIM1","0.0007412","0.00","0.00",""" title=""Overlapping EnrichrSubstrates"" data-content=""PIM1 targets 5 genes from the input gene list.The full list of substrates is available below:CDKN1A MYC UHRF1 FOXO3 RELA"" style=""cursor: pointer; text-decoration: underline dotted;"">5 substrates"
"60","SRC","0.0009624","0.00","0.00",""" title=""Overlapping EnrichrSubstrates"" data-content=""SRC targets 15 genes from the input gene list.The full list of substrates is available below:MYC AKT1 JUN PLK1 CDKN1A STAT3 CEBPB TP53 TOP2A HNF4A SMAD3 CAV1 ESR1 SMAD7 MAPK1"" style=""cursor: pointer; text-decoration: underline dotted;"">15 substrates"
"61","ATR","0.001098","0.00","0.00",""" title=""Overlapping EnrichrSubstrates"" data-content=""ATR targets 7 genes from the input gene list.The full list of substrates is available below:DAXX TP53 SP1 ATM SMC1A NPM1 PML"" style=""cursor: pointer; text-decoration: underline dotted;"">7 substrates"
"62","MAPK9","0.001150","0.00","0.00",""" title=""Overlapping EnrichrSubstrates"" data-content=""MAPK9 targets 6 genes from the input gene list.The full list of substrates is available below:CDKN1A MYC TP53 FOXO4 JUN STAT3"" style=""cursor: pointer; text-decoration: underline dotted;"">6 substrates"
"63","PRKACA","0.001200","0.00","0.00",""" title=""Overlapping EnrichrSubstrates"" data-content=""PRKACA targets 25 genes from the input gene list.The full list of substrates is available below:JUN CRYAB STAT3 FOXO3 PIN1 UHRF1 TP53 HNF4A RELA CAV1 GSK3B MYC SNAI1 CDKN1A NCOR2 NCOR1 HDAC5 CEBPB TOP2A TOP2B SMAD4 SMAD3 ESR1 SMAD7 MAPK1"" style=""cursor: pointer; text-decoration: underline dotted;"">25 substrates"
"64","CK2A2","0.001430","0.00","0.00",""" title=""Overlapping EnrichrSubstrates"" data-content=""CK2A2 targets 5 genes from the input gene list.The full list of substrates is available below:MYC NCL HDAC2 RELA JUN"" style=""cursor: pointer; text-decoration: underline dotted;"">5 substrates"
"65","PKCALPHA","0.001626","0.00","0.00",""" title=""Overlapping EnrichrSubstrates"" data-content=""PKCALPHA targets 7 genes from the input gene list.The full list of substrates is available below:MYC TP53 CAV1 TOP2A GSK3B MAPK7 KLF5"" style=""cursor: pointer; text-decoration: underline dotted;"">7 substrates"
"66","MARK2","0.001773","0.00","0.00",""" title=""Overlapping EnrichrSubstrates"" data-content=""MARK2 targets 4 genes from the input gene list.The full list of substrates is available below:HDAC4 GSK3B HDAC5 PHF1"" style=""cursor: pointer; text-decoration: underline dotted;"">4 substrates"
"67","MAP3K7","0.001835","0.00","0.00",""" title=""Overlapping EnrichrSubstrates"" data-content=""MAP3K7 targets 6 genes from the input gene list.The full list of substrates is available below:DDX17 SQSTM1 SMAD3 SMURF1 HDAC4 HDAC5"" style=""cursor: pointer; text-decoration: underline dotted;"">6 substrates"
"68","PLK3","0.001936","0.00","0.00",""" title=""Overlapping EnrichrSubstrates"" data-content=""PLK3 targets 4 genes from the input gene list.The full list of substrates is available below:TOP2A JUN NPM1 TP53"" style=""cursor: pointer; text-decoration: underline dotted;"">4 substrates"
"69","DYRK2","0.001936","0.00","0.00",""" title=""Overlapping EnrichrSubstrates"" data-content=""DYRK2 targets 4 genes from the input gene list.The full list of substrates is available below:MYC JUN STAT3 TP53"" style=""cursor: pointer; text-decoration: underline dotted;"">4 substrates"
"70","PRKAA2","0.002110","0.00","0.00",""" title=""Overlapping EnrichrSubstrates"" data-content=""PRKAA2 targets 4 genes from the input gene list.The full list of substrates is available below:HDAC5 FOXO3 PARP1 TP53"" style=""cursor: pointer; text-decoration: underline dotted;"">4 substrates"
"71","PKR","0.002488","0.00","0.00",""" title=""Overlapping EnrichrSubstrates"" data-content=""PKR targets 4 genes from the input gene list.The full list of substrates is available below:NPM1 STAT3 IRF7 TP53"" style=""cursor: pointer; text-decoration: underline dotted;"">4 substrates"
"72","MAP2K1","0.002652","0.00","0.00",""" title=""Overlapping EnrichrSubstrates"" data-content=""MAP2K1 targets 5 genes from the input gene list.The full list of substrates is available below:GSK3B MYC MAPK8 MAPK1 STAT3"" style=""cursor: pointer; text-decoration: underline dotted;"">5 substrates"
"73","CAM","0.003105","0.00","0.00",""" title=""Overlapping EnrichrSubstrates"" data-content=""CAM targets 2 genes from the input gene list.The full list of substrates is available below:HDAC4 HDAC5"" style=""cursor: pointer; text-decoration: underline dotted;"">2 substrates"
"74","IKK","0.003105","0.00","0.00",""" title=""Overlapping EnrichrSubstrates"" data-content=""IKK targets 2 genes from the input gene list.The full list of substrates is available below:NCOR2 RELA"" style=""cursor: pointer; text-decoration: underline dotted;"">2 substrates"
"75","CDK7","0.003134","0.00","0.00",""" title=""Overlapping EnrichrSubstrates"" data-content=""CDK7 targets 5 genes from the input gene list.The full list of substrates is available below:TOP2A GTF2B TP53 SMAD1 ESR1"" style=""cursor: pointer; text-decoration: underline dotted;"">5 substrates"
"76","NLK","0.003140","0.00","0.00",""" title=""Overlapping EnrichrSubstrates"" data-content=""NLK targets 4 genes from the input gene list.The full list of substrates is available below:FOXO1 HNF4A SMAD4 STAT3"" style=""cursor: pointer; text-decoration: underline dotted;"">4 substrates"
"77","NIK","0.004106","0.00","0.00",""" title=""Overlapping EnrichrSubstrates"" data-content=""NIK targets 2 genes from the input gene list.The full list of substrates is available below:CEBPB TP53"" style=""cursor: pointer; text-decoration: underline dotted;"">2 substrates"
"78","GSK3A","0.004470","0.00","0.00",""" title=""Overlapping EnrichrSubstrates"" data-content=""GSK3A targets 4 genes from the input gene list.The full list of substrates is available below:MYC AKT1 CEBPA CEBPB"" style=""cursor: pointer; text-decoration: underline dotted;"">4 substrates"
"79","MAP2K4","0.004775","0.00","0.00",""" title=""Overlapping EnrichrSubstrates"" data-content=""MAP2K4 targets 4 genes from the input gene list.The full list of substrates is available below:AKT1 DAXX MAPK9 MAPK8"" style=""cursor: pointer; text-decoration: underline dotted;"">4 substrates"
"80","MAPK11","0.004971","0.00","0.00",""" title=""Overlapping EnrichrSubstrates"" data-content=""MAPK11 targets 6 genes from the input gene list.The full list of substrates is available below:TP53 JUN ESR1 HNF4A CEBPB PML"" style=""cursor: pointer; text-decoration: underline dotted;"">6 substrates"
"81","CK1ALPHA","0.005445","0.00","0.00",""" title=""Overlapping EnrichrSubstrates"" data-content=""CK1ALPHA targets 5 genes from the input gene list.The full list of substrates is available below:GSK3B TP53 JUN ATM MDM4"" style=""cursor: pointer; text-decoration: underline dotted;"">5 substrates"
"82","CK1DELTA","0.005774","0.00","0.00",""" title=""Overlapping EnrichrSubstrates"" data-content=""CK1DELTA targets 4 genes from the input gene list.The full list of substrates is available below:TP53 FOXO1 PLK1 MDM4"" style=""cursor: pointer; text-decoration: underline dotted;"">4 substrates"
"83","CK1EPSILON","0.005986","0.00","0.00",""" title=""Overlapping EnrichrSubstrates"" data-content=""CK1EPSILON targets 3 genes from the input gene list.The full list of substrates is available below:FOXO1 PLK1 TP53"" style=""cursor: pointer; text-decoration: underline dotted;"">3 substrates"
"84","DNA","0.006492","0.00","0.00",""" title=""Overlapping EnrichrSubstrates"" data-content=""DNA targets 2 genes from the input gene list.The full list of substrates is available below:JUN TP53"" style=""cursor: pointer; text-decoration: underline dotted;"">2 substrates"
"85","CDC7","0.006568","0.00","0.00",""" title=""Overlapping EnrichrSubstrates"" data-content=""CDC7 targets 3 genes from the input gene list.The full list of substrates is available below:TOP2A NPM1 NCL"" style=""cursor: pointer; text-decoration: underline dotted;"">3 substrates"
"86","CDK8","0.006568","0.00","0.00",""" title=""Overlapping EnrichrSubstrates"" data-content=""CDK8 targets 3 genes from the input gene list.The full list of substrates is available below:SMAD1 SMAD3 STAT3"" style=""cursor: pointer; text-decoration: underline dotted;"">3 substrates"
"87","CDK6","0.007183","0.00","0.00",""" title=""Overlapping EnrichrSubstrates"" data-content=""CDK6 targets 3 genes from the input gene list.The full list of substrates is available below:CEBPA CDKN1A NPM1"" style=""cursor: pointer; text-decoration: underline dotted;"">3 substrates"
"88","CAMK2D","0.007830","0.00","0.00",""" title=""Overlapping EnrichrSubstrates"" data-content=""CAMK2D targets 3 genes from the input gene list.The full list of substrates is available below:HDAC4 GSK3B SMAD4"" style=""cursor: pointer; text-decoration: underline dotted;"">3 substrates"
"89","CK1GAMMA1","0.007871","0.00","0.00",""" title=""Overlapping EnrichrSubstrates"" data-content=""CK1GAMMA1 targets 2 genes from the input gene list.The full list of substrates is available below:TP53 FOXO1"" style=""cursor: pointer; text-decoration: underline dotted;"">2 substrates"
"90","TGFBR1","0.008170","0.00","0.00",""" title=""Overlapping EnrichrSubstrates"" data-content=""TGFBR1 targets 4 genes from the input gene list.The full list of substrates is available below:IRF7 OTUB1 SMAD2 SMURF1"" style=""cursor: pointer; text-decoration: underline dotted;"">4 substrates"
"91","CDK3","0.008511","0.00","0.00",""" title=""Overlapping EnrichrSubstrates"" data-content=""CDK3 targets 3 genes from the input gene list.The full list of substrates is available below:CDKN1A JUN ESR1"" style=""cursor: pointer; text-decoration: underline dotted;"">3 substrates"
"92","CAMKIV","0.009368","0.00","0.00",""" title=""Overlapping EnrichrSubstrates"" data-content=""CAMKIV targets 2 genes from the input gene list.The full list of substrates is available below:HDAC4 RELA"" style=""cursor: pointer; text-decoration: underline dotted;"">2 substrates"
"93","BMPR1B","0.009975","0.00","0.00",""" title=""Overlapping EnrichrSubstrates"" data-content=""BMPR1B targets 3 genes from the input gene list.The full list of substrates is available below:SMAD2 SMAD1 IRF7"" style=""cursor: pointer; text-decoration: underline dotted;"">3 substrates"
"94","SGK1","0.01060","0.00","0.00",""" title=""Overlapping EnrichrSubstrates"" data-content=""SGK1 targets 4 genes from the input gene list.The full list of substrates is available below:FOXO3 FOXO1 MAPK7 MAPK1"" style=""cursor: pointer; text-decoration: underline dotted;"">4 substrates"
"95","CDK9","0.01076","0.00","0.00",""" title=""Overlapping EnrichrSubstrates"" data-content=""CDK9 targets 3 genes from the input gene list.The full list of substrates is available below:SMAD1 SMAD3 TP53"" style=""cursor: pointer; text-decoration: underline dotted;"">3 substrates"
"96","JNK3","0.01098","0.00","0.00",""" title=""Overlapping EnrichrSubstrates"" data-content=""JNK3 targets 2 genes from the input gene list.The full list of substrates is available below:JUN TP53"" style=""cursor: pointer; text-decoration: underline dotted;"">2 substrates"
"97","MAP3K5","0.01158","0.00","0.00",""" title=""Overlapping EnrichrSubstrates"" data-content=""MAP3K5 targets 3 genes from the input gene list.The full list of substrates is available below:CDKN1A MAPK8 DAXX"" style=""cursor: pointer; text-decoration: underline dotted;"">3 substrates"
"98","MAPKAPK2","0.01170","0.00","0.00",""" title=""Overlapping EnrichrSubstrates"" data-content=""MAPKAPK2 targets 4 genes from the input gene list.The full list of substrates is available below:TRIM28 AKT1 TP53 PLK1"" style=""cursor: pointer; text-decoration: underline dotted;"">4 substrates"
"99","ALK","0.01332","0.00","0.00",""" title=""Overlapping EnrichrSubstrates"" data-content=""ALK targets 3 genes from the input gene list.The full list of substrates is available below:RELA STAT3 TP53"" style=""cursor: pointer; text-decoration: underline dotted;"">3 substrates"
"100","PDHK1","0.01346","0.00","0.00",""" title=""Overlapping EnrichrSubstrates"" data-content=""PDHK1 targets 4 genes from the input gene list.The full list of substrates is available below:GSK3B AKT1 FOXO3 FOXO1"" style=""cursor: pointer; text-decoration: underline dotted;"">4 substrates"
"101","PRKD1","0.01540","0.00","0.00",""" title=""Overlapping EnrichrSubstrates"" data-content=""PRKD1 targets 4 genes from the input gene list.The full list of substrates is available below:AKT1 HDAC5 JUN SNAI1"" style=""cursor: pointer; text-decoration: underline dotted;"">4 substrates"
"102","ACTR2B","0.01649","0.00","0.00",""" title=""Overlapping EnrichrSubstrates"" data-content=""ACTR2B targets 2 genes from the input gene list.The full list of substrates is available below:SMAD2 SMAD3"" style=""cursor: pointer; text-decoration: underline dotted;"">2 substrates"
"103","DYRK1A","0.01723","0.00","0.00",""" title=""Overlapping EnrichrSubstrates"" data-content=""DYRK1A targets 3 genes from the input gene list.The full list of substrates is available below:FOXO1 SIRT1 TP53"" style=""cursor: pointer; text-decoration: underline dotted;"">3 substrates"
"104","RPS6KA5","0.01723","0.00","0.00",""" title=""Overlapping EnrichrSubstrates"" data-content=""RPS6KA5 targets 3 genes from the input gene list.The full list of substrates is available below:RELA TRIM28 STAT3"" style=""cursor: pointer; text-decoration: underline dotted;"">3 substrates"
"105","PAK2","0.01749","0.00","0.00",""" title=""Overlapping EnrichrSubstrates"" data-content=""PAK2 targets 4 genes from the input gene list.The full list of substrates is available below:MYC HDAC5 SMAD2 JUN"" style=""cursor: pointer; text-decoration: underline dotted;"">4 substrates"
"106","AURORAB","0.01823","0.00","0.00",""" title=""Overlapping EnrichrSubstrates"" data-content=""AURORAB targets 4 genes from the input gene list.The full list of substrates is available below:TOP2A XPO1 NPM1 PLK1"" style=""cursor: pointer; text-decoration: underline dotted;"">4 substrates"
"107","PAK1","0.01854","0.00","0.00",""" title=""Overlapping EnrichrSubstrates"" data-content=""PAK1 targets 5 genes from the input gene list.The full list of substrates is available below:AKT1 FOXO1 PLK1 ESR1 SNAI1"" style=""cursor: pointer; text-decoration: underline dotted;"">5 substrates"
"108","TAF1","0.02069","0.00","0.00",""" title=""Overlapping EnrichrSubstrates"" data-content=""TAF1 targets 2 genes from the input gene list.The full list of substrates is available below:GTF2B TP53"" style=""cursor: pointer; text-decoration: underline dotted;"">2 substrates"
"109","PAK3","0.02292","0.00","0.00",""" title=""Overlapping EnrichrSubstrates"" data-content=""PAK3 targets 3 genes from the input gene list.The full list of substrates is available below:CDKN1A PLK1 TP53"" style=""cursor: pointer; text-decoration: underline dotted;"">3 substrates"
"110","CAMK2A","0.02296","0.00","0.00",""" title=""Overlapping EnrichrSubstrates"" data-content=""CAMK2A targets 5 genes from the input gene list.The full list of substrates is available below:MYC SMAD2 CDKN1A NCOR2 HDAC5"" style=""cursor: pointer; text-decoration: underline dotted;"">5 substrates"
"111","FOXO3","0.02479","0.00","0.00",""" title=""Overlapping EnrichrSubstrates"" data-content=""FOXO3 targets 1 genes from the input gene list.The full list of substrates is available below:AKT1"" style=""cursor: pointer; text-decoration: underline dotted;"">1 substrates"
"112","TRIM33","0.02479","0.00","0.00",""" title=""Overlapping EnrichrSubstrates"" data-content=""TRIM33 targets 1 genes from the input gene list.The full list of substrates is available below:SMAD4"" style=""cursor: pointer; text-decoration: underline dotted;"">1 substrates"
"113","BORA","0.02479","0.00","0.00",""" title=""Overlapping EnrichrSubstrates"" data-content=""BORA targets 1 genes from the input gene list.The full list of substrates is available below:PLK1"" style=""cursor: pointer; text-decoration: underline dotted;"">1 substrates"
"114","LYK5","0.02479","0.00","0.00",""" title=""Overlapping EnrichrSubstrates"" data-content=""LYK5 targets 1 genes from the input gene list.The full list of substrates is available below:SMAD4"" style=""cursor: pointer; text-decoration: underline dotted;"">1 substrates"
"115","PIKFYVE","0.02479","0.00","0.00",""" title=""Overlapping EnrichrSubstrates"" data-content=""PIKFYVE targets 1 genes from the input gene list.The full list of substrates is available below:AKT1"" style=""cursor: pointer; text-decoration: underline dotted;"">1 substrates"
"116","PAK4","0.02545","0.00","0.00",""" title=""Overlapping EnrichrSubstrates"" data-content=""PAK4 targets 3 genes from the input gene list.The full list of substrates is available below:TP53 MAPK7 ESR1"" style=""cursor: pointer; text-decoration: underline dotted;"">3 substrates"
"117","PKCTHETA","0.02952","0.00","0.00",""" title=""Overlapping EnrichrSubstrates"" data-content=""PKCTHETA targets 3 genes from the input gene list.The full list of substrates is available below:AKT1 MAPK8 MAPK1"" style=""cursor: pointer; text-decoration: underline dotted;"">3 substrates"
"118","NEK3","0.03025","0.00","0.00",""" title=""Overlapping EnrichrSubstrates"" data-content=""NEK3 targets 2 genes from the input gene list.The full list of substrates is available below:TOP2A CDCA5"" style=""cursor: pointer; text-decoration: underline dotted;"">2 substrates"
"119","PKMYT1","0.03025","0.00","0.00",""" title=""Overlapping EnrichrSubstrates"" data-content=""PKMYT1 targets 2 genes from the input gene list.The full list of substrates is available below:PLK1 SMARCA4"" style=""cursor: pointer; text-decoration: underline dotted;"">2 substrates"
"120","PKA","0.03025","0.00","0.00",""" title=""Overlapping EnrichrSubstrates"" data-content=""PKA targets 2 genes from the input gene list.The full list of substrates is available below:GSK3B RELA"" style=""cursor: pointer; text-decoration: underline dotted;"">2 substrates"
"121","JAK2","0.03094","0.00","0.00",""" title=""Overlapping EnrichrSubstrates"" data-content=""JAK2 targets 3 genes from the input gene list.The full list of substrates is available below:MAPK1 STAT3 EZH2"" style=""cursor: pointer; text-decoration: underline dotted;"">3 substrates"
"122","MAPK10","0.03544","0.00","0.00",""" title=""Overlapping EnrichrSubstrates"" data-content=""MAPK10 targets 3 genes from the input gene list.The full list of substrates is available below:CDKN1A MYC JUN"" style=""cursor: pointer; text-decoration: underline dotted;"">3 substrates"
"123","EGFR","0.03545","0.00","0.00",""" title=""Overlapping EnrichrSubstrates"" data-content=""EGFR targets 6 genes from the input gene list.The full list of substrates is available below:JUN CAV1 ESR1 ATM CDKN1A STAT3"" style=""cursor: pointer; text-decoration: underline dotted;"">6 substrates"
"124","HIPK1","0.03556","0.00","0.00",""" title=""Overlapping EnrichrSubstrates"" data-content=""HIPK1 targets 2 genes from the input gene list.The full list of substrates is available below:DAXX MECP2"" style=""cursor: pointer; text-decoration: underline dotted;"">2 substrates"
"125","MAP4K4","0.03556","0.00","0.00",""" title=""Overlapping EnrichrSubstrates"" data-content=""MAP4K4 targets 2 genes from the input gene list.The full list of substrates is available below:DDX17 SMARCA4"" style=""cursor: pointer; text-decoration: underline dotted;"">2 substrates"
"126","MERTK","0.03835","0.00","0.00",""" title=""Overlapping EnrichrSubstrates"" data-content=""MERTK targets 2 genes from the input gene list.The full list of substrates is available below:STAT3 AKT1"" style=""cursor: pointer; text-decoration: underline dotted;"">2 substrates"
"127","NUAK1","0.04121","0.00","0.00",""" title=""Overlapping EnrichrSubstrates"" data-content=""NUAK1 targets 2 genes from the input gene list.The full list of substrates is available below:CDKN1A TP53"" style=""cursor: pointer; text-decoration: underline dotted;"">2 substrates"
"128","GRK5","0.04121","0.00","0.00",""" title=""Overlapping EnrichrSubstrates"" data-content=""GRK5 targets 2 genes from the input gene list.The full list of substrates is available below:SMAD1 TP53"" style=""cursor: pointer; text-decoration: underline dotted;"">2 substrates"
"129","AKT2","0.04364","0.00","0.00",""" title=""Overlapping EnrichrSubstrates"" data-content=""AKT2 targets 3 genes from the input gene list.The full list of substrates is available below:GSK3B FOXO4 ESR1"" style=""cursor: pointer; text-decoration: underline dotted;"">3 substrates"
"130","PIM2","0.04415","0.00","0.00",""" title=""Overlapping EnrichrSubstrates"" data-content=""PIM2 targets 2 genes from the input gene list.The full list of substrates is available below:CDKN1A MYC"" style=""cursor: pointer; text-decoration: underline dotted;"">2 substrates"
"131","MARK3","0.04415","0.00","0.00",""" title=""Overlapping EnrichrSubstrates"" data-content=""MARK3 targets 2 genes from the input gene list.The full list of substrates is available below:RAD21 DDX17"" style=""cursor: pointer; text-decoration: underline dotted;"">2 substrates"
"132","TTK","0.04436","0.00","0.00",""" title=""Overlapping EnrichrSubstrates"" data-content=""TTK targets 4 genes from the input gene list.The full list of substrates is available below:TP53 PLK1 TOP2A XPO1"" style=""cursor: pointer; text-decoration: underline dotted;"">4 substrates"
"133","VRK1","0.04717","0.00","0.00",""" title=""Overlapping EnrichrSubstrates"" data-content=""VRK1 targets 2 genes from the input gene list.The full list of substrates is available below:JUN TP53"" style=""cursor: pointer; text-decoration: underline dotted;"">2 substrates"
"134","MOK","0.04717","0.00","0.00",""" title=""Overlapping EnrichrSubstrates"" data-content=""MOK targets 2 genes from the input gene list.The full list of substrates is available below:MYC JUN"" style=""cursor: pointer; text-decoration: underline dotted;"">2 substrates"
"135","LYN","0.05153","0.00","0.00",""" title=""Overlapping EnrichrSubstrates"" data-content=""LYN targets 5 genes from the input gene list.The full list of substrates is available below:YY1 TRIM28 MYC TP53 TOP2A"" style=""cursor: pointer; text-decoration: underline dotted;"">5 substrates"
"136","MAP3K8","0.05271","0.00","0.00",""" title=""Overlapping EnrichrSubstrates"" data-content=""MAP3K8 targets 3 genes from the input gene list.The full list of substrates is available below:MAPK1 NPM1 PLK1"" style=""cursor: pointer; text-decoration: underline dotted;"">3 substrates"
"137","BTK","0.05657","0.00","0.00",""" title=""Overlapping EnrichrSubstrates"" data-content=""BTK targets 3 genes from the input gene list.The full list of substrates is available below:TP53 JUN CAV1"" style=""cursor: pointer; text-decoration: underline dotted;"">3 substrates"
"138","DYRK1B","0.05666","0.00","0.00",""" title=""Overlapping EnrichrSubstrates"" data-content=""DYRK1B targets 2 genes from the input gene list.The full list of substrates is available below:HDAC5 CDKN1A"" style=""cursor: pointer; text-decoration: underline dotted;"">2 substrates"
"139","CAMK4","0.05666","0.00","0.00",""" title=""Overlapping EnrichrSubstrates"" data-content=""CAMK4 targets 2 genes from the input gene list.The full list of substrates is available below:HDAC5 RELA"" style=""cursor: pointer; text-decoration: underline dotted;"">2 substrates"
"140","MAPK7","0.05666","0.00","0.00",""" title=""Overlapping EnrichrSubstrates"" data-content=""MAPK7 targets 2 genes from the input gene list.The full list of substrates is available below:MAPK7 PML"" style=""cursor: pointer; text-decoration: underline dotted;"">2 substrates"
"141","RPS6KB1","0.05855","0.00","0.00",""" title=""Overlapping EnrichrSubstrates"" data-content=""RPS6KB1 targets 3 genes from the input gene list.The full list of substrates is available below:TOP2A GSK3B ESR1"" style=""cursor: pointer; text-decoration: underline dotted;"">3 substrates"
"142","PRKACB","0.05996","0.00","0.00",""" title=""Overlapping EnrichrSubstrates"" data-content=""PRKACB targets 2 genes from the input gene list.The full list of substrates is available below:CDKN1A CAV1"" style=""cursor: pointer; text-decoration: underline dotted;"">2 substrates"
"143","EEF2K","0.05996","0.00","0.00",""" title=""Overlapping EnrichrSubstrates"" data-content=""EEF2K targets 2 genes from the input gene list.The full list of substrates is available below:MAPK9 MAPK8"" style=""cursor: pointer; text-decoration: underline dotted;"">2 substrates"
"144","LATS2","0.05996","0.00","0.00",""" title=""Overlapping EnrichrSubstrates"" data-content=""LATS2 targets 2 genes from the input gene list.The full list of substrates is available below:CDKN1A SNAI1"" style=""cursor: pointer; text-decoration: underline dotted;"">2 substrates"
"145","PKN1","0.06332","0.00","0.00",""" title=""Overlapping EnrichrSubstrates"" data-content=""PKN1 targets 2 genes from the input gene list.The full list of substrates is available below:HDAC5 CRYAB"" style=""cursor: pointer; text-decoration: underline dotted;"">2 substrates"
"146","LRRK2","0.06332","0.00","0.00",""" title=""Overlapping EnrichrSubstrates"" data-content=""LRRK2 targets 2 genes from the input gene list.The full list of substrates is available below:AKT1 TP53"" style=""cursor: pointer; text-decoration: underline dotted;"">2 substrates"
"147","AXL","0.06332","0.00","0.00",""" title=""Overlapping EnrichrSubstrates"" data-content=""AXL targets 2 genes from the input gene list.The full list of substrates is available below:AKT1 STAT3"" style=""cursor: pointer; text-decoration: underline dotted;"">2 substrates"
"148","DAPK1","0.06675","0.00","0.00",""" title=""Overlapping EnrichrSubstrates"" data-content=""DAPK1 targets 2 genes from the input gene list.The full list of substrates is available below:PIN1 TP53"" style=""cursor: pointer; text-decoration: underline dotted;"">2 substrates"
"149","PLK2","0.06675","0.00","0.00",""" title=""Overlapping EnrichrSubstrates"" data-content=""PLK2 targets 2 genes from the input gene list.The full list of substrates is available below:NPM1 PLK1"" style=""cursor: pointer; text-decoration: underline dotted;"">2 substrates"
"150","MAPKAPK5","0.06675","0.00","0.00",""" title=""Overlapping EnrichrSubstrates"" data-content=""MAPKAPK5 targets 2 genes from the input gene list.The full list of substrates is available below:FOXO3 TP53"" style=""cursor: pointer; text-decoration: underline dotted;"">2 substrates"
"151","MAPK13","0.07110","0.00","0.00",""" title=""Overlapping EnrichrSubstrates"" data-content=""MAPK13 targets 3 genes from the input gene list.The full list of substrates is available below:SQSTM1 TP53 JUN"" style=""cursor: pointer; text-decoration: underline dotted;"">3 substrates"
"152","PKM","0.07255","0.00","0.00",""" title=""Overlapping EnrichrSubstrates"" data-content=""PKM targets 1 genes from the input gene list.The full list of substrates is available below:STAT3"" style=""cursor: pointer; text-decoration: underline dotted;"">1 substrates"
"153","DAPK3","0.07378","0.00","0.00",""" title=""Overlapping EnrichrSubstrates"" data-content=""DAPK3 targets 2 genes from the input gene list.The full list of substrates is available below:CDKN1A TP53"" style=""cursor: pointer; text-decoration: underline dotted;"">2 substrates"
"154","BARK1","0.07779","0.00","0.00",""" title=""Overlapping EnrichrSubstrates"" data-content=""BARK1 targets 3 genes from the input gene list.The full list of substrates is available below:HDAC5 CAV1 PIN1"" style=""cursor: pointer; text-decoration: underline dotted;"">3 substrates"
"155","INSR","0.08008","0.00","0.00",""" title=""Overlapping EnrichrSubstrates"" data-content=""INSR targets 3 genes from the input gene list.The full list of substrates is available below:TP53 JUN CAV1"" style=""cursor: pointer; text-decoration: underline dotted;"">3 substrates"
"156","PKG1CGKI","0.08103","0.00","0.00",""" title=""Overlapping EnrichrSubstrates"" data-content=""PKG1CGKI targets 2 genes from the input gene list.The full list of substrates is available below:SP1 TP53"" style=""cursor: pointer; text-decoration: underline dotted;"">2 substrates"
"157","MAP3K14","0.08247","0.00","0.00",""" title=""Overlapping EnrichrSubstrates"" data-content=""MAP3K14 targets 4 genes from the input gene list.The full list of substrates is available below:NCL YBX1 NPM1 STUB1"" style=""cursor: pointer; text-decoration: underline dotted;"">4 substrates"
"158","CHK2","0.08413","0.00","0.00",""" title=""Overlapping EnrichrSubstrates"" data-content=""CHK2 targets 1 genes from the input gene list.The full list of substrates is available below:TP53"" style=""cursor: pointer; text-decoration: underline dotted;"">1 substrates"
"159","CHK1","0.08413","0.00","0.00",""" title=""Overlapping EnrichrSubstrates"" data-content=""CHK1 targets 1 genes from the input gene list.The full list of substrates is available below:TP53"" style=""cursor: pointer; text-decoration: underline dotted;"">1 substrates"
"160","PDHK2","0.08413","0.00","0.00",""" title=""Overlapping EnrichrSubstrates"" data-content=""PDHK2 targets 1 genes from the input gene list.The full list of substrates is available below:AKT1"" style=""cursor: pointer; text-decoration: underline dotted;"">1 substrates"
"161","HSPB8","0.08413","0.00","0.00",""" title=""Overlapping EnrichrSubstrates"" data-content=""HSPB8 targets 1 genes from the input gene list.The full list of substrates is available below:CRYAB"" style=""cursor: pointer; text-decoration: underline dotted;"">1 substrates"
"162","PKC","0.08475","0.00","0.00",""" title=""Overlapping EnrichrSubstrates"" data-content=""PKC targets 3 genes from the input gene list.The full list of substrates is available below:CDKN1A AHR NFE2L2"" style=""cursor: pointer; text-decoration: underline dotted;"">3 substrates"
"163","PKC","0.09556","0.00","0.00",""" title=""Overlapping EnrichrSubstrates"" data-content=""PKC targets 1 genes from the input gene list.The full list of substrates is available below:TOP2A"" style=""cursor: pointer; text-decoration: underline dotted;"">1 substrates"
"164","RSK","0.09556","0.00","0.00",""" title=""Overlapping EnrichrSubstrates"" data-content=""RSK targets 1 genes from the input gene list.The full list of substrates is available below:CEBPB"" style=""cursor: pointer; text-decoration: underline dotted;"">1 substrates"
"165","RSK3","0.09556","0.00","0.00",""" title=""Overlapping EnrichrSubstrates"" data-content=""RSK3 targets 1 genes from the input gene list.The full list of substrates is available below:MAPK1"" style=""cursor: pointer; text-decoration: underline dotted;"">1 substrates"
"166","STK11","0.09616","0.00","0.00",""" title=""Overlapping EnrichrSubstrates"" data-content=""STK11 targets 2 genes from the input gene list.The full list of substrates is available below:SMAD4 TP53"" style=""cursor: pointer; text-decoration: underline dotted;"">2 substrates"
"167","MAP2K7","0.09616","0.00","0.00",""" title=""Overlapping EnrichrSubstrates"" data-content=""MAP2K7 targets 2 genes from the input gene list.The full list of substrates is available below:MAPK9 MAPK8"" style=""cursor: pointer; text-decoration: underline dotted;"">2 substrates"
"168","AURORA","0.1068","0.00","0.00",""" title=""Overlapping EnrichrSubstrates"" data-content=""AURORA targets 1 genes from the input gene list.The full list of substrates is available below:TP53"" style=""cursor: pointer; text-decoration: underline dotted;"">1 substrates"
"169","SGK","0.1068","0.00","0.00",""" title=""Overlapping EnrichrSubstrates"" data-content=""SGK targets 1 genes from the input gene list.The full list of substrates is available below:FOXO3"" style=""cursor: pointer; text-decoration: underline dotted;"">1 substrates"
"170","IKBKB","0.1071","0.00","0.00",""" title=""Overlapping EnrichrSubstrates"" data-content=""IKBKB targets 3 genes from the input gene list.The full list of substrates is available below:PARP1 FOXO3 RELA"" style=""cursor: pointer; text-decoration: underline dotted;"">3 substrates"
"171","PKCIOTA","0.1120","0.00","0.00",""" title=""Overlapping EnrichrSubstrates"" data-content=""PKCIOTA targets 2 genes from the input gene list.The full list of substrates is available below:RELA SQSTM1"" style=""cursor: pointer; text-decoration: underline dotted;"">2 substrates"
"172","PRKD2","0.1161","0.00","0.00",""" title=""Overlapping EnrichrSubstrates"" data-content=""PRKD2 targets 2 genes from the input gene list.The full list of substrates is available below:HDAC5 SET"" style=""cursor: pointer; text-decoration: underline dotted;"">2 substrates"
"173","CSNK1D","0.1161","0.00","0.00",""" title=""Overlapping EnrichrSubstrates"" data-content=""CSNK1D targets 2 genes from the input gene list.The full list of substrates is available below:UHRF1 TP53"" style=""cursor: pointer; text-decoration: underline dotted;"">2 substrates"
"174","TRRAP","0.1180","0.00","0.00",""" title=""Overlapping EnrichrSubstrates"" data-content=""TRRAP targets 1 genes from the input gene list.The full list of substrates is available below:NCOR2"" style=""cursor: pointer; text-decoration: underline dotted;"">1 substrates"
"175","NEK2","0.1243","0.00","0.00",""" title=""Overlapping EnrichrSubstrates"" data-content=""NEK2 targets 2 genes from the input gene list.The full list of substrates is available below:NPM1 PLK1"" style=""cursor: pointer; text-decoration: underline dotted;"">2 substrates"
"176","PRKCI","0.1285","0.00","0.00",""" title=""Overlapping EnrichrSubstrates"" data-content=""PRKCI targets 2 genes from the input gene list.The full list of substrates is available below:SP1 EZH2"" style=""cursor: pointer; text-decoration: underline dotted;"">2 substrates"
"177","PKC","0.1290","0.00","0.00",""" title=""Overlapping EnrichrSubstrates"" data-content=""PKC targets 1 genes from the input gene list.The full list of substrates is available below:RELA"" style=""cursor: pointer; text-decoration: underline dotted;"">1 substrates"
"178","STK17A","0.1290","0.00","0.00",""" title=""Overlapping EnrichrSubstrates"" data-content=""STK17A targets 1 genes from the input gene list.The full list of substrates is available below:TP53"" style=""cursor: pointer; text-decoration: underline dotted;"">1 substrates"
"179","CK1","0.1290","0.00","0.00",""" title=""Overlapping EnrichrSubstrates"" data-content=""CK1 targets 1 genes from the input gene list.The full list of substrates is available below:FOXO1"" style=""cursor: pointer; text-decoration: underline dotted;"">1 substrates"
"180","TP53RK","0.1399","0.00","0.00",""" title=""Overlapping EnrichrSubstrates"" data-content=""TP53RK targets 1 genes from the input gene list.The full list of substrates is available below:TP53"" style=""cursor: pointer; text-decoration: underline dotted;"">1 substrates"
"181","PDGFRALPHA","0.1506","0.00","0.00",""" title=""Overlapping EnrichrSubstrates"" data-content=""PDGFRALPHA targets 1 genes from the input gene list.The full list of substrates is available below:CAV1"" style=""cursor: pointer; text-decoration: underline dotted;"">1 substrates"
"182","BRD2","0.1506","0.00","0.00",""" title=""Overlapping EnrichrSubstrates"" data-content=""BRD2 targets 1 genes from the input gene list.The full list of substrates is available below:KDM5A"" style=""cursor: pointer; text-decoration: underline dotted;"">1 substrates"
"183","PLK4","0.1586","0.00","0.00",""" title=""Overlapping EnrichrSubstrates"" data-content=""PLK4 targets 2 genes from the input gene list.The full list of substrates is available below:TOP2A PLK1"" style=""cursor: pointer; text-decoration: underline dotted;"">2 substrates"
"184","P70S6K","0.1612","0.00","0.00",""" title=""Overlapping EnrichrSubstrates"" data-content=""P70S6K targets 1 genes from the input gene list.The full list of substrates is available below:AKT1"" style=""cursor: pointer; text-decoration: underline dotted;"">1 substrates"
"185","DMPK1","0.1612","0.00","0.00",""" title=""Overlapping EnrichrSubstrates"" data-content=""DMPK1 targets 1 genes from the input gene list.The full list of substrates is available below:CRYAB"" style=""cursor: pointer; text-decoration: underline dotted;"">1 substrates"
"186","ERBB2","0.1668","0.00","0.00",""" title=""Overlapping EnrichrSubstrates"" data-content=""ERBB2 targets 3 genes from the input gene list.The full list of substrates is available below:ESR1 NCOR1 STAT3"" style=""cursor: pointer; text-decoration: underline dotted;"">3 substrates"
"187","ERBB3","0.1718","0.00","0.00",""" title=""Overlapping EnrichrSubstrates"" data-content=""ERBB3 targets 2 genes from the input gene list.The full list of substrates is available below:HNF4A AKT1"" style=""cursor: pointer; text-decoration: underline dotted;"">2 substrates"
"188","PKC","0.1821","0.00","0.00",""" title=""Overlapping EnrichrSubstrates"" data-content=""PKC targets 1 genes from the input gene list.The full list of substrates is available below:STAT3"" style=""cursor: pointer; text-decoration: underline dotted;"">1 substrates"
"189","TRKA","0.2024","0.00","0.00",""" title=""Overlapping EnrichrSubstrates"" data-content=""TRKA targets 1 genes from the input gene list.The full list of substrates is available below:SQSTM1"" style=""cursor: pointer; text-decoration: underline dotted;"">1 substrates"
"190","PRKG1","0.2079","0.00","0.00",""" title=""Overlapping EnrichrSubstrates"" data-content=""PRKG1 targets 2 genes from the input gene list.The full list of substrates is available below:CDKN1A SMAD7"" style=""cursor: pointer; text-decoration: underline dotted;"">2 substrates"
"191","HIPK4","0.2123","0.00","0.00",""" title=""Overlapping EnrichrSubstrates"" data-content=""HIPK4 targets 1 genes from the input gene list.The full list of substrates is available below:TP53"" style=""cursor: pointer; text-decoration: underline dotted;"">1 substrates"
"192","TAOK1","0.2123","0.00","0.00",""" title=""Overlapping EnrichrSubstrates"" data-content=""TAOK1 targets 1 genes from the input gene list.The full list of substrates is available below:GSK3B"" style=""cursor: pointer; text-decoration: underline dotted;"">1 substrates"
"193","ROR2","0.2123","0.00","0.00",""" title=""Overlapping EnrichrSubstrates"" data-content=""ROR2 targets 1 genes from the input gene list.The full list of substrates is available below:KPNB1"" style=""cursor: pointer; text-decoration: underline dotted;"">1 substrates"
"194","RPS6KA6","0.2123","0.00","0.00",""" title=""Overlapping EnrichrSubstrates"" data-content=""RPS6KA6 targets 1 genes from the input gene list.The full list of substrates is available below:XPO1"" style=""cursor: pointer; text-decoration: underline dotted;"">1 substrates"
"195","MAST1","0.2123","0.00","0.00",""" title=""Overlapping EnrichrSubstrates"" data-content=""MAST1 targets 1 genes from the input gene list.The full list of substrates is available below:AKT1"" style=""cursor: pointer; text-decoration: underline dotted;"">1 substrates"
"196","POMK","0.2123","0.00","0.00",""" title=""Overlapping EnrichrSubstrates"" data-content=""POMK targets 1 genes from the input gene list.The full list of substrates is available below:AKT1"" style=""cursor: pointer; text-decoration: underline dotted;"">1 substrates"
"197","PDK","0.2222","0.00","0.00",""" title=""Overlapping EnrichrSubstrates"" data-content=""PDK targets 1 genes from the input gene list.The full list of substrates is available below:AKT1"" style=""cursor: pointer; text-decoration: underline dotted;"">1 substrates"
"198","ULK4","0.2222","0.00","0.00",""" title=""Overlapping EnrichrSubstrates"" data-content=""ULK4 targets 1 genes from the input gene list.The full list of substrates is available below:SMURF1"" style=""cursor: pointer; text-decoration: underline dotted;"">1 substrates"
"199","MINK1","0.2222","0.00","0.00",""" title=""Overlapping EnrichrSubstrates"" data-content=""MINK1 targets 1 genes from the input gene list.The full list of substrates is available below:SMAD2"" style=""cursor: pointer; text-decoration: underline dotted;"">1 substrates"
"200","STK40","0.2222","0.00","0.00",""" title=""Overlapping EnrichrSubstrates"" data-content=""STK40 targets 1 genes from the input gene list.The full list of substrates is available below:FOXO4"" style=""cursor: pointer; text-decoration: underline dotted;"">1 substrates"
"201","MAP4K5","0.2222","0.00","0.00",""" title=""Overlapping EnrichrSubstrates"" data-content=""MAP4K5 targets 1 genes from the input gene list.The full list of substrates is available below:GSK3B"" style=""cursor: pointer; text-decoration: underline dotted;"">1 substrates"
"202","PKDCC","0.2222","0.00","0.00",""" title=""Overlapping EnrichrSubstrates"" data-content=""PKDCC targets 1 genes from the input gene list.The full list of substrates is available below:FOXO4"" style=""cursor: pointer; text-decoration: underline dotted;"">1 substrates"
"203","MAST4","0.2222","0.00","0.00",""" title=""Overlapping EnrichrSubstrates"" data-content=""MAST4 targets 1 genes from the input gene list.The full list of substrates is available below:SMAD1"" style=""cursor: pointer; text-decoration: underline dotted;"">1 substrates"
"204","ACVR2B","0.2222","0.00","0.00",""" title=""Overlapping EnrichrSubstrates"" data-content=""ACVR2B targets 1 genes from the input gene list.The full list of substrates is available below:AKT1"" style=""cursor: pointer; text-decoration: underline dotted;"">1 substrates"
"205","TYRO3","0.2319","0.00","0.00",""" title=""Overlapping EnrichrSubstrates"" data-content=""TYRO3 targets 1 genes from the input gene list.The full list of substrates is available below:AKT1"" style=""cursor: pointer; text-decoration: underline dotted;"">1 substrates"
"206","DMPK","0.2319","0.00","0.00",""" title=""Overlapping EnrichrSubstrates"" data-content=""DMPK targets 1 genes from the input gene list.The full list of substrates is available below:SP1"" style=""cursor: pointer; text-decoration: underline dotted;"">1 substrates"
"207","CSNK2B","0.2319","0.00","0.00",""" title=""Overlapping EnrichrSubstrates"" data-content=""CSNK2B targets 1 genes from the input gene list.The full list of substrates is available below:SNAI1"" style=""cursor: pointer; text-decoration: underline dotted;"">1 substrates"
"208","MARK4","0.2319","0.00","0.00",""" title=""Overlapping EnrichrSubstrates"" data-content=""MARK4 targets 1 genes from the input gene list.The full list of substrates is available below:SMARCA4"" style=""cursor: pointer; text-decoration: underline dotted;"">1 substrates"
"209","PRKD3","0.2415","0.00","0.00",""" title=""Overlapping EnrichrSubstrates"" data-content=""PRKD3 targets 1 genes from the input gene list.The full list of substrates is available below:HDAC5"" style=""cursor: pointer; text-decoration: underline dotted;"">1 substrates"
"210","SMG1","0.2415","0.00","0.00",""" title=""Overlapping EnrichrSubstrates"" data-content=""SMG1 targets 1 genes from the input gene list.The full list of substrates is available below:TP53"" style=""cursor: pointer; text-decoration: underline dotted;"">1 substrates"
"211","PIM3","0.2415","0.00","0.00",""" title=""Overlapping EnrichrSubstrates"" data-content=""PIM3 targets 1 genes from the input gene list.The full list of substrates is available below:PML"" style=""cursor: pointer; text-decoration: underline dotted;"">1 substrates"
"212","PIK3CG","0.2415","0.00","0.00",""" title=""Overlapping EnrichrSubstrates"" data-content=""PIK3CG targets 1 genes from the input gene list.The full list of substrates is available below:SET"" style=""cursor: pointer; text-decoration: underline dotted;"">1 substrates"
"213","SGK2","0.2415","0.00","0.00",""" title=""Overlapping EnrichrSubstrates"" data-content=""SGK2 targets 1 genes from the input gene list.The full list of substrates is available below:GSK3B"" style=""cursor: pointer; text-decoration: underline dotted;"">1 substrates"
"214","MAPK15","0.2415","0.00","0.00",""" title=""Overlapping EnrichrSubstrates"" data-content=""MAPK15 targets 1 genes from the input gene list.The full list of substrates is available below:JUN"" style=""cursor: pointer; text-decoration: underline dotted;"">1 substrates"
"215","STK10","0.2510","0.00","0.00",""" title=""Overlapping EnrichrSubstrates"" data-content=""STK10 targets 1 genes from the input gene list.The full list of substrates is available below:PLK1"" style=""cursor: pointer; text-decoration: underline dotted;"">1 substrates"
"216","MAP3K6","0.2510","0.00","0.00",""" title=""Overlapping EnrichrSubstrates"" data-content=""MAP3K6 targets 1 genes from the input gene list.The full list of substrates is available below:MAPK8"" style=""cursor: pointer; text-decoration: underline dotted;"">1 substrates"
"217","VRK2","0.2510","0.00","0.00",""" title=""Overlapping EnrichrSubstrates"" data-content=""VRK2 targets 1 genes from the input gene list.The full list of substrates is available below:TP53"" style=""cursor: pointer; text-decoration: underline dotted;"">1 substrates"
"218","NEK9","0.2510","0.00","0.00",""" title=""Overlapping EnrichrSubstrates"" data-content=""NEK9 targets 1 genes from the input gene list.The full list of substrates is available below:FOXO4"" style=""cursor: pointer; text-decoration: underline dotted;"">1 substrates"
"219","TLK1","0.2510","0.00","0.00",""" title=""Overlapping EnrichrSubstrates"" data-content=""TLK1 targets 1 genes from the input gene list.The full list of substrates is available below:ATM"" style=""cursor: pointer; text-decoration: underline dotted;"">1 substrates"
"220","AMPKA2","0.2510","0.00","0.00",""" title=""Overlapping EnrichrSubstrates"" data-content=""AMPKA2 targets 1 genes from the input gene list.The full list of substrates is available below:FOXO3"" style=""cursor: pointer; text-decoration: underline dotted;"">1 substrates"
"221","SIK1","0.2510","0.00","0.00",""" title=""Overlapping EnrichrSubstrates"" data-content=""SIK1 targets 1 genes from the input gene list.The full list of substrates is available below:NCOR2"" style=""cursor: pointer; text-decoration: underline dotted;"">1 substrates"
"222","CAMKK2","0.2510","0.00","0.00",""" title=""Overlapping EnrichrSubstrates"" data-content=""CAMKK2 targets 1 genes from the input gene list.The full list of substrates is available below:AKT1"" style=""cursor: pointer; text-decoration: underline dotted;"">1 substrates"
"223","CDK16","0.2604","0.00","0.00",""" title=""Overlapping EnrichrSubstrates"" data-content=""CDK16 targets 1 genes from the input gene list.The full list of substrates is available below:SMARCA4"" style=""cursor: pointer; text-decoration: underline dotted;"">1 substrates"
"224","CSNK1G2","0.2604","0.00","0.00",""" title=""Overlapping EnrichrSubstrates"" data-content=""CSNK1G2 targets 1 genes from the input gene list.The full list of substrates is available below:EHMT2"" style=""cursor: pointer; text-decoration: underline dotted;"">1 substrates"
"225","CSNK1G1","0.2604","0.00","0.00",""" title=""Overlapping EnrichrSubstrates"" data-content=""CSNK1G1 targets 1 genes from the input gene list.The full list of substrates is available below:RELA"" style=""cursor: pointer; text-decoration: underline dotted;"">1 substrates"
"226","MAP2K5","0.2604","0.00","0.00",""" title=""Overlapping EnrichrSubstrates"" data-content=""MAP2K5 targets 1 genes from the input gene list.The full list of substrates is available below:MAPK7"" style=""cursor: pointer; text-decoration: underline dotted;"">1 substrates"
"227","MAP3K11","0.2604","0.00","0.00",""" title=""Overlapping EnrichrSubstrates"" data-content=""MAP3K11 targets 1 genes from the input gene list.The full list of substrates is available below:PIN1"" style=""cursor: pointer; text-decoration: underline dotted;"">1 substrates"
"228","TTN","0.2604","0.00","0.00",""" title=""Overlapping EnrichrSubstrates"" data-content=""TTN targets 1 genes from the input gene list.The full list of substrates is available below:SQSTM1"" style=""cursor: pointer; text-decoration: underline dotted;"">1 substrates"
"229","DYRK3","0.2604","0.00","0.00",""" title=""Overlapping EnrichrSubstrates"" data-content=""DYRK3 targets 1 genes from the input gene list.The full list of substrates is available below:SIRT1"" style=""cursor: pointer; text-decoration: underline dotted;"">1 substrates"
"230","PBK","0.2696","0.00","0.00",""" title=""Overlapping EnrichrSubstrates"" data-content=""PBK targets 1 genes from the input gene list.The full list of substrates is available below:JUN"" style=""cursor: pointer; text-decoration: underline dotted;"">1 substrates"
"231","RPS6KA4","0.2696","0.00","0.00",""" title=""Overlapping EnrichrSubstrates"" data-content=""RPS6KA4 targets 1 genes from the input gene list.The full list of substrates is available below:RELA"" style=""cursor: pointer; text-decoration: underline dotted;"">1 substrates"
"232","CAMKK1","0.2696","0.00","0.00",""" title=""Overlapping EnrichrSubstrates"" data-content=""CAMKK1 targets 1 genes from the input gene list.The full list of substrates is available below:AKT1"" style=""cursor: pointer; text-decoration: underline dotted;"">1 substrates"
"233","MAP3K2","0.2696","0.00","0.00",""" title=""Overlapping EnrichrSubstrates"" data-content=""MAP3K2 targets 1 genes from the input gene list.The full list of substrates is available below:STAG2"" style=""cursor: pointer; text-decoration: underline dotted;"">1 substrates"
"234","MKNK2","0.2696","0.00","0.00",""" title=""Overlapping EnrichrSubstrates"" data-content=""MKNK2 targets 1 genes from the input gene list.The full list of substrates is available below:FOXO4"" style=""cursor: pointer; text-decoration: underline dotted;"">1 substrates"
"235","PKCEPSILON","0.2773","0.00","0.00",""" title=""Overlapping EnrichrSubstrates"" data-content=""PKCEPSILON targets 2 genes from the input gene list.The full list of substrates is available below:MAPK1 SP1"" style=""cursor: pointer; text-decoration: underline dotted;"">2 substrates"
"236","EPHB3","0.2788","0.00","0.00",""" title=""Overlapping EnrichrSubstrates"" data-content=""EPHB3 targets 1 genes from the input gene list.The full list of substrates is available below:SMARCA4"" style=""cursor: pointer; text-decoration: underline dotted;"">1 substrates"
"237","EPHA8","0.2788","0.00","0.00",""" title=""Overlapping EnrichrSubstrates"" data-content=""EPHA8 targets 1 genes from the input gene list.The full list of substrates is available below:SMARCA4"" style=""cursor: pointer; text-decoration: underline dotted;"">1 substrates"
"238","RPS6KA2","0.2878","0.00","0.00",""" title=""Overlapping EnrichrSubstrates"" data-content=""RPS6KA2 targets 1 genes from the input gene list.The full list of substrates is available below:GSK3B"" style=""cursor: pointer; text-decoration: underline dotted;"">1 substrates"
"239","ILK","0.2878","0.00","0.00",""" title=""Overlapping EnrichrSubstrates"" data-content=""ILK targets 1 genes from the input gene list.The full list of substrates is available below:AKT1"" style=""cursor: pointer; text-decoration: underline dotted;"">1 substrates"
"240","MAP3K1","0.2946","0.00","0.00",""" title=""Overlapping EnrichrSubstrates"" data-content=""MAP3K1 targets 3 genes from the input gene list.The full list of substrates is available below:NCL ESR1 STAT3"" style=""cursor: pointer; text-decoration: underline dotted;"">3 substrates"
"241","MAPK12","0.2958","0.00","0.00",""" title=""Overlapping EnrichrSubstrates"" data-content=""MAPK12 targets 2 genes from the input gene list.The full list of substrates is available below:TP53 JUN"" style=""cursor: pointer; text-decoration: underline dotted;"">2 substrates"
"242","CLK2","0.2967","0.00","0.00",""" title=""Overlapping EnrichrSubstrates"" data-content=""CLK2 targets 1 genes from the input gene list.The full list of substrates is available below:ASXL1"" style=""cursor: pointer; text-decoration: underline dotted;"">1 substrates"
"243","RPS6KB2","0.2967","0.00","0.00",""" title=""Overlapping EnrichrSubstrates"" data-content=""RPS6KB2 targets 1 genes from the input gene list.The full list of substrates is available below:GSK3B"" style=""cursor: pointer; text-decoration: underline dotted;"">1 substrates"
"244","AKT3","0.3055","0.00","0.00",""" title=""Overlapping EnrichrSubstrates"" data-content=""AKT3 targets 1 genes from the input gene list.The full list of substrates is available below:GSK3B"" style=""cursor: pointer; text-decoration: underline dotted;"">1 substrates"
"245","TNK2","0.3055","0.00","0.00",""" title=""Overlapping EnrichrSubstrates"" data-content=""TNK2 targets 1 genes from the input gene list.The full list of substrates is available below:AKT1"" style=""cursor: pointer; text-decoration: underline dotted;"">1 substrates"
"246","SGK3","0.3055","0.00","0.00",""" title=""Overlapping EnrichrSubstrates"" data-content=""SGK3 targets 1 genes from the input gene list.The full list of substrates is available below:GSK3B"" style=""cursor: pointer; text-decoration: underline dotted;"">1 substrates"
"247","IRAK1","0.3055","0.00","0.00",""" title=""Overlapping EnrichrSubstrates"" data-content=""IRAK1 targets 1 genes from the input gene list.The full list of substrates is available below:STAT3"" style=""cursor: pointer; text-decoration: underline dotted;"">1 substrates"
"248","JAK3","0.3142","0.00","0.00",""" title=""Overlapping EnrichrSubstrates"" data-content=""JAK3 targets 1 genes from the input gene list.The full list of substrates is available below:EZH2"" style=""cursor: pointer; text-decoration: underline dotted;"">1 substrates"
"249","BMX","0.3142","0.00","0.00",""" title=""Overlapping EnrichrSubstrates"" data-content=""BMX targets 1 genes from the input gene list.The full list of substrates is available below:TP53"" style=""cursor: pointer; text-decoration: underline dotted;"">1 substrates"
"250","PTK6","0.3142","0.00","0.00",""" title=""Overlapping EnrichrSubstrates"" data-content=""PTK6 targets 1 genes from the input gene list.The full list of substrates is available below:AKT1"" style=""cursor: pointer; text-decoration: underline dotted;"">1 substrates"
"251","GRK2","0.3142","0.00","0.00",""" title=""Overlapping EnrichrSubstrates"" data-content=""GRK2 targets 1 genes from the input gene list.The full list of substrates is available below:SMAD2"" style=""cursor: pointer; text-decoration: underline dotted;"">1 substrates"
"252","PRKCH","0.3228","0.00","0.00",""" title=""Overlapping EnrichrSubstrates"" data-content=""PRKCH targets 1 genes from the input gene list.The full list of substrates is available below:GSK3B"" style=""cursor: pointer; text-decoration: underline dotted;"">1 substrates"
"253","PDK1","0.3228","0.00","0.00",""" title=""Overlapping EnrichrSubstrates"" data-content=""PDK1 targets 1 genes from the input gene list.The full list of substrates is available below:AKT1"" style=""cursor: pointer; text-decoration: underline dotted;"">1 substrates"
"254","NEK6","0.3313","0.00","0.00",""" title=""Overlapping EnrichrSubstrates"" data-content=""NEK6 targets 1 genes from the input gene list.The full list of substrates is available below:STAT3"" style=""cursor: pointer; text-decoration: underline dotted;"">1 substrates"
"255","CAMK1","0.3313","0.00","0.00",""" title=""Overlapping EnrichrSubstrates"" data-content=""CAMK1 targets 1 genes from the input gene list.The full list of substrates is available below:HDAC5"" style=""cursor: pointer; text-decoration: underline dotted;"">1 substrates"
"256","FER","0.3313","0.00","0.00",""" title=""Overlapping EnrichrSubstrates"" data-content=""FER targets 1 genes from the input gene list.The full list of substrates is available below:STAT3"" style=""cursor: pointer; text-decoration: underline dotted;"">1 substrates"
"257","EIF2AK2","0.3396","0.00","0.00",""" title=""Overlapping EnrichrSubstrates"" data-content=""EIF2AK2 targets 1 genes from the input gene list.The full list of substrates is available below:TP53"" style=""cursor: pointer; text-decoration: underline dotted;"">1 substrates"
"258","EPHB1","0.3479","0.00","0.00",""" title=""Overlapping EnrichrSubstrates"" data-content=""EPHB1 targets 1 genes from the input gene list.The full list of substrates is available below:STAT3"" style=""cursor: pointer; text-decoration: underline dotted;"">1 substrates"
"259","STK4","0.3479","0.00","0.00",""" title=""Overlapping EnrichrSubstrates"" data-content=""STK4 targets 1 genes from the input gene list.The full list of substrates is available below:FOXO3"" style=""cursor: pointer; text-decoration: underline dotted;"">1 substrates"
"260","LCK","0.3528","0.00","0.00",""" title=""Overlapping EnrichrSubstrates"" data-content=""LCK targets 3 genes from the input gene list.The full list of substrates is available below:TP53 ESR1 MAPK1"" style=""cursor: pointer; text-decoration: underline dotted;"">3 substrates"
"261","CSK","0.3561","0.00","0.00",""" title=""Overlapping EnrichrSubstrates"" data-content=""CSK targets 1 genes from the input gene list.The full list of substrates is available below:PML"" style=""cursor: pointer; text-decoration: underline dotted;"">1 substrates"
"262","PAK6","0.3641","0.00","0.00",""" title=""Overlapping EnrichrSubstrates"" data-content=""PAK6 targets 1 genes from the input gene list.The full list of substrates is available below:AKT1"" style=""cursor: pointer; text-decoration: underline dotted;"">1 substrates"
"263","ULK1","0.3877","0.00","0.00",""" title=""Overlapping EnrichrSubstrates"" data-content=""ULK1 targets 1 genes from the input gene list.The full list of substrates is available below:SQSTM1"" style=""cursor: pointer; text-decoration: underline dotted;"">1 substrates"
"264","SLK","0.4030","0.00","0.00",""" title=""Overlapping EnrichrSubstrates"" data-content=""SLK targets 1 genes from the input gene list.The full list of substrates is available below:CAV1"" style=""cursor: pointer; text-decoration: underline dotted;"">1 substrates"
"265","PDGFRBETA","0.4030","0.00","0.00",""" title=""Overlapping EnrichrSubstrates"" data-content=""PDGFRBETA targets 1 genes from the input gene list.The full list of substrates is available below:STAT3"" style=""cursor: pointer; text-decoration: underline dotted;"">1 substrates"
"266","KIT","0.4030","0.00","0.00",""" title=""Overlapping EnrichrSubstrates"" data-content=""KIT targets 1 genes from the input gene list.The full list of substrates is available below:STAT3"" style=""cursor: pointer; text-decoration: underline dotted;"">1 substrates"
"267","MAP2K2","0.4105","0.00","0.00",""" title=""Overlapping EnrichrSubstrates"" data-content=""MAP2K2 targets 1 genes from the input gene list.The full list of substrates is available below:MAPK1"" style=""cursor: pointer; text-decoration: underline dotted;"">1 substrates"
"268","ABL2","0.4105","0.00","0.00",""" title=""Overlapping EnrichrSubstrates"" data-content=""ABL2 targets 1 genes from the input gene list.The full list of substrates is available below:CEBPB"" style=""cursor: pointer; text-decoration: underline dotted;"">1 substrates"
"269","RIPK1","0.4178","0.00","0.00",""" title=""Overlapping EnrichrSubstrates"" data-content=""RIPK1 targets 1 genes from the input gene list.The full list of substrates is available below:PML"" style=""cursor: pointer; text-decoration: underline dotted;"">1 substrates"
"270","PKAALPHA","0.4219","0.00","0.00",""" title=""Overlapping EnrichrSubstrates"" data-content=""PKAALPHA targets 2 genes from the input gene list.The full list of substrates is available below:ESR1 RELA"" style=""cursor: pointer; text-decoration: underline dotted;"">2 substrates"
"271","MET","0.4251","0.00","0.00",""" title=""Overlapping EnrichrSubstrates"" data-content=""MET targets 1 genes from the input gene list.The full list of substrates is available below:PARP1"" style=""cursor: pointer; text-decoration: underline dotted;"">1 substrates"
"272","FYN","0.4439","0.00","0.00",""" title=""Overlapping EnrichrSubstrates"" data-content=""FYN targets 3 genes from the input gene list.The full list of substrates is available below:TOP2A CAV1 NFE2L2"" style=""cursor: pointer; text-decoration: underline dotted;"">3 substrates"
"273","PTK2","0.4465","0.00","0.00",""" title=""Overlapping EnrichrSubstrates"" data-content=""PTK2 targets 1 genes from the input gene list.The full list of substrates is available below:SUMO1"" style=""cursor: pointer; text-decoration: underline dotted;"">1 substrates"
"274","PRKCG","0.4534","0.00","0.00",""" title=""Overlapping EnrichrSubstrates"" data-content=""PRKCG targets 1 genes from the input gene list.The full list of substrates is available below:GSK3B"" style=""cursor: pointer; text-decoration: underline dotted;"">1 substrates"
"275","PDPK1","0.4534","0.00","0.00",""" title=""Overlapping EnrichrSubstrates"" data-content=""PDPK1 targets 1 genes from the input gene list.The full list of substrates is available below:AKT1"" style=""cursor: pointer; text-decoration: underline dotted;"">1 substrates"
"276","KDR","0.4738","0.00","0.00",""" title=""Overlapping EnrichrSubstrates"" data-content=""KDR targets 1 genes from the input gene list.The full list of substrates is available below:NOTCH4"" style=""cursor: pointer; text-decoration: underline dotted;"">1 substrates"
"277","IGF1R","0.4997","0.00","0.00",""" title=""Overlapping EnrichrSubstrates"" data-content=""IGF1R targets 1 genes from the input gene list.The full list of substrates is available below:TOP2A"" style=""cursor: pointer; text-decoration: underline dotted;"">1 substrates"
"278","ABL","0.5183","0.00","0.00",""" title=""Overlapping EnrichrSubstrates"" data-content=""ABL targets 1 genes from the input gene list.The full list of substrates is available below:CAV1"" style=""cursor: pointer; text-decoration: underline dotted;"">1 substrates"
"279","PKAGAMMA","0.5244","0.00","0.00",""" title=""Overlapping EnrichrSubstrates"" data-content=""PKAGAMMA targets 1 genes from the input gene list.The full list of substrates is available below:RELA"" style=""cursor: pointer; text-decoration: underline dotted;"">1 substrates"
"280","CAMKIIALPHA","0.5362","0.00","0.00",""" title=""Overlapping EnrichrSubstrates"" data-content=""CAMKIIALPHA targets 1 genes from the input gene list.The full list of substrates is available below:CEBPB"" style=""cursor: pointer; text-decoration: underline dotted;"">1 substrates"
"281","TYK2","0.6066","0.00","0.00",""" title=""Overlapping EnrichrSubstrates"" data-content=""TYK2 targets 1 genes from the input gene list.The full list of substrates is available below:STAT3"" style=""cursor: pointer; text-decoration: underline dotted;"">1 substrates"
"282","PKCGAMMA","0.6066","0.00","0.00",""" title=""Overlapping EnrichrSubstrates"" data-content=""PKCGAMMA targets 1 genes from the input gene list.The full list of substrates is available below:TOP2A"" style=""cursor: pointer; text-decoration: underline dotted;"">1 substrates"
"283","PRKCE","0.6400","0.00","0.00",""" title=""Overlapping EnrichrSubstrates"" data-content=""PRKCE targets 1 genes from the input gene list.The full list of substrates is available below:STAT3"" style=""cursor: pointer; text-decoration: underline dotted;"">1 substrates"
"284","RIPK3","0.7571","0.00","0.00",""" title=""Overlapping EnrichrSubstrates"" data-content=""RIPK3 targets 1 genes from the input gene list.The full list of substrates is available below:DAXX"" style=""cursor: pointer; text-decoration: underline dotted;"">1 substrates"
"285","MAP3K3","0.9069","0.00","0.00",""" title=""Overlapping EnrichrSubstrates"" data-content=""MAP3K3 targets 1 genes from the input gene list.The full list of substrates is available below:STUB1"" style=""cursor: pointer; text-decoration: underline dotted;"">1 substrates"