"Rank","Protein Kinase","Hypergeometric p-value","Z-score","Combined score","Enriched Substrates"
"1","HIPK2","1.342e-21","0.00","0.00",""" title=""Overlapping EnrichrSubstrates"" data-content=""HIPK2 targets 24 genes from the input gene list.The full list of substrates is available below:TRIM28 MYC TP63 AR TP53 SMAD2 SMAD3 SIAH2 NFKB1 MDM4 PHF1 IKBKB SUMO1 CHUK PAX6 SIRT1 NCOR1 CEBPB RCHY1 RELA MAPK8 PML HIPK2 ASXL1"" style=""cursor: pointer; text-decoration: underline dotted;"">24 substrates"
"2","CSNK2A1","1.417e-18","0.00","0.00",""" title=""Overlapping EnrichrSubstrates"" data-content=""CSNK2A1 targets 49 genes from the input gene list.The full list of substrates is available below:AKT1 DAXX AR JUN EZH2 SIRT1 POU5F1 STAT3 YY1 SQSTM1 PIN1 MDM4 MNAT1 PTEN SUMO1 RAD23B UHRF1 GADD45GIP1 TRIM28 TP53 EGR1 SMARCA4 RELA ITCH VDR GSK3B HMGB2 MYC WDR77 SNAI1 CDKN1A NCOR2 NCOR1 CDKN2A USP7 NCL CUL3 CHUK CEBPB HDAC2 HDAC3 RBBP4 PML SOX2 XPO1 SUZ12 SMAD3 ESR1 MAPK9"" style=""cursor: pointer; text-decoration: underline dotted;"">49 substrates"
"3","MAPK14","2.691e-13","0.00","0.00",""" title=""Overlapping EnrichrSubstrates"" data-content=""MAPK14 targets 34 genes from the input gene list.The full list of substrates is available below:AKT1 AR SFN JUN EZH2 POU5F1 STAT3 YY1 SQSTM1 SP1 MDM4 NFE2L2 PTEN RAD23B TP53 EGR1 SMARCA4 RELA GSK3B MYC CDKN1A NCOR2 NCOR1 CDKN2A CHUK CEBPB RBBP4 ASXL1 SIAH2 XPO1 SUZ12 SMAD3 ESR1 MAPK8"" style=""cursor: pointer; text-decoration: underline dotted;"">34 substrates"
"4","ERK1","3.476e-13","0.00","0.00",""" title=""Overlapping EnrichrSubstrates"" data-content=""ERK1 targets 18 genes from the input gene list.The full list of substrates is available below:ETS2 MYC PRKCD AR SQSTM1 TP53 SMAD2 JUN SMAD3 ESR1 NFKB1 SP1 NCOR2 CEBPB RELA MAPK8 MAPK7 STAT3"" style=""cursor: pointer; text-decoration: underline dotted;"">18 substrates"
"5","CDK1","4.569e-13","0.00","0.00",""" title=""Overlapping EnrichrSubstrates"" data-content=""CDK1 targets 44 genes from the input gene list.The full list of substrates is available below:AR JUN EZH2 SIRT1 STAT3 SQSTM1 NFKB1 SP1 MDM4 NFE2L2 PTEN RAD23B UHRF1 TRIM28 TP53 EGR1 SMARCA4 RELA ITCH GSK3B HMGB2 HMGB1 MYC WDR77 CDKN1A NCOR2 NCOR1 CDKN2A USP7 NCL CHUK CEBPB HDAC2 RBBP4 PML ASXL1 SOX2 SETDB1 XPO1 SUZ12 NFYA SMAD3 ESR1 MAPK8"" style=""cursor: pointer; text-decoration: underline dotted;"">44 substrates"
"6","CDK4","3.813e-12","0.00","0.00",""" title=""Overlapping EnrichrSubstrates"" data-content=""CDK4 targets 16 genes from the input gene list.The full list of substrates is available below:STK11 MYC WDR77 TP53 SMAD2 JUN SMAD3 ESR1 SP1 MDM4 MNAT1 CDKN1A SUMO1 CEBPB CDKN2A STAT3"" style=""cursor: pointer; text-decoration: underline dotted;"">16 substrates"
"7","AKT1","4.179e-12","0.00","0.00",""" title=""Overlapping EnrichrSubstrates"" data-content=""AKT1 targets 22 genes from the input gene list.The full list of substrates is available below:SOX2 MYC AKT1 AR TP53 EGR1 JUN EZH2 CDKN1A IKBKB POU5F1 NCOR1 CDKN2A STAT3 SMAD3 ESR1 SP1 MDM4 KDM5A GSK3B PTEN CHUK"" style=""cursor: pointer; text-decoration: underline dotted;"">22 substrates"
"8","CDK2","1.038e-11","0.00","0.00",""" title=""Overlapping EnrichrSubstrates"" data-content=""CDK2 targets 51 genes from the input gene list.The full list of substrates is available below:JUN DDB2 SP1 MNAT1 PTEN UHRF1 CABLES1 TRIM28 TP63 TP53 EGR1 SMARCA4 ITCH RNF4 RNF2 WDR77 CDKN1A NCOR2 CDKN2A USP7 CEBPB HDAC2 PML ASXL1 SETDB1 XPO1 MAPK8 DAXX AR EZH2 POU5F1 STAT3 YY1 MDM4 NFE2L2 SUMO1 RAD23B GSK3B HMGB2 HMGB1 MYC TCF20 PAX6 NCL CHUK RBBP4 SOX2 SUZ12 SMAD2 SMAD3 ESR1"" style=""cursor: pointer; text-decoration: underline dotted;"">51 substrates"
"9","MAPK3","1.837e-11","0.00","0.00",""" title=""Overlapping EnrichrSubstrates"" data-content=""MAPK3 targets 21 genes from the input gene list.The full list of substrates is available below:MYC AKT1 AR TP53 EGR1 JUN CDKN1A POU5F1 STAT3 ETS2 SMAD2 SMAD3 ESR1 SP1 GSK3B PTEN CHUK CEBPB MAPK8 MAPK7 PML"" style=""cursor: pointer; text-decoration: underline dotted;"">21 substrates"
"10","DNAPK","2.714e-11","0.00","0.00",""" title=""Overlapping EnrichrSubstrates"" data-content=""DNAPK targets 14 genes from the input gene list.The full list of substrates is available below:SOX2 TRIM28 AKT1 PRKCD TP53 SMAD2 JUN ESR1 SP1 IKBKB CHUK RELA MAPK9 MAPK8"" style=""cursor: pointer; text-decoration: underline dotted;"">14 substrates"
"11","GSK3B","3.928e-11","0.00","0.00",""" title=""Overlapping EnrichrSubstrates"" data-content=""GSK3B targets 46 genes from the input gene list.The full list of substrates is available below:SFN JUN SP1 PTEN UHRF1 TP63 TP53 EGR1 SMARCA4 RELA ITCH UBE4B SNAI1 CDKN1A NCOR2 NCOR1 CDKN2A HIPK2 CEBPB PML ASXL1 SETDB1 KDM5A MAPK8 MAPK7 DAXX AR EZH2 SIRT1 POU5F1 STAT3 SQSTM1 NFKB1 MDM4 NFE2L2 RAD23B GSK3B MYC TCF20 CHUK RBBP4 SOX2 SUZ12 SMAD2 SMAD3 ESR1"" style=""cursor: pointer; text-decoration: underline dotted;"">46 substrates"
"12","GSK3BETA","1.026e-10","0.00","0.00",""" title=""Overlapping EnrichrSubstrates"" data-content=""GSK3BETA targets 15 genes from the input gene list.The full list of substrates is available below:MYC AKT1 AR TP53 JUN SMAD3 ESR1 NFKB1 SNAI1 PIN1 GSK3B PHF1 PTEN CEBPB STAT3"" style=""cursor: pointer; text-decoration: underline dotted;"">15 substrates"
"13","ERK2","2.232e-10","0.00","0.00",""" title=""Overlapping EnrichrSubstrates"" data-content=""ERK2 targets 15 genes from the input gene list.The full list of substrates is available below:ETS2 MYC AR TP53 SMAD2 JUN SMAD3 ESR1 NFKB1 SP1 NCOR2 CEBPB RELA MAPK7 STAT3"" style=""cursor: pointer; text-decoration: underline dotted;"">15 substrates"
"14","PKBALPHA","2.319e-10","0.00","0.00",""" title=""Overlapping EnrichrSubstrates"" data-content=""PKBALPHA targets 17 genes from the input gene list.The full list of substrates is available below:MYC AKT1 AR TP53 EZH2 CDKN1A IKBKB NCOR2 RELA SMAD2 SMAD3 ESR1 NFKB1 MDM4 GSK3B PTEN CHUK"" style=""cursor: pointer; text-decoration: underline dotted;"">17 substrates"
"15","MAPK1","2.624e-10","0.00","0.00",""" title=""Overlapping EnrichrSubstrates"" data-content=""MAPK1 targets 26 genes from the input gene list.The full list of substrates is available below:MYC AKT1 AR JUN SNAI1 EZH2 CDKN1A POU5F1 NCOR2 CDKN2A STAT3 SP1 PTEN CHUK CEBPB PML TP53 EGR1 RELA ETS2 SMAD2 SMAD3 ESR1 GSK3B MAPK8 MAPK7"" style=""cursor: pointer; text-decoration: underline dotted;"">26 substrates"
"16","JNK1","4.175e-10","0.00","0.00",""" title=""Overlapping EnrichrSubstrates"" data-content=""JNK1 targets 12 genes from the input gene list.The full list of substrates is available below:CDKN1A MYC SIRT1 TP53 RELA MAPK8 SMAD2 JUN SMAD3 STAT3 NFKB1 SP1"" style=""cursor: pointer; text-decoration: underline dotted;"">12 substrates"
"17","CK2ALPHA","1.073e-9","0.00","0.00",""" title=""Overlapping EnrichrSubstrates"" data-content=""CK2ALPHA targets 17 genes from the input gene list.The full list of substrates is available below:MYC AKT1 TP53 JUN SMARCA4 NCOR2 RELA YY1 NCL VDR SP1 PTEN SUMO1 HDAC2 HDAC3 RBBP4 PML"" style=""cursor: pointer; text-decoration: underline dotted;"">17 substrates"
"18","GSK","2.798e-9","0.00","0.00",""" title=""Overlapping EnrichrSubstrates"" data-content=""GSK targets 8 genes from the input gene list.The full list of substrates is available below:CDKN1A CEBPB PTEN RELA MYC ESR1 NFKB1 SNAI1"" style=""cursor: pointer; text-decoration: underline dotted;"">8 substrates"
"19","MAPK8","5.087e-9","0.00","0.00",""" title=""Overlapping EnrichrSubstrates"" data-content=""MAPK8 targets 16 genes from the input gene list.The full list of substrates is available below:SOX2 MYC AR TP53 SFN EGR1 JUN CDKN1A SIRT1 SUZ12 CDKN2A STAT3 ITCH SP1 NFE2L2 PTEN"" style=""cursor: pointer; text-decoration: underline dotted;"">16 substrates"
"20","ABL1","5.348e-9","0.00","0.00",""" title=""Overlapping EnrichrSubstrates"" data-content=""ABL1 targets 14 genes from the input gene list.The full list of substrates is available below:MYC TP63 PRKCD TP53 EGR1 JUN ESR1 MDM4 CDKN1A PTEN CEBPB HDAC2 STAT3 HIPK2"" style=""cursor: pointer; text-decoration: underline dotted;"">14 substrates"
"21","RPS6KA3","1.610e-8","0.00","0.00",""" title=""Overlapping EnrichrSubstrates"" data-content=""RPS6KA3 targets 17 genes from the input gene list.The full list of substrates is available below:MYC AR TP53 EGR1 JUN CDKN1A TCF20 POU5F1 NCOR2 KAT2B CDKN2A STAT3 SMAD3 ESR1 GSK3B PTEN CHUK"" style=""cursor: pointer; text-decoration: underline dotted;"">17 substrates"
"22","PRKCZ","4.287e-8","0.00","0.00",""" title=""Overlapping EnrichrSubstrates"" data-content=""PRKCZ targets 10 genes from the input gene list.The full list of substrates is available below:GSK3B PTEN IKBKB STK11 AKT1 RELA MAPK7 STAT3 SP1 PIN1"" style=""cursor: pointer; text-decoration: underline dotted;"">10 substrates"
"23","CSNK1E","4.368e-8","0.00","0.00",""" title=""Overlapping EnrichrSubstrates"" data-content=""CSNK1E targets 9 genes from the input gene list.The full list of substrates is available below:MYC POU5F1 NCL TP53 CDKN2A SIAH2 ESR1 SMARCA4 SNAI1"" style=""cursor: pointer; text-decoration: underline dotted;"">9 substrates"
"24","PRKCD","7.793e-8","0.00","0.00",""" title=""Overlapping EnrichrSubstrates"" data-content=""PRKCD targets 12 genes from the input gene list.The full list of substrates is available below:TRIM28 PRKCD SQSTM1 TP53 EGR1 JUN NFE2L2 GSK3B CDKN1A PTEN MAPK8 STAT3"" style=""cursor: pointer; text-decoration: underline dotted;"">12 substrates"
"25","IKKBETA","8.237e-8","0.00","0.00",""" title=""Overlapping EnrichrSubstrates"" data-content=""IKKBETA targets 8 genes from the input gene list.The full list of substrates is available below:RELA IKBKB AKT1 CHUK STAT3 NFKB1 SQSTM1 TP53"" style=""cursor: pointer; text-decoration: underline dotted;"">8 substrates"
"26","PKBBETA","9.556e-8","0.00","0.00",""" title=""Overlapping EnrichrSubstrates"" data-content=""PKBBETA targets 8 genes from the input gene list.The full list of substrates is available below:GSK3B CDKN1A PTEN RELA AKT1 CHUK ESR1 NFKB1"" style=""cursor: pointer; text-decoration: underline dotted;"">8 substrates"
"27","TGFBR2","1.594e-7","0.00","0.00",""" title=""Overlapping EnrichrSubstrates"" data-content=""TGFBR2 targets 9 genes from the input gene list.The full list of substrates is available below:MYC TP53 SMAD2 EGR1 SMAD3 NFKB1 PML SP1 SNAI1"" style=""cursor: pointer; text-decoration: underline dotted;"">9 substrates"
"28","GSK3ALPHA","1.681e-7","0.00","0.00",""" title=""Overlapping EnrichrSubstrates"" data-content=""GSK3ALPHA targets 8 genes from the input gene list.The full list of substrates is available below:GSK3B PTEN MYC AKT1 TP53 JUN ESR1 NFKB1"" style=""cursor: pointer; text-decoration: underline dotted;"">8 substrates"
"29","RAF1","2.643e-7","0.00","0.00",""" title=""Overlapping EnrichrSubstrates"" data-content=""RAF1 targets 11 genes from the input gene list.The full list of substrates is available below:ETS2 MYC AKT1 PRKCD AR TP53 EGR1 ESR1 NFKB1 PIN1 MAPK7"" style=""cursor: pointer; text-decoration: underline dotted;"">11 substrates"
"30","IKKALPHA","4.745e-7","0.00","0.00",""" title=""Overlapping EnrichrSubstrates"" data-content=""IKKALPHA targets 6 genes from the input gene list.The full list of substrates is available below:CHUK NFKB1 RELA IKBKB NCOR2 AKT1"" style=""cursor: pointer; text-decoration: underline dotted;"">6 substrates"
"31","SRC","6.565e-7","0.00","0.00",""" title=""Overlapping EnrichrSubstrates"" data-content=""SRC targets 19 genes from the input gene list.The full list of substrates is available below:MYC AKT1 PRKCD AR SFN JUN CDKN1A IKBKB POU5F1 WWOX STAT3 HIPK2 NFKB1 PTEN CEBPB TP53 EGR1 SMAD3 ESR1"" style=""cursor: pointer; text-decoration: underline dotted;"">19 substrates"
"32","PKBGAMMA","0.000001288","0.00","0.00",""" title=""Overlapping EnrichrSubstrates"" data-content=""PKBGAMMA targets 6 genes from the input gene list.The full list of substrates is available below:GSK3B CDKN1A PTEN RELA CHUK NFKB1"" style=""cursor: pointer; text-decoration: underline dotted;"">6 substrates"
"33","CDC2","0.000002717","0.00","0.00",""" title=""Overlapping EnrichrSubstrates"" data-content=""CDC2 targets 14 genes from the input gene list.The full list of substrates is available below:TRIM28 MYC AR TP53 JUN EZH2 CDKN1A XPO1 NCOR1 RELA NFYA STAT3 NCL MNAT1"" style=""cursor: pointer; text-decoration: underline dotted;"">14 substrates"
"34","ATM","0.000002867","0.00","0.00",""" title=""Overlapping EnrichrSubstrates"" data-content=""ATM targets 13 genes from the input gene list.The full list of substrates is available below:SOX2 TRIM28 TP63 DAXX TP53 XPC EGR1 SMARCA4 EZH2 STK11 SP1 MDM4 PTEN"" style=""cursor: pointer; text-decoration: underline dotted;"">13 substrates"
"35","PRKCB","0.000003019","0.00","0.00",""" title=""Overlapping EnrichrSubstrates"" data-content=""PRKCB targets 12 genes from the input gene list.The full list of substrates is available below:AKT1 AR TP53 EGR1 JUN CDKN1A STAT3 ESR1 GSK3B PTEN MAPK9 ASXL1"" style=""cursor: pointer; text-decoration: underline dotted;"">12 substrates"
"36","RPS6KA1","0.000003796","0.00","0.00",""" title=""Overlapping EnrichrSubstrates"" data-content=""RPS6KA1 targets 8 genes from the input gene list.The full list of substrates is available below:GSK3B STK11 TP53 CEBPB MAPK7 EGR1 JUN ESR1"" style=""cursor: pointer; text-decoration: underline dotted;"">8 substrates"
"37","PRKDC","0.000004256","0.00","0.00",""" title=""Overlapping EnrichrSubstrates"" data-content=""PRKDC targets 9 genes from the input gene list.The full list of substrates is available below:STK11 MYC AKT1 TP53 EGR1 NFKB1 CDKN1A RELA MAPK8"" style=""cursor: pointer; text-decoration: underline dotted;"">9 substrates"
"38","PRKACA","0.000009838","0.00","0.00",""" title=""Overlapping EnrichrSubstrates"" data-content=""PRKACA targets 27 genes from the input gene list.The full list of substrates is available below:AR SFN JUN POU5F1 STAT3 WT1 STK11 NFKB1 PIN1 PTEN UHRF1 TBX2 TP53 EGR1 RELA ITCH VDR GSK3B MYC SNAI1 CDKN1A NCOR2 NCOR1 CDKN2A CEBPB SMAD3 ESR1"" style=""cursor: pointer; text-decoration: underline dotted;"">27 substrates"
"39","CK2","0.00001218","0.00","0.00",""" title=""Overlapping EnrichrSubstrates"" data-content=""CK2 targets 7 genes from the input gene list.The full list of substrates is available below:PTEN AKT1 HDAC2 RELA MAPK9 JUN VDR"" style=""cursor: pointer; text-decoration: underline dotted;"">7 substrates"
"40","PRKCA","0.00003270","0.00","0.00",""" title=""Overlapping EnrichrSubstrates"" data-content=""PRKCA targets 24 genes from the input gene list.The full list of substrates is available below:AKT1 AR JUN IKBKB POU5F1 STAT3 SQSTM1 NFKB1 NFE2L2 PTEN TP53 EGR1 RELA VDR GSK3B MYC CDKN1A NCOR2 NCOR1 CDKN2A AHR CEBPB SMAD3 ESR1"" style=""cursor: pointer; text-decoration: underline dotted;"">24 substrates"
"41","PIM1","0.00003488","0.00","0.00",""" title=""Overlapping EnrichrSubstrates"" data-content=""PIM1 targets 6 genes from the input gene list.The full list of substrates is available below:CDKN1A MYC POU5F1 AR UHRF1 RELA"" style=""cursor: pointer; text-decoration: underline dotted;"">6 substrates"
"42","JNK2","0.00003525","0.00","0.00",""" title=""Overlapping EnrichrSubstrates"" data-content=""JNK2 targets 5 genes from the input gene list.The full list of substrates is available below:RELA MYC SMAD2 JUN TP53"" style=""cursor: pointer; text-decoration: underline dotted;"">5 substrates"
"43","CHUK","0.00004737","0.00","0.00",""" title=""Overlapping EnrichrSubstrates"" data-content=""CHUK targets 7 genes from the input gene list.The full list of substrates is available below:MYC BTRC NCOR2 NCOR1 RELA ESR1 NFKB1"" style=""cursor: pointer; text-decoration: underline dotted;"">7 substrates"
"44","IKK","0.00006265","0.00","0.00",""" title=""Overlapping EnrichrSubstrates"" data-content=""IKK targets 3 genes from the input gene list.The full list of substrates is available below:NCOR2 NFKB1 RELA"" style=""cursor: pointer; text-decoration: underline dotted;"">3 substrates"
"45","MAPK9","0.00006683","0.00","0.00",""" title=""Overlapping EnrichrSubstrates"" data-content=""MAPK9 targets 7 genes from the input gene list.The full list of substrates is available below:CDKN1A ETS2 MYC TP53 EGR1 JUN STAT3"" style=""cursor: pointer; text-decoration: underline dotted;"">7 substrates"
"46","PKD1","0.00007218","0.00","0.00",""" title=""Overlapping EnrichrSubstrates"" data-content=""PKD1 targets 6 genes from the input gene list.The full list of substrates is available below:XPO1 TP53 MAPK9 MAPK8 JUN NFKB1"" style=""cursor: pointer; text-decoration: underline dotted;"">6 substrates"
"47","CK2A2","0.00007850","0.00","0.00",""" title=""Overlapping EnrichrSubstrates"" data-content=""CK2A2 targets 6 genes from the input gene list.The full list of substrates is available below:PTEN MYC NCL HDAC2 RELA JUN"" style=""cursor: pointer; text-decoration: underline dotted;"">6 substrates"
"48","DYRK2","0.00009497","0.00","0.00",""" title=""Overlapping EnrichrSubstrates"" data-content=""DYRK2 targets 5 genes from the input gene list.The full list of substrates is available below:MYC JUN SIAH2 STAT3 TP53"" style=""cursor: pointer; text-decoration: underline dotted;"">5 substrates"
"49","PKR","0.0001308","0.00","0.00",""" title=""Overlapping EnrichrSubstrates"" data-content=""PKR targets 5 genes from the input gene list.The full list of substrates is available below:IKBKB CHUK STAT3 NFKB1 TP53"" style=""cursor: pointer; text-decoration: underline dotted;"">5 substrates"
"50","PDHK1","0.0001465","0.00","0.00",""" title=""Overlapping EnrichrSubstrates"" data-content=""PDHK1 targets 6 genes from the input gene list.The full list of substrates is available below:GSK3B PTEN IKBKB AKT1 CHUK PRKCD"" style=""cursor: pointer; text-decoration: underline dotted;"">6 substrates"
"51","PKCIOTA","0.0001600","0.00","0.00",""" title=""Overlapping EnrichrSubstrates"" data-content=""PKCIOTA targets 5 genes from the input gene list.The full list of substrates is available below:RELA IKBKB CHUK NFKB1 SQSTM1"" style=""cursor: pointer; text-decoration: underline dotted;"">5 substrates"
"52","CSNK2A2","0.0001659","0.00","0.00",""" title=""Overlapping EnrichrSubstrates"" data-content=""CSNK2A2 targets 8 genes from the input gene list.The full list of substrates is available below:SOX2 MYC AR TP53 EGR1 JUN CDKN1A POU5F1"" style=""cursor: pointer; text-decoration: underline dotted;"">8 substrates"
"53","CHEK2","0.0002544","0.00","0.00",""" title=""Overlapping EnrichrSubstrates"" data-content=""CHEK2 targets 5 genes from the input gene list.The full list of substrates is available below:TRIM28 TP53 SIAH2 PML MDM4"" style=""cursor: pointer; text-decoration: underline dotted;"">5 substrates"
"54","TBK1","0.0002716","0.00","0.00",""" title=""Overlapping EnrichrSubstrates"" data-content=""TBK1 targets 6 genes from the input gene list.The full list of substrates is available below:IKBKB AKT1 SQSTM1 RELA STAT3 ESR1"" style=""cursor: pointer; text-decoration: underline dotted;"">6 substrates"
"55","MAP2K4","0.0003023","0.00","0.00",""" title=""Overlapping EnrichrSubstrates"" data-content=""MAP2K4 targets 5 genes from the input gene list.The full list of substrates is available below:PTEN AKT1 DAXX MAPK9 MAPK8"" style=""cursor: pointer; text-decoration: underline dotted;"">5 substrates"
"56","PKCTHETA","0.0003023","0.00","0.00",""" title=""Overlapping EnrichrSubstrates"" data-content=""PKCTHETA targets 5 genes from the input gene list.The full list of substrates is available below:IKBKB AKT1 CHUK PRKCD MAPK8"" style=""cursor: pointer; text-decoration: underline dotted;"">5 substrates"
"57","AURKA","0.0003488","0.00","0.00",""" title=""Overlapping EnrichrSubstrates"" data-content=""AURKA targets 6 genes from the input gene list.The full list of substrates is available below:GSK3B CDKN1A AR TP53 ESR1 PIN1"" style=""cursor: pointer; text-decoration: underline dotted;"">6 substrates"
"58","MAPK10","0.0004180","0.00","0.00",""" title=""Overlapping EnrichrSubstrates"" data-content=""MAPK10 targets 5 genes from the input gene list.The full list of substrates is available below:CDKN1A MYC EGR1 JUN CDKN2A"" style=""cursor: pointer; text-decoration: underline dotted;"">5 substrates"
"59","CDK3","0.0004861","0.00","0.00",""" title=""Overlapping EnrichrSubstrates"" data-content=""CDK3 targets 4 genes from the input gene list.The full list of substrates is available below:CDKN1A JUN CABLES1 ESR1"" style=""cursor: pointer; text-decoration: underline dotted;"">4 substrates"
"60","RET","0.0008957","0.00","0.00",""" title=""Overlapping EnrichrSubstrates"" data-content=""RET targets 4 genes from the input gene list.The full list of substrates is available below:MAPK9 MAPK8 AKT1 STAT3"" style=""cursor: pointer; text-decoration: underline dotted;"">4 substrates"
"61","RPS6KB1","0.001032","0.00","0.00",""" title=""Overlapping EnrichrSubstrates"" data-content=""RPS6KB1 targets 5 genes from the input gene list.The full list of substrates is available below:GSK3B STK11 TP63 CDKN2A ESR1"" style=""cursor: pointer; text-decoration: underline dotted;"">5 substrates"
"62","CDK5","0.001054","0.00","0.00",""" title=""Overlapping EnrichrSubstrates"" data-content=""CDK5 targets 8 genes from the input gene list.The full list of substrates is available below:MYC AR TP53 NFE2L2 GSK3B CDKN1A STAT3 CABLES1"" style=""cursor: pointer; text-decoration: underline dotted;"">8 substrates"
"63","RPS6KA5","0.001276","0.00","0.00",""" title=""Overlapping EnrichrSubstrates"" data-content=""RPS6KA5 targets 4 genes from the input gene list.The full list of substrates is available below:RELA STK11 TRIM28 STAT3"" style=""cursor: pointer; text-decoration: underline dotted;"">4 substrates"
"64","MTOR","0.001548","0.00","0.00",""" title=""Overlapping EnrichrSubstrates"" data-content=""MTOR targets 6 genes from the input gene list.The full list of substrates is available below:MYC AKT1 SQSTM1 JUN ESR1 STAT3"" style=""cursor: pointer; text-decoration: underline dotted;"">6 substrates"
"65","PKAALPHA","0.001617","0.00","0.00",""" title=""Overlapping EnrichrSubstrates"" data-content=""PKAALPHA targets 6 genes from the input gene list.The full list of substrates is available below:STK11 AR ESR1 NFKB1 RELA WT1"" style=""cursor: pointer; text-decoration: underline dotted;"">6 substrates"
"66","LYN","0.001743","0.00","0.00",""" title=""Overlapping EnrichrSubstrates"" data-content=""LYN targets 7 genes from the input gene list.The full list of substrates is available below:YY1 TRIM28 MYC PRKCD TP53 PTEN IKBKB"" style=""cursor: pointer; text-decoration: underline dotted;"">7 substrates"
"67","PKA","0.001765","0.00","0.00",""" title=""Overlapping EnrichrSubstrates"" data-content=""PKA targets 3 genes from the input gene list.The full list of substrates is available below:GSK3B RELA STK11"" style=""cursor: pointer; text-decoration: underline dotted;"">3 substrates"
"68","IKBKE","0.002040","0.00","0.00",""" title=""Overlapping EnrichrSubstrates"" data-content=""IKBKE targets 5 genes from the input gene list.The full list of substrates is available below:AKT1 BTRC RELA ESR1 NFKB1"" style=""cursor: pointer; text-decoration: underline dotted;"">5 substrates"
"69","CSNK1A1","0.002148","0.00","0.00",""" title=""Overlapping EnrichrSubstrates"" data-content=""CSNK1A1 targets 5 genes from the input gene list.The full list of substrates is available below:CDKN1A SQSTM1 TP53 RELA MDM4"" style=""cursor: pointer; text-decoration: underline dotted;"">5 substrates"
"70","MAPK11","0.002251","0.00","0.00",""" title=""Overlapping EnrichrSubstrates"" data-content=""MAPK11 targets 6 genes from the input gene list.The full list of substrates is available below:TP53 JUN ESR1 NFKB1 CEBPB PML"" style=""cursor: pointer; text-decoration: underline dotted;"">6 substrates"
"71","AURORAA","0.002260","0.00","0.00",""" title=""Overlapping EnrichrSubstrates"" data-content=""AURORAA targets 5 genes from the input gene list.The full list of substrates is available below:GSK3B AKT1 NCOR1 TP53 HDAC3"" style=""cursor: pointer; text-decoration: underline dotted;"">5 substrates"
"72","ATR","0.002342","0.00","0.00",""" title=""Overlapping EnrichrSubstrates"" data-content=""ATR targets 6 genes from the input gene list.The full list of substrates is available below:DAXX TP53 XPC SP1 CDKN2A PML"" style=""cursor: pointer; text-decoration: underline dotted;"">6 substrates"
"73","CHEK1","0.002610","0.00","0.00",""" title=""Overlapping EnrichrSubstrates"" data-content=""CHEK1 targets 8 genes from the input gene list.The full list of substrates is available below:SOX2 TRIM28 MYC TP53 EZH2 CDKN1A NFKB1 MDM4"" style=""cursor: pointer; text-decoration: underline dotted;"">8 substrates"
"74","CAMK2A","0.002631","0.00","0.00",""" title=""Overlapping EnrichrSubstrates"" data-content=""CAMK2A targets 6 genes from the input gene list.The full list of substrates is available below:ETS2 MYC SMAD2 CDKN1A NCOR2 RCHY1"" style=""cursor: pointer; text-decoration: underline dotted;"">6 substrates"
"75","CK1ALPHA","0.002752","0.00","0.00",""" title=""Overlapping EnrichrSubstrates"" data-content=""CK1ALPHA targets 5 genes from the input gene list.The full list of substrates is available below:GSK3B TP53 JUN NFKB1 MDM4"" style=""cursor: pointer; text-decoration: underline dotted;"">5 substrates"
"76","NIK","0.003005","0.00","0.00",""" title=""Overlapping EnrichrSubstrates"" data-content=""NIK targets 2 genes from the input gene list.The full list of substrates is available below:CEBPB TP53"" style=""cursor: pointer; text-decoration: underline dotted;"">2 substrates"
"77","PIM2","0.003143","0.00","0.00",""" title=""Overlapping EnrichrSubstrates"" data-content=""PIM2 targets 3 genes from the input gene list.The full list of substrates is available below:CDKN1A MYC POU5F1"" style=""cursor: pointer; text-decoration: underline dotted;"">3 substrates"
"78","IKBKB","0.003169","0.00","0.00",""" title=""Overlapping EnrichrSubstrates"" data-content=""IKBKB targets 5 genes from the input gene list.The full list of substrates is available below:IKBKB TP63 RELA CDKN2A NFKB1"" style=""cursor: pointer; text-decoration: underline dotted;"">5 substrates"
"79","PKCALPHA","0.003290","0.00","0.00",""" title=""Overlapping EnrichrSubstrates"" data-content=""PKCALPHA targets 6 genes from the input gene list.The full list of substrates is available below:MYC PRKCD TP53 NFKB1 GSK3B MAPK7"" style=""cursor: pointer; text-decoration: underline dotted;"">6 substrates"
"80","PLK1","0.003310","0.00","0.00",""" title=""Overlapping EnrichrSubstrates"" data-content=""PLK1 targets 9 genes from the input gene list.The full list of substrates is available below:MYC TP53 CDKN1A IKBKB XPO1 SUZ12 YY1 PIN1 PTEN"" style=""cursor: pointer; text-decoration: underline dotted;"">9 substrates"
"81","MOK","0.003479","0.00","0.00",""" title=""Overlapping EnrichrSubstrates"" data-content=""MOK targets 3 genes from the input gene list.The full list of substrates is available below:MYC JUN NFKB1"" style=""cursor: pointer; text-decoration: underline dotted;"">3 substrates"
"82","MELK","0.003836","0.00","0.00",""" title=""Overlapping EnrichrSubstrates"" data-content=""MELK targets 3 genes from the input gene list.The full list of substrates is available below:SMAD2 SMAD3 TP53"" style=""cursor: pointer; text-decoration: underline dotted;"">3 substrates"
"83","TNK2","0.004214","0.00","0.00",""" title=""Overlapping EnrichrSubstrates"" data-content=""TNK2 targets 3 genes from the input gene list.The full list of substrates is available below:AKT1 WWOX AR"" style=""cursor: pointer; text-decoration: underline dotted;"">3 substrates"
"84","DNA","0.004763","0.00","0.00",""" title=""Overlapping EnrichrSubstrates"" data-content=""DNA targets 2 genes from the input gene list.The full list of substrates is available below:JUN TP53"" style=""cursor: pointer; text-decoration: underline dotted;"">2 substrates"
"85","EGFR","0.004856","0.00","0.00",""" title=""Overlapping EnrichrSubstrates"" data-content=""EGFR targets 7 genes from the input gene list.The full list of substrates is available below:PRKCD AR EGR1 JUN ESR1 CDKN1A STAT3"" style=""cursor: pointer; text-decoration: underline dotted;"">7 substrates"
"86","EIF2AK2","0.005952","0.00","0.00",""" title=""Overlapping EnrichrSubstrates"" data-content=""EIF2AK2 targets 3 genes from the input gene list.The full list of substrates is available below:IKBKB CHUK TP53"" style=""cursor: pointer; text-decoration: underline dotted;"">3 substrates"
"87","CDK9","0.006959","0.00","0.00",""" title=""Overlapping EnrichrSubstrates"" data-content=""CDK9 targets 3 genes from the input gene list.The full list of substrates is available below:RCHY1 SMAD3 TP53"" style=""cursor: pointer; text-decoration: underline dotted;"">3 substrates"
"88","MAP3K5","0.007498","0.00","0.00",""" title=""Overlapping EnrichrSubstrates"" data-content=""MAP3K5 targets 3 genes from the input gene list.The full list of substrates is available below:CDKN1A MAPK8 DAXX"" style=""cursor: pointer; text-decoration: underline dotted;"">3 substrates"
"89","JNK3","0.008086","0.00","0.00",""" title=""Overlapping EnrichrSubstrates"" data-content=""JNK3 targets 2 genes from the input gene list.The full list of substrates is available below:JUN TP53"" style=""cursor: pointer; text-decoration: underline dotted;"">2 substrates"
"90","MAP2K1","0.008565","0.00","0.00",""" title=""Overlapping EnrichrSubstrates"" data-content=""MAP2K1 targets 4 genes from the input gene list.The full list of substrates is available below:GSK3B MYC MAPK8 STAT3"" style=""cursor: pointer; text-decoration: underline dotted;"">4 substrates"
"91","ALK","0.008649","0.00","0.00",""" title=""Overlapping EnrichrSubstrates"" data-content=""ALK targets 3 genes from the input gene list.The full list of substrates is available below:RELA STAT3 TP53"" style=""cursor: pointer; text-decoration: underline dotted;"">3 substrates"
"92","MARK2","0.009261","0.00","0.00",""" title=""Overlapping EnrichrSubstrates"" data-content=""MARK2 targets 3 genes from the input gene list.The full list of substrates is available below:GSK3B PHF1 STK11"" style=""cursor: pointer; text-decoration: underline dotted;"">3 substrates"
"93","CDK7","0.009793","0.00","0.00",""" title=""Overlapping EnrichrSubstrates"" data-content=""CDK7 targets 4 genes from the input gene list.The full list of substrates is available below:AR TP53 XPC ESR1"" style=""cursor: pointer; text-decoration: underline dotted;"">4 substrates"
"94","LCK","0.009823","0.00","0.00",""" title=""Overlapping EnrichrSubstrates"" data-content=""LCK targets 6 genes from the input gene list.The full list of substrates is available below:STK11 PRKCD TP53 EGR1 ESR1 PTEN"" style=""cursor: pointer; text-decoration: underline dotted;"">6 substrates"
"95","PLK3","0.009897","0.00","0.00",""" title=""Overlapping EnrichrSubstrates"" data-content=""PLK3 targets 3 genes from the input gene list.The full list of substrates is available below:PTEN JUN TP53"" style=""cursor: pointer; text-decoration: underline dotted;"">3 substrates"
"96","STK11","0.01056","0.00","0.00",""" title=""Overlapping EnrichrSubstrates"" data-content=""STK11 targets 3 genes from the input gene list.The full list of substrates is available below:PTEN STK11 TP53"" style=""cursor: pointer; text-decoration: underline dotted;"">3 substrates"
"97","PRKAA2","0.01056","0.00","0.00",""" title=""Overlapping EnrichrSubstrates"" data-content=""PRKAA2 targets 3 genes from the input gene list.The full list of substrates is available below:IKBKB STK11 TP53"" style=""cursor: pointer; text-decoration: underline dotted;"">3 substrates"
"98","PDGFRBETA","0.01056","0.00","0.00",""" title=""Overlapping EnrichrSubstrates"" data-content=""PDGFRBETA targets 3 genes from the input gene list.The full list of substrates is available below:PTEN PRKCD STAT3"" style=""cursor: pointer; text-decoration: underline dotted;"">3 substrates"
"99","PKC","0.01208","0.00","0.00",""" title=""Overlapping EnrichrSubstrates"" data-content=""PKC targets 4 genes from the input gene list.The full list of substrates is available below:CDKN1A AHR STK11 NFE2L2"" style=""cursor: pointer; text-decoration: underline dotted;"">4 substrates"
"100","ACTR2B","0.01219","0.00","0.00",""" title=""Overlapping EnrichrSubstrates"" data-content=""ACTR2B targets 2 genes from the input gene list.The full list of substrates is available below:SMAD2 SMAD3"" style=""cursor: pointer; text-decoration: underline dotted;"">2 substrates"
"101","PTK2","0.01506","0.00","0.00",""" title=""Overlapping EnrichrSubstrates"" data-content=""PTK2 targets 3 genes from the input gene list.The full list of substrates is available below:PTEN SUMO1 NANOG"" style=""cursor: pointer; text-decoration: underline dotted;"">3 substrates"
"102","PAK3","0.01506","0.00","0.00",""" title=""Overlapping EnrichrSubstrates"" data-content=""PAK3 targets 3 genes from the input gene list.The full list of substrates is available below:CDKN1A WT1 TP53"" style=""cursor: pointer; text-decoration: underline dotted;"">3 substrates"
"103","PRKCI","0.01677","0.00","0.00",""" title=""Overlapping EnrichrSubstrates"" data-content=""PRKCI targets 3 genes from the input gene list.The full list of substrates is available below:RAD23B SP1 EZH2"" style=""cursor: pointer; text-decoration: underline dotted;"">3 substrates"
"104","PAK4","0.01677","0.00","0.00",""" title=""Overlapping EnrichrSubstrates"" data-content=""PAK4 targets 3 genes from the input gene list.The full list of substrates is available below:TP53 MAPK7 ESR1"" style=""cursor: pointer; text-decoration: underline dotted;"">3 substrates"
"105","GSK3A","0.01858","0.00","0.00",""" title=""Overlapping EnrichrSubstrates"" data-content=""GSK3A targets 3 genes from the input gene list.The full list of substrates is available below:MYC AKT1 CEBPB"" style=""cursor: pointer; text-decoration: underline dotted;"">3 substrates"
"106","SCYL2","0.01877","0.00","0.00",""" title=""Overlapping EnrichrSubstrates"" data-content=""SCYL2 targets 2 genes from the input gene list.The full list of substrates is available below:NFYA RAD23B"" style=""cursor: pointer; text-decoration: underline dotted;"">2 substrates"
"107","FYN","0.01903","0.00","0.00",""" title=""Overlapping EnrichrSubstrates"" data-content=""FYN targets 6 genes from the input gene list.The full list of substrates is available below:PRKCD EGR1 ITCH STK11 NFE2L2 PTEN"" style=""cursor: pointer; text-decoration: underline dotted;"">6 substrates"
"108","PDK","0.02060","0.00","0.00",""" title=""Overlapping EnrichrSubstrates"" data-content=""PDK targets 2 genes from the input gene list.The full list of substrates is available below:PRKCD AKT1"" style=""cursor: pointer; text-decoration: underline dotted;"">2 substrates"
"109","FOXO3","0.02116","0.00","0.00",""" title=""Overlapping EnrichrSubstrates"" data-content=""FOXO3 targets 1 genes from the input gene list.The full list of substrates is available below:AKT1"" style=""cursor: pointer; text-decoration: underline dotted;"">1 substrates"
"110","PIKFYVE","0.02116","0.00","0.00",""" title=""Overlapping EnrichrSubstrates"" data-content=""PIKFYVE targets 1 genes from the input gene list.The full list of substrates is available below:AKT1"" style=""cursor: pointer; text-decoration: underline dotted;"">1 substrates"
"111","MAP3K7","0.02306","0.00","0.00",""" title=""Overlapping EnrichrSubstrates"" data-content=""MAP3K7 targets 4 genes from the input gene list.The full list of substrates is available below:SQSTM1 SMAD3 IKBKB RAD23B"" style=""cursor: pointer; text-decoration: underline dotted;"">4 substrates"
"112","PIM3","0.02449","0.00","0.00",""" title=""Overlapping EnrichrSubstrates"" data-content=""PIM3 targets 2 genes from the input gene list.The full list of substrates is available below:PML POU5F1"" style=""cursor: pointer; text-decoration: underline dotted;"">2 substrates"
"113","PKAGAMMA","0.02687","0.00","0.00",""" title=""Overlapping EnrichrSubstrates"" data-content=""PKAGAMMA targets 3 genes from the input gene list.The full list of substrates is available below:AR RELA NFKB1"" style=""cursor: pointer; text-decoration: underline dotted;"">3 substrates"
"114","MERTK","0.02864","0.00","0.00",""" title=""Overlapping EnrichrSubstrates"" data-content=""MERTK targets 2 genes from the input gene list.The full list of substrates is available below:STAT3 AKT1"" style=""cursor: pointer; text-decoration: underline dotted;"">2 substrates"
"115","AKT2","0.02921","0.00","0.00",""" title=""Overlapping EnrichrSubstrates"" data-content=""AKT2 targets 3 genes from the input gene list.The full list of substrates is available below:GSK3B CHUK ESR1"" style=""cursor: pointer; text-decoration: underline dotted;"">3 substrates"
"116","TGFBR1","0.02921","0.00","0.00",""" title=""Overlapping EnrichrSubstrates"" data-content=""TGFBR1 targets 3 genes from the input gene list.The full list of substrates is available below:TP63 SMAD2 WWOX"" style=""cursor: pointer; text-decoration: underline dotted;"">3 substrates"
"117","NUAK1","0.03082","0.00","0.00",""" title=""Overlapping EnrichrSubstrates"" data-content=""NUAK1 targets 2 genes from the input gene list.The full list of substrates is available below:CDKN1A TP53"" style=""cursor: pointer; text-decoration: underline dotted;"">2 substrates"
"118","ERBB2","0.03293","0.00","0.00",""" title=""Overlapping EnrichrSubstrates"" data-content=""ERBB2 targets 4 genes from the input gene list.The full list of substrates is available below:AR ESR1 NCOR1 STAT3"" style=""cursor: pointer; text-decoration: underline dotted;"">4 substrates"
"119","VRK1","0.03536","0.00","0.00",""" title=""Overlapping EnrichrSubstrates"" data-content=""VRK1 targets 2 genes from the input gene list.The full list of substrates is available below:JUN TP53"" style=""cursor: pointer; text-decoration: underline dotted;"">2 substrates"
"120","RPS6KA2","0.03536","0.00","0.00",""" title=""Overlapping EnrichrSubstrates"" data-content=""RPS6KA2 targets 2 genes from the input gene list.The full list of substrates is available below:GSK3B STK11"" style=""cursor: pointer; text-decoration: underline dotted;"">2 substrates"
"121","PRKG1","0.03684","0.00","0.00",""" title=""Overlapping EnrichrSubstrates"" data-content=""PRKG1 targets 3 genes from the input gene list.The full list of substrates is available below:CDKN1A PTEN EGR1"" style=""cursor: pointer; text-decoration: underline dotted;"">3 substrates"
"122","MAPKAPK2","0.03820","0.00","0.00",""" title=""Overlapping EnrichrSubstrates"" data-content=""MAPKAPK2 targets 3 genes from the input gene list.The full list of substrates is available below:TRIM28 AKT1 TP53"" style=""cursor: pointer; text-decoration: underline dotted;"">3 substrates"
"123","AKT3","0.04014","0.00","0.00",""" title=""Overlapping EnrichrSubstrates"" data-content=""AKT3 targets 2 genes from the input gene list.The full list of substrates is available below:GSK3B PRKCD"" style=""cursor: pointer; text-decoration: underline dotted;"">2 substrates"
"124","CDK8","0.04014","0.00","0.00",""" title=""Overlapping EnrichrSubstrates"" data-content=""CDK8 targets 2 genes from the input gene list.The full list of substrates is available below:SMAD3 STAT3"" style=""cursor: pointer; text-decoration: underline dotted;"">2 substrates"
"125","SGK3","0.04014","0.00","0.00",""" title=""Overlapping EnrichrSubstrates"" data-content=""SGK3 targets 2 genes from the input gene list.The full list of substrates is available below:GSK3B ITCH"" style=""cursor: pointer; text-decoration: underline dotted;"">2 substrates"
"126","PAK1","0.04070","0.00","0.00",""" title=""Overlapping EnrichrSubstrates"" data-content=""PAK1 targets 4 genes from the input gene list.The full list of substrates is available below:AKT1 PRKCD ESR1 SNAI1"" style=""cursor: pointer; text-decoration: underline dotted;"">4 substrates"
"127","LKB1","0.04262","0.00","0.00",""" title=""Overlapping EnrichrSubstrates"" data-content=""LKB1 targets 2 genes from the input gene list.The full list of substrates is available below:PTEN STK11"" style=""cursor: pointer; text-decoration: underline dotted;"">2 substrates"
"128","MAPK7","0.04262","0.00","0.00",""" title=""Overlapping EnrichrSubstrates"" data-content=""MAPK7 targets 2 genes from the input gene list.The full list of substrates is available below:MAPK7 PML"" style=""cursor: pointer; text-decoration: underline dotted;"">2 substrates"
"129","EEF2K","0.04515","0.00","0.00",""" title=""Overlapping EnrichrSubstrates"" data-content=""EEF2K targets 2 genes from the input gene list.The full list of substrates is available below:MAPK9 MAPK8"" style=""cursor: pointer; text-decoration: underline dotted;"">2 substrates"
"130","LATS2","0.04515","0.00","0.00",""" title=""Overlapping EnrichrSubstrates"" data-content=""LATS2 targets 2 genes from the input gene list.The full list of substrates is available below:CDKN1A SNAI1"" style=""cursor: pointer; text-decoration: underline dotted;"">2 substrates"
"131","PRKD1","0.04690","0.00","0.00",""" title=""Overlapping EnrichrSubstrates"" data-content=""PRKD1 targets 3 genes from the input gene list.The full list of substrates is available below:AKT1 JUN SNAI1"" style=""cursor: pointer; text-decoration: underline dotted;"">3 substrates"
"132","LRRK2","0.04774","0.00","0.00",""" title=""Overlapping EnrichrSubstrates"" data-content=""LRRK2 targets 2 genes from the input gene list.The full list of substrates is available below:AKT1 TP53"" style=""cursor: pointer; text-decoration: underline dotted;"">2 substrates"
"133","AXL","0.04774","0.00","0.00",""" title=""Overlapping EnrichrSubstrates"" data-content=""AXL targets 2 genes from the input gene list.The full list of substrates is available below:AKT1 STAT3"" style=""cursor: pointer; text-decoration: underline dotted;"">2 substrates"
"134","FER","0.04774","0.00","0.00",""" title=""Overlapping EnrichrSubstrates"" data-content=""FER targets 2 genes from the input gene list.The full list of substrates is available below:STAT3 AR"" style=""cursor: pointer; text-decoration: underline dotted;"">2 substrates"
"135","MAPK13","0.04844","0.00","0.00",""" title=""Overlapping EnrichrSubstrates"" data-content=""MAPK13 targets 3 genes from the input gene list.The full list of substrates is available below:SQSTM1 TP53 JUN"" style=""cursor: pointer; text-decoration: underline dotted;"">3 substrates"
"136","DAPK1","0.05038","0.00","0.00",""" title=""Overlapping EnrichrSubstrates"" data-content=""DAPK1 targets 2 genes from the input gene list.The full list of substrates is available below:PIN1 TP53"" style=""cursor: pointer; text-decoration: underline dotted;"">2 substrates"
"137","PAK2","0.05159","0.00","0.00",""" title=""Overlapping EnrichrSubstrates"" data-content=""PAK2 targets 3 genes from the input gene list.The full list of substrates is available below:MYC SMAD2 JUN"" style=""cursor: pointer; text-decoration: underline dotted;"">3 substrates"
"138","BARK1","0.05320","0.00","0.00",""" title=""Overlapping EnrichrSubstrates"" data-content=""BARK1 targets 3 genes from the input gene list.The full list of substrates is available below:PRKCD AR PIN1"" style=""cursor: pointer; text-decoration: underline dotted;"">3 substrates"
"139","INSR","0.05484","0.00","0.00",""" title=""Overlapping EnrichrSubstrates"" data-content=""INSR targets 3 genes from the input gene list.The full list of substrates is available below:PTEN TP53 JUN"" style=""cursor: pointer; text-decoration: underline dotted;"">3 substrates"
"140","DAPK3","0.05581","0.00","0.00",""" title=""Overlapping EnrichrSubstrates"" data-content=""DAPK3 targets 2 genes from the input gene list.The full list of substrates is available below:CDKN1A TP53"" style=""cursor: pointer; text-decoration: underline dotted;"">2 substrates"
"141","PRKCE","0.05818","0.00","0.00",""" title=""Overlapping EnrichrSubstrates"" data-content=""PRKCE targets 3 genes from the input gene list.The full list of substrates is available below:IKBKB STAT3 NANOG"" style=""cursor: pointer; text-decoration: underline dotted;"">3 substrates"
"142","PAK6","0.05861","0.00","0.00",""" title=""Overlapping EnrichrSubstrates"" data-content=""PAK6 targets 2 genes from the input gene list.The full list of substrates is available below:AKT1 AR"" style=""cursor: pointer; text-decoration: underline dotted;"">2 substrates"
"143","PKCEPSILON","0.05989","0.00","0.00",""" title=""Overlapping EnrichrSubstrates"" data-content=""PKCEPSILON targets 3 genes from the input gene list.The full list of substrates is available below:PRKCD NFKB1 SP1"" style=""cursor: pointer; text-decoration: underline dotted;"">3 substrates"
"144","PKG1CGKI","0.06145","0.00","0.00",""" title=""Overlapping EnrichrSubstrates"" data-content=""PKG1CGKI targets 2 genes from the input gene list.The full list of substrates is available below:SP1 TP53"" style=""cursor: pointer; text-decoration: underline dotted;"">2 substrates"
"145","PKM","0.06217","0.00","0.00",""" title=""Overlapping EnrichrSubstrates"" data-content=""PKM targets 1 genes from the input gene list.The full list of substrates is available below:STAT3"" style=""cursor: pointer; text-decoration: underline dotted;"">1 substrates"
"146","CHK2","0.07216","0.00","0.00",""" title=""Overlapping EnrichrSubstrates"" data-content=""CHK2 targets 1 genes from the input gene list.The full list of substrates is available below:TP53"" style=""cursor: pointer; text-decoration: underline dotted;"">1 substrates"
"147","CHK1","0.07216","0.00","0.00",""" title=""Overlapping EnrichrSubstrates"" data-content=""CHK1 targets 1 genes from the input gene list.The full list of substrates is available below:TP53"" style=""cursor: pointer; text-decoration: underline dotted;"">1 substrates"
"148","PDHK2","0.07216","0.00","0.00",""" title=""Overlapping EnrichrSubstrates"" data-content=""PDHK2 targets 1 genes from the input gene list.The full list of substrates is available below:AKT1"" style=""cursor: pointer; text-decoration: underline dotted;"">1 substrates"
"149","MAP2K7","0.07325","0.00","0.00",""" title=""Overlapping EnrichrSubstrates"" data-content=""MAP2K7 targets 2 genes from the input gene list.The full list of substrates is available below:MAPK9 MAPK8"" style=""cursor: pointer; text-decoration: underline dotted;"">2 substrates"
"150","DYRK1A","0.07631","0.00","0.00",""" title=""Overlapping EnrichrSubstrates"" data-content=""DYRK1A targets 2 genes from the input gene list.The full list of substrates is available below:SIRT1 TP53"" style=""cursor: pointer; text-decoration: underline dotted;"">2 substrates"
"151","RSK","0.08204","0.00","0.00",""" title=""Overlapping EnrichrSubstrates"" data-content=""RSK targets 1 genes from the input gene list.The full list of substrates is available below:CEBPB"" style=""cursor: pointer; text-decoration: underline dotted;"">1 substrates"
"152","CSNK1D","0.08893","0.00","0.00",""" title=""Overlapping EnrichrSubstrates"" data-content=""CSNK1D targets 2 genes from the input gene list.The full list of substrates is available below:UHRF1 TP53"" style=""cursor: pointer; text-decoration: underline dotted;"">2 substrates"
"153","NLK","0.08893","0.00","0.00",""" title=""Overlapping EnrichrSubstrates"" data-content=""NLK targets 2 genes from the input gene list.The full list of substrates is available below:SETDB1 STAT3"" style=""cursor: pointer; text-decoration: underline dotted;"">2 substrates"
"154","AURORA","0.09181","0.00","0.00",""" title=""Overlapping EnrichrSubstrates"" data-content=""AURORA targets 1 genes from the input gene list.The full list of substrates is available below:TP53"" style=""cursor: pointer; text-decoration: underline dotted;"">1 substrates"
"155","MAP2K3","0.09878","0.00","0.00",""" title=""Overlapping EnrichrSubstrates"" data-content=""MAP2K3 targets 2 genes from the input gene list.The full list of substrates is available below:SMAD2 SMAD3"" style=""cursor: pointer; text-decoration: underline dotted;"">2 substrates"
"156","TRRAP","0.1015","0.00","0.00",""" title=""Overlapping EnrichrSubstrates"" data-content=""TRRAP targets 1 genes from the input gene list.The full list of substrates is available below:NCOR2"" style=""cursor: pointer; text-decoration: underline dotted;"">1 substrates"
"157","AMPKA1","0.1015","0.00","0.00",""" title=""Overlapping EnrichrSubstrates"" data-content=""AMPKA1 targets 1 genes from the input gene list.The full list of substrates is available below:STK11"" style=""cursor: pointer; text-decoration: underline dotted;"">1 substrates"
"158","CK1GAMMA1","0.1015","0.00","0.00",""" title=""Overlapping EnrichrSubstrates"" data-content=""CK1GAMMA1 targets 1 genes from the input gene list.The full list of substrates is available below:TP53"" style=""cursor: pointer; text-decoration: underline dotted;"">1 substrates"
"159","PRKAA1","0.1097","0.00","0.00",""" title=""Overlapping EnrichrSubstrates"" data-content=""PRKAA1 targets 3 genes from the input gene list.The full list of substrates is available below:SQSTM1 TP53 NFE2L2"" style=""cursor: pointer; text-decoration: underline dotted;"">3 substrates"
"160","PKC","0.1111","0.00","0.00",""" title=""Overlapping EnrichrSubstrates"" data-content=""PKC targets 1 genes from the input gene list.The full list of substrates is available below:RELA"" style=""cursor: pointer; text-decoration: underline dotted;"">1 substrates"
"161","MST4","0.1111","0.00","0.00",""" title=""Overlapping EnrichrSubstrates"" data-content=""MST4 targets 1 genes from the input gene list.The full list of substrates is available below:STK11"" style=""cursor: pointer; text-decoration: underline dotted;"">1 substrates"
"162","CAMKIV","0.1111","0.00","0.00",""" title=""Overlapping EnrichrSubstrates"" data-content=""CAMKIV targets 1 genes from the input gene list.The full list of substrates is available below:RELA"" style=""cursor: pointer; text-decoration: underline dotted;"">1 substrates"
"163","STK17A","0.1111","0.00","0.00",""" title=""Overlapping EnrichrSubstrates"" data-content=""STK17A targets 1 genes from the input gene list.The full list of substrates is available below:TP53"" style=""cursor: pointer; text-decoration: underline dotted;"">1 substrates"
"164","JAK2","0.1123","0.00","0.00",""" title=""Overlapping EnrichrSubstrates"" data-content=""JAK2 targets 2 genes from the input gene list.The full list of substrates is available below:STAT3 EZH2"" style=""cursor: pointer; text-decoration: underline dotted;"">2 substrates"
"165","CK1DELTA","0.1193","0.00","0.00",""" title=""Overlapping EnrichrSubstrates"" data-content=""CK1DELTA targets 2 genes from the input gene list.The full list of substrates is available below:TP53 MDM4"" style=""cursor: pointer; text-decoration: underline dotted;"">2 substrates"
"166","TP53RK","0.1205","0.00","0.00",""" title=""Overlapping EnrichrSubstrates"" data-content=""TP53RK targets 1 genes from the input gene list.The full list of substrates is available below:TP53"" style=""cursor: pointer; text-decoration: underline dotted;"">1 substrates"
"167","BRD2","0.1299","0.00","0.00",""" title=""Overlapping EnrichrSubstrates"" data-content=""BRD2 targets 1 genes from the input gene list.The full list of substrates is available below:KDM5A"" style=""cursor: pointer; text-decoration: underline dotted;"">1 substrates"
"168","ADRBK1","0.1299","0.00","0.00",""" title=""Overlapping EnrichrSubstrates"" data-content=""ADRBK1 targets 1 genes from the input gene list.The full list of substrates is available below:PRKCD"" style=""cursor: pointer; text-decoration: underline dotted;"">1 substrates"
"169","P70S6K","0.1392","0.00","0.00",""" title=""Overlapping EnrichrSubstrates"" data-content=""P70S6K targets 1 genes from the input gene list.The full list of substrates is available below:AKT1"" style=""cursor: pointer; text-decoration: underline dotted;"">1 substrates"
"170","CAMKIIALPHA","0.1408","0.00","0.00",""" title=""Overlapping EnrichrSubstrates"" data-content=""CAMKIIALPHA targets 2 genes from the input gene list.The full list of substrates is available below:CEBPB RCHY1"" style=""cursor: pointer; text-decoration: underline dotted;"">2 substrates"
"171","PKC","0.1574","0.00","0.00",""" title=""Overlapping EnrichrSubstrates"" data-content=""PKC targets 1 genes from the input gene list.The full list of substrates is available below:STAT3"" style=""cursor: pointer; text-decoration: underline dotted;"">1 substrates"
"172","SGK1","0.1593","0.00","0.00",""" title=""Overlapping EnrichrSubstrates"" data-content=""SGK1 targets 2 genes from the input gene list.The full list of substrates is available below:IKBKB MAPK7"" style=""cursor: pointer; text-decoration: underline dotted;"">2 substrates"
"173","MAP3K14","0.1629","0.00","0.00",""" title=""Overlapping EnrichrSubstrates"" data-content=""MAP3K14 targets 3 genes from the input gene list.The full list of substrates is available below:NCL IKBKB CHUK"" style=""cursor: pointer; text-decoration: underline dotted;"">3 substrates"
"174","PRKCQ","0.1630","0.00","0.00",""" title=""Overlapping EnrichrSubstrates"" data-content=""PRKCQ targets 2 genes from the input gene list.The full list of substrates is available below:IKBKB CHUK"" style=""cursor: pointer; text-decoration: underline dotted;"">2 substrates"
"175","TAF1","0.1664","0.00","0.00",""" title=""Overlapping EnrichrSubstrates"" data-content=""TAF1 targets 1 genes from the input gene list.The full list of substrates is available below:TP53"" style=""cursor: pointer; text-decoration: underline dotted;"">1 substrates"
"176","BTK","0.1668","0.00","0.00",""" title=""Overlapping EnrichrSubstrates"" data-content=""BTK targets 2 genes from the input gene list.The full list of substrates is available below:TP53 JUN"" style=""cursor: pointer; text-decoration: underline dotted;"">2 substrates"
"177","TRKA","0.1753","0.00","0.00",""" title=""Overlapping EnrichrSubstrates"" data-content=""TRKA targets 1 genes from the input gene list.The full list of substrates is available below:SQSTM1"" style=""cursor: pointer; text-decoration: underline dotted;"">1 substrates"
"178","HIPK4","0.1841","0.00","0.00",""" title=""Overlapping EnrichrSubstrates"" data-content=""HIPK4 targets 1 genes from the input gene list.The full list of substrates is available below:TP53"" style=""cursor: pointer; text-decoration: underline dotted;"">1 substrates"
"179","TAOK3","0.1841","0.00","0.00",""" title=""Overlapping EnrichrSubstrates"" data-content=""TAOK3 targets 1 genes from the input gene list.The full list of substrates is available below:ZNF281"" style=""cursor: pointer; text-decoration: underline dotted;"">1 substrates"
"180","TAOK1","0.1841","0.00","0.00",""" title=""Overlapping EnrichrSubstrates"" data-content=""TAOK1 targets 1 genes from the input gene list.The full list of substrates is available below:GSK3B"" style=""cursor: pointer; text-decoration: underline dotted;"">1 substrates"
"181","RPS6KA6","0.1841","0.00","0.00",""" title=""Overlapping EnrichrSubstrates"" data-content=""RPS6KA6 targets 1 genes from the input gene list.The full list of substrates is available below:XPO1"" style=""cursor: pointer; text-decoration: underline dotted;"">1 substrates"
"182","MAST1","0.1841","0.00","0.00",""" title=""Overlapping EnrichrSubstrates"" data-content=""MAST1 targets 1 genes from the input gene list.The full list of substrates is available below:AKT1"" style=""cursor: pointer; text-decoration: underline dotted;"">1 substrates"
"183","POMK","0.1841","0.00","0.00",""" title=""Overlapping EnrichrSubstrates"" data-content=""POMK targets 1 genes from the input gene list.The full list of substrates is available below:AKT1"" style=""cursor: pointer; text-decoration: underline dotted;"">1 substrates"
"184","TYK2","0.1897","0.00","0.00",""" title=""Overlapping EnrichrSubstrates"" data-content=""TYK2 targets 2 genes from the input gene list.The full list of substrates is available below:STAT3 NFKB1"" style=""cursor: pointer; text-decoration: underline dotted;"">2 substrates"
"185","CDK10","0.1928","0.00","0.00",""" title=""Overlapping EnrichrSubstrates"" data-content=""CDK10 targets 1 genes from the input gene list.The full list of substrates is available below:ETS2"" style=""cursor: pointer; text-decoration: underline dotted;"">1 substrates"
"186","ROR1","0.1928","0.00","0.00",""" title=""Overlapping EnrichrSubstrates"" data-content=""ROR1 targets 1 genes from the input gene list.The full list of substrates is available below:ZNF281"" style=""cursor: pointer; text-decoration: underline dotted;"">1 substrates"
"187","PKCETA","0.1928","0.00","0.00",""" title=""Overlapping EnrichrSubstrates"" data-content=""PKCETA targets 1 genes from the input gene list.The full list of substrates is available below:PRKCD"" style=""cursor: pointer; text-decoration: underline dotted;"">1 substrates"
"188","MINK1","0.1928","0.00","0.00",""" title=""Overlapping EnrichrSubstrates"" data-content=""MINK1 targets 1 genes from the input gene list.The full list of substrates is available below:SMAD2"" style=""cursor: pointer; text-decoration: underline dotted;"">1 substrates"
"189","MAP4K5","0.1928","0.00","0.00",""" title=""Overlapping EnrichrSubstrates"" data-content=""MAP4K5 targets 1 genes from the input gene list.The full list of substrates is available below:GSK3B"" style=""cursor: pointer; text-decoration: underline dotted;"">1 substrates"
"190","ACVR2B","0.1928","0.00","0.00",""" title=""Overlapping EnrichrSubstrates"" data-content=""ACVR2B targets 1 genes from the input gene list.The full list of substrates is available below:AKT1"" style=""cursor: pointer; text-decoration: underline dotted;"">1 substrates"
"191","TYRO3","0.2014","0.00","0.00",""" title=""Overlapping EnrichrSubstrates"" data-content=""TYRO3 targets 1 genes from the input gene list.The full list of substrates is available below:AKT1"" style=""cursor: pointer; text-decoration: underline dotted;"">1 substrates"
"192","DMPK","0.2014","0.00","0.00",""" title=""Overlapping EnrichrSubstrates"" data-content=""DMPK targets 1 genes from the input gene list.The full list of substrates is available below:SP1"" style=""cursor: pointer; text-decoration: underline dotted;"">1 substrates"
"193","PKMYT1","0.2014","0.00","0.00",""" title=""Overlapping EnrichrSubstrates"" data-content=""PKMYT1 targets 1 genes from the input gene list.The full list of substrates is available below:SMARCA4"" style=""cursor: pointer; text-decoration: underline dotted;"">1 substrates"
"194","CSNK2B","0.2014","0.00","0.00",""" title=""Overlapping EnrichrSubstrates"" data-content=""CSNK2B targets 1 genes from the input gene list.The full list of substrates is available below:SNAI1"" style=""cursor: pointer; text-decoration: underline dotted;"">1 substrates"
"195","MARK4","0.2014","0.00","0.00",""" title=""Overlapping EnrichrSubstrates"" data-content=""MARK4 targets 1 genes from the input gene list.The full list of substrates is available below:SMARCA4"" style=""cursor: pointer; text-decoration: underline dotted;"">1 substrates"
"196","SMG1","0.2099","0.00","0.00",""" title=""Overlapping EnrichrSubstrates"" data-content=""SMG1 targets 1 genes from the input gene list.The full list of substrates is available below:TP53"" style=""cursor: pointer; text-decoration: underline dotted;"">1 substrates"
"197","SGK2","0.2099","0.00","0.00",""" title=""Overlapping EnrichrSubstrates"" data-content=""SGK2 targets 1 genes from the input gene list.The full list of substrates is available below:GSK3B"" style=""cursor: pointer; text-decoration: underline dotted;"">1 substrates"
"198","MAPK15","0.2099","0.00","0.00",""" title=""Overlapping EnrichrSubstrates"" data-content=""MAPK15 targets 1 genes from the input gene list.The full list of substrates is available below:JUN"" style=""cursor: pointer; text-decoration: underline dotted;"">1 substrates"
"199","HIPK1","0.2183","0.00","0.00",""" title=""Overlapping EnrichrSubstrates"" data-content=""HIPK1 targets 1 genes from the input gene list.The full list of substrates is available below:DAXX"" style=""cursor: pointer; text-decoration: underline dotted;"">1 substrates"
"200","MAP3K6","0.2183","0.00","0.00",""" title=""Overlapping EnrichrSubstrates"" data-content=""MAP3K6 targets 1 genes from the input gene list.The full list of substrates is available below:MAPK8"" style=""cursor: pointer; text-decoration: underline dotted;"">1 substrates"
"201","VRK2","0.2183","0.00","0.00",""" title=""Overlapping EnrichrSubstrates"" data-content=""VRK2 targets 1 genes from the input gene list.The full list of substrates is available below:TP53"" style=""cursor: pointer; text-decoration: underline dotted;"">1 substrates"
"202","AMPKA2","0.2183","0.00","0.00",""" title=""Overlapping EnrichrSubstrates"" data-content=""AMPKA2 targets 1 genes from the input gene list.The full list of substrates is available below:STK11"" style=""cursor: pointer; text-decoration: underline dotted;"">1 substrates"
"203","SIK1","0.2183","0.00","0.00",""" title=""Overlapping EnrichrSubstrates"" data-content=""SIK1 targets 1 genes from the input gene list.The full list of substrates is available below:NCOR2"" style=""cursor: pointer; text-decoration: underline dotted;"">1 substrates"
"204","CAMKK2","0.2183","0.00","0.00",""" title=""Overlapping EnrichrSubstrates"" data-content=""CAMKK2 targets 1 genes from the input gene list.The full list of substrates is available below:AKT1"" style=""cursor: pointer; text-decoration: underline dotted;"">1 substrates"
"205","MAP4K4","0.2183","0.00","0.00",""" title=""Overlapping EnrichrSubstrates"" data-content=""MAP4K4 targets 1 genes from the input gene list.The full list of substrates is available below:SMARCA4"" style=""cursor: pointer; text-decoration: underline dotted;"">1 substrates"
"206","FGFR2","0.2183","0.00","0.00",""" title=""Overlapping EnrichrSubstrates"" data-content=""FGFR2 targets 1 genes from the input gene list.The full list of substrates is available below:PTEN"" style=""cursor: pointer; text-decoration: underline dotted;"">1 substrates"
"207","MAP3K1","0.2195","0.00","0.00",""" title=""Overlapping EnrichrSubstrates"" data-content=""MAP3K1 targets 3 genes from the input gene list.The full list of substrates is available below:NCL ESR1 STAT3"" style=""cursor: pointer; text-decoration: underline dotted;"">3 substrates"
"208","CDK16","0.2267","0.00","0.00",""" title=""Overlapping EnrichrSubstrates"" data-content=""CDK16 targets 1 genes from the input gene list.The full list of substrates is available below:SMARCA4"" style=""cursor: pointer; text-decoration: underline dotted;"">1 substrates"
"209","FRK","0.2267","0.00","0.00",""" title=""Overlapping EnrichrSubstrates"" data-content=""FRK targets 1 genes from the input gene list.The full list of substrates is available below:PTEN"" style=""cursor: pointer; text-decoration: underline dotted;"">1 substrates"
"210","CSNK1G1","0.2267","0.00","0.00",""" title=""Overlapping EnrichrSubstrates"" data-content=""CSNK1G1 targets 1 genes from the input gene list.The full list of substrates is available below:RELA"" style=""cursor: pointer; text-decoration: underline dotted;"">1 substrates"
"211","MAP2K5","0.2267","0.00","0.00",""" title=""Overlapping EnrichrSubstrates"" data-content=""MAP2K5 targets 1 genes from the input gene list.The full list of substrates is available below:MAPK7"" style=""cursor: pointer; text-decoration: underline dotted;"">1 substrates"
"212","MAP3K11","0.2267","0.00","0.00",""" title=""Overlapping EnrichrSubstrates"" data-content=""MAP3K11 targets 1 genes from the input gene list.The full list of substrates is available below:PIN1"" style=""cursor: pointer; text-decoration: underline dotted;"">1 substrates"
"213","TTN","0.2267","0.00","0.00",""" title=""Overlapping EnrichrSubstrates"" data-content=""TTN targets 1 genes from the input gene list.The full list of substrates is available below:SQSTM1"" style=""cursor: pointer; text-decoration: underline dotted;"">1 substrates"
"214","DYRK3","0.2267","0.00","0.00",""" title=""Overlapping EnrichrSubstrates"" data-content=""DYRK3 targets 1 genes from the input gene list.The full list of substrates is available below:SIRT1"" style=""cursor: pointer; text-decoration: underline dotted;"">1 substrates"
"215","AURKB","0.2336","0.00","0.00",""" title=""Overlapping EnrichrSubstrates"" data-content=""AURKB targets 3 genes from the input gene list.The full list of substrates is available below:YY1 TP53 PIN1"" style=""cursor: pointer; text-decoration: underline dotted;"">3 substrates"
"216","PBK","0.2349","0.00","0.00",""" title=""Overlapping EnrichrSubstrates"" data-content=""PBK targets 1 genes from the input gene list.The full list of substrates is available below:JUN"" style=""cursor: pointer; text-decoration: underline dotted;"">1 substrates"
"217","RPS6KA4","0.2349","0.00","0.00",""" title=""Overlapping EnrichrSubstrates"" data-content=""RPS6KA4 targets 1 genes from the input gene list.The full list of substrates is available below:RELA"" style=""cursor: pointer; text-decoration: underline dotted;"">1 substrates"
"218","CAMKK1","0.2349","0.00","0.00",""" title=""Overlapping EnrichrSubstrates"" data-content=""CAMKK1 targets 1 genes from the input gene list.The full list of substrates is available below:AKT1"" style=""cursor: pointer; text-decoration: underline dotted;"">1 substrates"
"219","GRK5","0.2349","0.00","0.00",""" title=""Overlapping EnrichrSubstrates"" data-content=""GRK5 targets 1 genes from the input gene list.The full list of substrates is available below:TP53"" style=""cursor: pointer; text-decoration: underline dotted;"">1 substrates"
"220","MAPK12","0.2365","0.00","0.00",""" title=""Overlapping EnrichrSubstrates"" data-content=""MAPK12 targets 2 genes from the input gene list.The full list of substrates is available below:TP53 JUN"" style=""cursor: pointer; text-decoration: underline dotted;"">2 substrates"
"221","EPHB3","0.2431","0.00","0.00",""" title=""Overlapping EnrichrSubstrates"" data-content=""EPHB3 targets 1 genes from the input gene list.The full list of substrates is available below:SMARCA4"" style=""cursor: pointer; text-decoration: underline dotted;"">1 substrates"
"222","EPHA8","0.2431","0.00","0.00",""" title=""Overlapping EnrichrSubstrates"" data-content=""EPHA8 targets 1 genes from the input gene list.The full list of substrates is available below:SMARCA4"" style=""cursor: pointer; text-decoration: underline dotted;"">1 substrates"
"223","ILK","0.2512","0.00","0.00",""" title=""Overlapping EnrichrSubstrates"" data-content=""ILK targets 1 genes from the input gene list.The full list of substrates is available below:AKT1"" style=""cursor: pointer; text-decoration: underline dotted;"">1 substrates"
"224","CK1EPSILON","0.2592","0.00","0.00",""" title=""Overlapping EnrichrSubstrates"" data-content=""CK1EPSILON targets 1 genes from the input gene list.The full list of substrates is available below:TP53"" style=""cursor: pointer; text-decoration: underline dotted;"">1 substrates"
"225","CLK2","0.2592","0.00","0.00",""" title=""Overlapping EnrichrSubstrates"" data-content=""CLK2 targets 1 genes from the input gene list.The full list of substrates is available below:ASXL1"" style=""cursor: pointer; text-decoration: underline dotted;"">1 substrates"
"226","FGFR3","0.2592","0.00","0.00",""" title=""Overlapping EnrichrSubstrates"" data-content=""FGFR3 targets 1 genes from the input gene list.The full list of substrates is available below:PTEN"" style=""cursor: pointer; text-decoration: underline dotted;"">1 substrates"
"227","RPS6KB2","0.2592","0.00","0.00",""" title=""Overlapping EnrichrSubstrates"" data-content=""RPS6KB2 targets 1 genes from the input gene list.The full list of substrates is available below:GSK3B"" style=""cursor: pointer; text-decoration: underline dotted;"">1 substrates"
"228","CDC7","0.2671","0.00","0.00",""" title=""Overlapping EnrichrSubstrates"" data-content=""CDC7 targets 1 genes from the input gene list.The full list of substrates is available below:NCL"" style=""cursor: pointer; text-decoration: underline dotted;"">1 substrates"
"229","IRAK1","0.2671","0.00","0.00",""" title=""Overlapping EnrichrSubstrates"" data-content=""IRAK1 targets 1 genes from the input gene list.The full list of substrates is available below:STAT3"" style=""cursor: pointer; text-decoration: underline dotted;"">1 substrates"
"230","JAK3","0.2749","0.00","0.00",""" title=""Overlapping EnrichrSubstrates"" data-content=""JAK3 targets 1 genes from the input gene list.The full list of substrates is available below:EZH2"" style=""cursor: pointer; text-decoration: underline dotted;"">1 substrates"
"231","DYRK1B","0.2749","0.00","0.00",""" title=""Overlapping EnrichrSubstrates"" data-content=""DYRK1B targets 1 genes from the input gene list.The full list of substrates is available below:CDKN1A"" style=""cursor: pointer; text-decoration: underline dotted;"">1 substrates"
"232","BMX","0.2749","0.00","0.00",""" title=""Overlapping EnrichrSubstrates"" data-content=""BMX targets 1 genes from the input gene list.The full list of substrates is available below:TP53"" style=""cursor: pointer; text-decoration: underline dotted;"">1 substrates"
"233","CDK6","0.2749","0.00","0.00",""" title=""Overlapping EnrichrSubstrates"" data-content=""CDK6 targets 1 genes from the input gene list.The full list of substrates is available below:CDKN1A"" style=""cursor: pointer; text-decoration: underline dotted;"">1 substrates"
"234","UHMK1","0.2749","0.00","0.00",""" title=""Overlapping EnrichrSubstrates"" data-content=""UHMK1 targets 1 genes from the input gene list.The full list of substrates is available below:SMAD2"" style=""cursor: pointer; text-decoration: underline dotted;"">1 substrates"
"235","PTK6","0.2749","0.00","0.00",""" title=""Overlapping EnrichrSubstrates"" data-content=""PTK6 targets 1 genes from the input gene list.The full list of substrates is available below:AKT1"" style=""cursor: pointer; text-decoration: underline dotted;"">1 substrates"
"236","CAMK4","0.2749","0.00","0.00",""" title=""Overlapping EnrichrSubstrates"" data-content=""CAMK4 targets 1 genes from the input gene list.The full list of substrates is available below:RELA"" style=""cursor: pointer; text-decoration: underline dotted;"">1 substrates"
"237","GRK2","0.2749","0.00","0.00",""" title=""Overlapping EnrichrSubstrates"" data-content=""GRK2 targets 1 genes from the input gene list.The full list of substrates is available below:SMAD2"" style=""cursor: pointer; text-decoration: underline dotted;"">1 substrates"
"238","PRKACB","0.2826","0.00","0.00",""" title=""Overlapping EnrichrSubstrates"" data-content=""PRKACB targets 1 genes from the input gene list.The full list of substrates is available below:CDKN1A"" style=""cursor: pointer; text-decoration: underline dotted;"">1 substrates"
"239","PRKCH","0.2826","0.00","0.00",""" title=""Overlapping EnrichrSubstrates"" data-content=""PRKCH targets 1 genes from the input gene list.The full list of substrates is available below:GSK3B"" style=""cursor: pointer; text-decoration: underline dotted;"">1 substrates"
"240","PDK1","0.2826","0.00","0.00",""" title=""Overlapping EnrichrSubstrates"" data-content=""PDK1 targets 1 genes from the input gene list.The full list of substrates is available below:AKT1"" style=""cursor: pointer; text-decoration: underline dotted;"">1 substrates"
"241","CAMK2D","0.2826","0.00","0.00",""" title=""Overlapping EnrichrSubstrates"" data-content=""CAMK2D targets 1 genes from the input gene list.The full list of substrates is available below:GSK3B"" style=""cursor: pointer; text-decoration: underline dotted;"">1 substrates"
"242","NEK6","0.2903","0.00","0.00",""" title=""Overlapping EnrichrSubstrates"" data-content=""NEK6 targets 1 genes from the input gene list.The full list of substrates is available below:STAT3"" style=""cursor: pointer; text-decoration: underline dotted;"">1 substrates"
"243","MAPKAPK5","0.2979","0.00","0.00",""" title=""Overlapping EnrichrSubstrates"" data-content=""MAPKAPK5 targets 1 genes from the input gene list.The full list of substrates is available below:TP53"" style=""cursor: pointer; text-decoration: underline dotted;"">1 substrates"
"244","YES1","0.2979","0.00","0.00",""" title=""Overlapping EnrichrSubstrates"" data-content=""YES1 targets 1 genes from the input gene list.The full list of substrates is available below:PRKCD"" style=""cursor: pointer; text-decoration: underline dotted;"">1 substrates"
"245","EPHB1","0.3054","0.00","0.00",""" title=""Overlapping EnrichrSubstrates"" data-content=""EPHB1 targets 1 genes from the input gene list.The full list of substrates is available below:STAT3"" style=""cursor: pointer; text-decoration: underline dotted;"">1 substrates"
"246","BMPR1B","0.3054","0.00","0.00",""" title=""Overlapping EnrichrSubstrates"" data-content=""BMPR1B targets 1 genes from the input gene list.The full list of substrates is available below:SMAD2"" style=""cursor: pointer; text-decoration: underline dotted;"">1 substrates"
"247","TTK","0.3077","0.00","0.00",""" title=""Overlapping EnrichrSubstrates"" data-content=""TTK targets 2 genes from the input gene list.The full list of substrates is available below:TP53 XPO1"" style=""cursor: pointer; text-decoration: underline dotted;"">2 substrates"
"248","CSK","0.3128","0.00","0.00",""" title=""Overlapping EnrichrSubstrates"" data-content=""CSK targets 1 genes from the input gene list.The full list of substrates is available below:PML"" style=""cursor: pointer; text-decoration: underline dotted;"">1 substrates"
"249","PDGFRB","0.3128","0.00","0.00",""" title=""Overlapping EnrichrSubstrates"" data-content=""PDGFRB targets 1 genes from the input gene list.The full list of substrates is available below:PRKCD"" style=""cursor: pointer; text-decoration: underline dotted;"">1 substrates"
"250","ARAF","0.3417","0.00","0.00",""" title=""Overlapping EnrichrSubstrates"" data-content=""ARAF targets 1 genes from the input gene list.The full list of substrates is available below:PRKCD"" style=""cursor: pointer; text-decoration: underline dotted;"">1 substrates"
"251","ULK1","0.3417","0.00","0.00",""" title=""Overlapping EnrichrSubstrates"" data-content=""ULK1 targets 1 genes from the input gene list.The full list of substrates is available below:SQSTM1"" style=""cursor: pointer; text-decoration: underline dotted;"">1 substrates"
"252","KIT","0.3557","0.00","0.00",""" title=""Overlapping EnrichrSubstrates"" data-content=""KIT targets 1 genes from the input gene list.The full list of substrates is available below:STAT3"" style=""cursor: pointer; text-decoration: underline dotted;"">1 substrates"
"253","MAP2K2","0.3626","0.00","0.00",""" title=""Overlapping EnrichrSubstrates"" data-content=""MAP2K2 targets 1 genes from the input gene list.The full list of substrates is available below:GADD45GIP1"" style=""cursor: pointer; text-decoration: underline dotted;"">1 substrates"
"254","ABL2","0.3626","0.00","0.00",""" title=""Overlapping EnrichrSubstrates"" data-content=""ABL2 targets 1 genes from the input gene list.The full list of substrates is available below:CEBPB"" style=""cursor: pointer; text-decoration: underline dotted;"">1 substrates"
"255","CLK1","0.3626","0.00","0.00",""" title=""Overlapping EnrichrSubstrates"" data-content=""CLK1 targets 1 genes from the input gene list.The full list of substrates is available below:WT1"" style=""cursor: pointer; text-decoration: underline dotted;"">1 substrates"
"256","RIPK1","0.3694","0.00","0.00",""" title=""Overlapping EnrichrSubstrates"" data-content=""RIPK1 targets 1 genes from the input gene list.The full list of substrates is available below:PML"" style=""cursor: pointer; text-decoration: underline dotted;"">1 substrates"
"257","PRKCG","0.4024","0.00","0.00",""" title=""Overlapping EnrichrSubstrates"" data-content=""PRKCG targets 1 genes from the input gene list.The full list of substrates is available below:GSK3B"" style=""cursor: pointer; text-decoration: underline dotted;"">1 substrates"
"258","PDPK1","0.4024","0.00","0.00",""" title=""Overlapping EnrichrSubstrates"" data-content=""PDPK1 targets 1 genes from the input gene list.The full list of substrates is available below:AKT1"" style=""cursor: pointer; text-decoration: underline dotted;"">1 substrates"
"259","PKABETA","0.4214","0.00","0.00",""" title=""Overlapping EnrichrSubstrates"" data-content=""PKABETA targets 1 genes from the input gene list.The full list of substrates is available below:AR"" style=""cursor: pointer; text-decoration: underline dotted;"">1 substrates"
"260","CAMKIIBETA","0.4458","0.00","0.00",""" title=""Overlapping EnrichrSubstrates"" data-content=""CAMKIIBETA targets 1 genes from the input gene list.The full list of substrates is available below:RCHY1"" style=""cursor: pointer; text-decoration: underline dotted;"">1 substrates"
"261","ERBB3","0.4692","0.00","0.00",""" title=""Overlapping EnrichrSubstrates"" data-content=""ERBB3 targets 1 genes from the input gene list.The full list of substrates is available below:AKT1"" style=""cursor: pointer; text-decoration: underline dotted;"">1 substrates"
"262","TRIM24","0.5285","0.00","0.00",""" title=""Overlapping EnrichrSubstrates"" data-content=""TRIM24 targets 1 genes from the input gene list.The full list of substrates is available below:MNAT1"" style=""cursor: pointer; text-decoration: underline dotted;"">1 substrates"
"263","ROCK1","0.5435","0.00","0.00",""" title=""Overlapping EnrichrSubstrates"" data-content=""ROCK1 targets 1 genes from the input gene list.The full list of substrates is available below:PTEN"" style=""cursor: pointer; text-decoration: underline dotted;"">1 substrates"
"264","PKCGAMMA","0.5484","0.00","0.00",""" title=""Overlapping EnrichrSubstrates"" data-content=""PKCGAMMA targets 1 genes from the input gene list.The full list of substrates is available below:PRKCD"" style=""cursor: pointer; text-decoration: underline dotted;"">1 substrates"
"265","AURORAB","0.5675","0.00","0.00",""" title=""Overlapping EnrichrSubstrates"" data-content=""AURORAB targets 1 genes from the input gene list.The full list of substrates is available below:XPO1"" style=""cursor: pointer; text-decoration: underline dotted;"">1 substrates"
"266","RIPK3","0.7007","0.00","0.00",""" title=""Overlapping EnrichrSubstrates"" data-content=""RIPK3 targets 1 genes from the input gene list.The full list of substrates is available below:DAXX"" style=""cursor: pointer; text-decoration: underline dotted;"">1 substrates"