"Rank","Protein Kinase","Hypergeometric p-value","Z-score","Combined score","Enriched Substrates"
"1","MAPK14","3.216e-21","0.00","0.00",""" title=""Overlapping EnrichrSubstrates"" data-content=""MAPK14 targets 49 genes from the input gene list.The full list of substrates is available below:EHMT2 AKT1 AR PPARGC1A HEXIM1 JUN EZH2 FOS POU5F1 STAT3 MAPKAPK2 SP1 SP3 NFE2L2 E2F1 SMARCA4 NCOA3 RELA PAK1 NPM1 NR3C1 TCF3 GSK3B VHL RB1 MYC HIF1A PLK1 CDKN1A NCOR2 NCOR1 TLE1 PGR DNMT1 SIN3A CHUK CEBPB RBBP4 ASXL1 KAT5 SKP2 TWIST1 SIAH2 XPO1 PARP1 SUZ12 HSPA8 ESR1 MAPK1"" style=""cursor: pointer; text-decoration: underline dotted;"">49 substrates"
"2","CDK1","5.440e-20","0.00","0.00",""" title=""Overlapping EnrichrSubstrates"" data-content=""CDK1 targets 61 genes from the input gene list.The full list of substrates is available below:EHMT2 AR PPARGC1A JUN EZH2 FOS SIRT1 STAT3 MAPKAPK2 NFKB1 SP1 SP3 NFE2L2 UHRF1 E2F1 E2F4 STUB1 TRIM28 SMARCC1 SMARCA4 NCOA3 RELA PAK1 NPM1 PPP1CA TCF3 GSK3B HMGB1 WHSC1 VHL REST TAF1 RB1 MYC WDR77 HIF1A BARD1 PLK1 CDKN1A NCOR2 NCOR1 MEN1 USP7 PGR DNMT1 SIN3A CHUK CEBPB HDAC2 RBBP4 PML ASXL1 SOX2 KAT5 SKP2 SETDB1 ATM XPO1 SUZ12 ESR1 MAPK1"" style=""cursor: pointer; text-decoration: underline dotted;"">61 substrates"
"3","CSNK2A1","1.084e-19","0.00","0.00",""" title=""Overlapping EnrichrSubstrates"" data-content=""CSNK2A1 targets 58 genes from the input gene list.The full list of substrates is available below:EHMT2 AKT1 DAXX AR PPARGC1A JUN EZH2 FOS SIRT1 POU5F1 STAT3 SUMO1 UHRF1 E2F1 GADD45GIP1 STUB1 TRIM28 SMARCC1 SMARCA4 NCOA3 RELA PAK1 NPM1 PPP1CA TCF3 GSK3B VHL RB1 MYC WDR77 HIF1A BARD1 PLK1 SNAI1 CDKN1A NCOR2 NCOR1 USP7 TLE1 PGR DNMT1 CUL3 CUL2 SIN3A CHUK CEBPB HDAC2 HDAC3 RBBP4 PML SOX2 TWIST1 XPO1 SUZ12 HSPA8 HSPA4 ESR1 MAPK1"" style=""cursor: pointer; text-decoration: underline dotted;"">58 substrates"
"4","GSK3B","1.604e-17","0.00","0.00",""" title=""Overlapping EnrichrSubstrates"" data-content=""GSK3B targets 64 genes from the input gene list.The full list of substrates is available below:JUN FOS SP1 SP3 UHRF1 E2F1 TRIM24 SMARCC1 SMARCA4 RELA RELB NR3C1 TCF3 WHSC1 REST BARD1 PLK1 SNAI1 CDKN1A NCOR2 NCOR1 TLE1 PGR HDAC4 CEBPB PML ASXL1 KAT5 TWIST1 SETDB1 KDM5A MAPK1 EHMT2 DAXX AR EZH2 SIRT1 POU5F1 STAT3 MAPKAPK2 NFKB1 NFE2L2 CALM1 NCOA3 PAK1 NPM1 GSK3B VHL TAF1 RB1 MYC HIF1A REL TCF20 DNMT1 SIN3A CHUK RBBP4 SOX2 SKP2 SUZ12 CDYL HSPA8 ESR1"" style=""cursor: pointer; text-decoration: underline dotted;"">64 substrates"
"5","CDK2","5.430e-14","0.00","0.00",""" title=""Overlapping EnrichrSubstrates"" data-content=""CDK2 targets 64 genes from the input gene list.The full list of substrates is available below:JUN FOS DDB2 SP1 SP3 UHRF1 E2F1 E2F4 TRIM28 SMARCC1 SMARCA4 NR3C1 TCF3 WHSC1 RNF4 REST WDR77 BARD1 PLK1 CDKN1A NCOR2 USP7 TLE1 PGR CEBPB HDAC2 PML ASXL1 KAT5 SETDB1 XPO1 PARP1 MAPK1 EHMT2 DAXX AR EZH2 POU5F1 STAT3 NFE2L2 SUMO1 NCOA3 NPM1 PPP1CA GSK3B HMGB1 VHL TAF1 RB1 MYC HIF1A TCF20 PAX6 MEN1 DNMT1 CDK9 SIN3A CHUK RBBP4 SOX2 SKP2 SUZ12 CDYL ESR1"" style=""cursor: pointer; text-decoration: underline dotted;"">64 substrates"
"6","HIPK2","1.705e-13","0.00","0.00",""" title=""Overlapping EnrichrSubstrates"" data-content=""HIPK2 targets 19 genes from the input gene list.The full list of substrates is available below:TRIM28 MYC TLE1 AR HIF1A SIAH2 NFKB1 SUMO1 SIN3A CHUK PARP1 PAX6 SIRT1 NCOR1 HDAC4 CEBPB RELA PML ASXL1"" style=""cursor: pointer; text-decoration: underline dotted;"">19 substrates"
"7","MAPK1","2.148e-13","0.00","0.00",""" title=""Overlapping EnrichrSubstrates"" data-content=""MAPK1 targets 34 genes from the input gene list.The full list of substrates is available below:RB1 MYC AKT1 AR HIF1A BARD1 JUN REL SNAI1 EZH2 CDKN1A FOS POU5F1 NCOR2 STAT3 TLE1 MAPKAPK2 PGR SP1 SP3 CHUK CEBPB PML SKP2 TWIST1 CALM1 PARP1 RELA PAK1 NR3C1 ESR1 TCF3 GSK3B MAPK1"" style=""cursor: pointer; text-decoration: underline dotted;"">34 substrates"
"8","AKT1","3.222e-13","0.00","0.00",""" title=""Overlapping EnrichrSubstrates"" data-content=""AKT1 targets 26 genes from the input gene list.The full list of substrates is available below:SOX2 MYC AKT1 AR TWIST1 PRKCZ PPARGC1A JUN EZH2 CDKN1A FOS POU5F1 NCOR1 PAK1 STAT3 PPP1CA NR3C1 MAPKAPK2 DNMT1 ESR1 SP1 TCF3 KDM5A GSK3B CHUK MAPK1"" style=""cursor: pointer; text-decoration: underline dotted;"">26 substrates"
"9","ERK2","1.076e-11","0.00","0.00",""" title=""Overlapping EnrichrSubstrates"" data-content=""ERK2 targets 18 genes from the input gene list.The full list of substrates is available below:RB1 MYC AR MAPKAPK2 PGR JUN ESR1 NFKB1 SP1 TCF3 NCOA3 FOS NCOR2 HDAC4 CEBPB RELA PAK1 STAT3"" style=""cursor: pointer; text-decoration: underline dotted;"">18 substrates"
"10","CHUK","3.442e-11","0.00","0.00",""" title=""Overlapping EnrichrSubstrates"" data-content=""CHUK targets 14 genes from the input gene list.The full list of substrates is available below:MYC BTRC IKBKE NCOA3 NCOR2 NCOR1 RELA RELB NR1H4 ESR1 NFKB1 REL CALM1 HSPA1A"" style=""cursor: pointer; text-decoration: underline dotted;"">14 substrates"
"11","JNK1","5.236e-11","0.00","0.00",""" title=""Overlapping EnrichrSubstrates"" data-content=""JNK1 targets 14 genes from the input gene list.The full list of substrates is available below:CDKN1A NR3C1 MYC FOS SIRT1 PGR HIF1A RELA E2F1 HSPA8 JUN STAT3 NFKB1 SP1"" style=""cursor: pointer; text-decoration: underline dotted;"">14 substrates"
"12","DNAPK","6.701e-11","0.00","0.00",""" title=""Overlapping EnrichrSubstrates"" data-content=""DNAPK targets 15 genes from the input gene list.The full list of substrates is available below:SOX2 KAT5 TRIM28 AKT1 PGR BARD1 JUN ESR1 SP1 ATM TCF3 CHUK PARP1 RELA NR1H4"" style=""cursor: pointer; text-decoration: underline dotted;"">15 substrates"
"13","CDK4","1.556e-10","0.00","0.00",""" title=""Overlapping EnrichrSubstrates"" data-content=""CDK4 targets 16 genes from the input gene list.The full list of substrates is available below:RB1 MYC SKP2 WDR77 DNMT1 HSPA8 JUN ESR1 SP1 TCF3 CDKN1A SUMO1 PARP1 CEBPB STAT3 PPP1CA"" style=""cursor: pointer; text-decoration: underline dotted;"">16 substrates"
"14","CK2ALPHA","1.667e-10","0.00","0.00",""" title=""Overlapping EnrichrSubstrates"" data-content=""CK2ALPHA targets 20 genes from the input gene list.The full list of substrates is available below:RB1 MYC AKT1 JUN SMARCA4 NCOR2 RELA PAK1 NPM1 TLE1 PGR SP1 SUMO1 SIN3A HDAC4 HDAC2 HDAC3 RBBP4 PML TAF1"" style=""cursor: pointer; text-decoration: underline dotted;"">20 substrates"
"15","MAPK8","6.642e-10","0.00","0.00",""" title=""Overlapping EnrichrSubstrates"" data-content=""MAPK8 targets 19 genes from the input gene list.The full list of substrates is available below:SOX2 MYC AR TWIST1 BARD1 JUN CDKN1A NCOA3 FOS SIRT1 SUZ12 STAT3 NR3C1 TLE1 SP1 NFE2L2 SIN3A MAPK1 STUB1"" style=""cursor: pointer; text-decoration: underline dotted;"">19 substrates"
"16","ERK1","1.627e-9","0.00","0.00",""" title=""Overlapping EnrichrSubstrates"" data-content=""ERK1 targets 16 genes from the input gene list.The full list of substrates is available below:KAT5 MYC AR HIF1A PRKCZ JUN ESR1 NFKB1 SP1 TCF3 FOS NCOR2 HDAC4 CEBPB RELA STAT3"" style=""cursor: pointer; text-decoration: underline dotted;"">16 substrates"
"17","MAPK3","1.961e-9","0.00","0.00",""" title=""Overlapping EnrichrSubstrates"" data-content=""MAPK3 targets 21 genes from the input gene list.The full list of substrates is available below:MYC AKT1 AR TWIST1 JUN CDKN1A FOS POU5F1 STAT3 NR3C1 MAPKAPK2 PGR ESR1 SP1 SP3 GSK3B CHUK CEBPB E2F4 PML STUB1"" style=""cursor: pointer; text-decoration: underline dotted;"">21 substrates"
"18","GSK3BETA","3.103e-9","0.00","0.00",""" title=""Overlapping EnrichrSubstrates"" data-content=""GSK3BETA targets 15 genes from the input gene list.The full list of substrates is available below:MYC AKT1 AR DNMT1 PRKCZ PPARGC1A JUN ESR1 NFKB1 SNAI1 GSK3B PARP1 CEBPB E2F1 STAT3"" style=""cursor: pointer; text-decoration: underline dotted;"">15 substrates"
"19","RAF1","6.827e-9","0.00","0.00",""" title=""Overlapping EnrichrSubstrates"" data-content=""RAF1 targets 14 genes from the input gene list.The full list of substrates is available below:RB1 NR3C1 MYC AKT1 AR PRKCZ HSPA8 HSPA4 ESR1 NFKB1 PARP1 FOS PAK1 MAPK1"" style=""cursor: pointer; text-decoration: underline dotted;"">14 substrates"
"20","PKBALPHA","1.013e-8","0.00","0.00",""" title=""Overlapping EnrichrSubstrates"" data-content=""PKBALPHA targets 17 genes from the input gene list.The full list of substrates is available below:MYC AKT1 SKP2 SMARCC1 AR PRKCZ PPARGC1A EZH2 CDKN1A NCOR2 RELA PAK1 NPM1 ESR1 NFKB1 GSK3B CHUK"" style=""cursor: pointer; text-decoration: underline dotted;"">17 substrates"
"21","CDC2","1.723e-8","0.00","0.00",""" title=""Overlapping EnrichrSubstrates"" data-content=""CDC2 targets 19 genes from the input gene list.The full list of substrates is available below:RB1 KAT5 TRIM28 MYC SKP2 AR JUN PLK1 ATM EZH2 CDKN1A XPO1 PARP1 FOS NCOR1 RELA NPM1 STAT3 E2F1"" style=""cursor: pointer; text-decoration: underline dotted;"">19 substrates"
"22","CDK5","6.811e-8","0.00","0.00",""" title=""Overlapping EnrichrSubstrates"" data-content=""CDK5 targets 15 genes from the input gene list.The full list of substrates is available below:RB1 NR3C1 MYC AR DNMT1 HIF1A ATM NFE2L2 GSK3B CDKN1A HDAC5 PAK1 STAT3 PPP1CA STUB1"" style=""cursor: pointer; text-decoration: underline dotted;"">15 substrates"
"23","IKBKB","8.127e-8","0.00","0.00",""" title=""Overlapping EnrichrSubstrates"" data-content=""IKBKB targets 11 genes from the input gene list.The full list of substrates is available below:IKBKE SMARCC1 PARP1 FOS RELA RELB HSPA8 NFKB1 REL CALM1 HSPA1A"" style=""cursor: pointer; text-decoration: underline dotted;"">11 substrates"
"24","IKKALPHA","1.032e-7","0.00","0.00",""" title=""Overlapping EnrichrSubstrates"" data-content=""IKKALPHA targets 7 genes from the input gene list.The full list of substrates is available below:CHUK NFKB1 RELA RELB NCOR2 REL AKT1"" style=""cursor: pointer; text-decoration: underline dotted;"">7 substrates"
"25","IKBKE","2.966e-7","0.00","0.00",""" title=""Overlapping EnrichrSubstrates"" data-content=""IKBKE targets 10 genes from the input gene list.The full list of substrates is available below:AKT1 BTRC IKBKE RELA HSPA8 ESR1 NFKB1 REL CALM1 HSPA1A"" style=""cursor: pointer; text-decoration: underline dotted;"">10 substrates"
"26","GSK","3.227e-7","0.00","0.00",""" title=""Overlapping EnrichrSubstrates"" data-content=""GSK targets 7 genes from the input gene list.The full list of substrates is available below:CDKN1A CEBPB RELA MYC ESR1 NFKB1 SNAI1"" style=""cursor: pointer; text-decoration: underline dotted;"">7 substrates"
"27","IKKBETA","5.135e-7","0.00","0.00",""" title=""Overlapping EnrichrSubstrates"" data-content=""IKKBETA targets 8 genes from the input gene list.The full list of substrates is available below:PRKCZ RELA TBK1 AKT1 CHUK STAT3 FOS NFKB1"" style=""cursor: pointer; text-decoration: underline dotted;"">8 substrates"
"28","RPS6KA3","5.755e-7","0.00","0.00",""" title=""Overlapping EnrichrSubstrates"" data-content=""RPS6KA3 targets 17 genes from the input gene list.The full list of substrates is available below:MYC AR JUN PLK1 CDKN1A TCF20 FOS POU5F1 NCOR2 KAT2B STAT3 MAPKAPK2 PGR ESR1 GSK3B SIN3A CHUK"" style=""cursor: pointer; text-decoration: underline dotted;"">17 substrates"
"29","GSK3ALPHA","0.000001035","0.00","0.00",""" title=""Overlapping EnrichrSubstrates"" data-content=""GSK3ALPHA targets 8 genes from the input gene list.The full list of substrates is available below:GSK3B MYC AKT1 PARP1 PRKCZ JUN ESR1 NFKB1"" style=""cursor: pointer; text-decoration: underline dotted;"">8 substrates"
"30","MAPK11","0.000001388","0.00","0.00",""" title=""Overlapping EnrichrSubstrates"" data-content=""MAPK11 targets 11 genes from the input gene list.The full list of substrates is available below:NR3C1 MAPKAPK2 PGR PPARGC1A JUN ESR1 NFKB1 FOS CEBPB E2F1 PML"" style=""cursor: pointer; text-decoration: underline dotted;"">11 substrates"
"31","ATM","0.000001780","0.00","0.00",""" title=""Overlapping EnrichrSubstrates"" data-content=""ATM targets 15 genes from the input gene list.The full list of substrates is available below:RB1 SOX2 KAT5 TRIM28 DAXX HIF1A BARD1 SMARCA4 ATM EZH2 PARP1 MEN1 SP1 E2F1 VHL"" style=""cursor: pointer; text-decoration: underline dotted;"">15 substrates"
"32","TBK1","0.000002428","0.00","0.00",""" title=""Overlapping EnrichrSubstrates"" data-content=""TBK1 targets 9 genes from the input gene list.The full list of substrates is available below:TBK1 AKT1 RELA E2F1 HSPA8 STAT3 ESR1 CALM1 HSPA1A"" style=""cursor: pointer; text-decoration: underline dotted;"">9 substrates"
"33","CSNK1E","0.000003492","0.00","0.00",""" title=""Overlapping EnrichrSubstrates"" data-content=""CSNK1E targets 8 genes from the input gene list.The full list of substrates is available below:MYC NCOA3 POU5F1 DNMT1 SIAH2 ESR1 SMARCA4 SNAI1"" style=""cursor: pointer; text-decoration: underline dotted;"">8 substrates"
"34","PRKCZ","0.000003531","0.00","0.00",""" title=""Overlapping EnrichrSubstrates"" data-content=""PRKCZ targets 9 genes from the input gene list.The full list of substrates is available below:GSK3B AKT1 NCOA3 PRKCZ RELA MAPK1 STAT3 NR1H4 SP1"" style=""cursor: pointer; text-decoration: underline dotted;"">9 substrates"
"35","ABL1","0.000004512","0.00","0.00",""" title=""Overlapping EnrichrSubstrates"" data-content=""ABL1 targets 12 genes from the input gene list.The full list of substrates is available below:RB1 KAT5 MYC JUN PLK1 ESR1 CDKN1A NCOA3 FOS CEBPB HDAC2 STAT3"" style=""cursor: pointer; text-decoration: underline dotted;"">12 substrates"
"36","PRKCD","0.000006702","0.00","0.00",""" title=""Overlapping EnrichrSubstrates"" data-content=""PRKCD targets 11 genes from the input gene list.The full list of substrates is available below:TRIM28 PRKCZ JUN NFE2L2 GSK3B CDKN1A FOS HDAC5 PAK1 MAPK1 STAT3"" style=""cursor: pointer; text-decoration: underline dotted;"">11 substrates"
"37","PKBBETA","0.000006889","0.00","0.00",""" title=""Overlapping EnrichrSubstrates"" data-content=""PKBBETA targets 7 genes from the input gene list.The full list of substrates is available below:GSK3B CDKN1A RELA AKT1 CHUK ESR1 NFKB1"" style=""cursor: pointer; text-decoration: underline dotted;"">7 substrates"
"38","CHEK2","0.000008824","0.00","0.00",""" title=""Overlapping EnrichrSubstrates"" data-content=""CHEK2 targets 7 genes from the input gene list.The full list of substrates is available below:RB1 TRIM28 E2F1 VHL SIAH2 PLK1 PML"" style=""cursor: pointer; text-decoration: underline dotted;"">7 substrates"
"39","CHEK1","0.00001150","0.00","0.00",""" title=""Overlapping EnrichrSubstrates"" data-content=""CHEK1 targets 13 genes from the input gene list.The full list of substrates is available below:RB1 SOX2 TRIM28 MYC SKP2 PLK1 EZH2 CDKN1A FOS NFKB1 SIN3A E2F1 E2F4"" style=""cursor: pointer; text-decoration: underline dotted;"">13 substrates"
"40","PIM1","0.00001406","0.00","0.00",""" title=""Overlapping EnrichrSubstrates"" data-content=""PIM1 targets 7 genes from the input gene list.The full list of substrates is available below:CDKN1A MYC SKP2 POU5F1 AR UHRF1 RELA"" style=""cursor: pointer; text-decoration: underline dotted;"">7 substrates"
"41","SRC","0.00002496","0.00","0.00",""" title=""Overlapping EnrichrSubstrates"" data-content=""SRC targets 19 genes from the input gene list.The full list of substrates is available below:RB1 MYC AKT1 AR JUN PLK1 CDKN1A FOS POU5F1 STAT3 MAPKAPK2 PGR NFKB1 CEBPB E2F4 CALM1 PPP2CA ESR1 MAPK1"" style=""cursor: pointer; text-decoration: underline dotted;"">19 substrates"
"42","PRKCA","0.00004055","0.00","0.00",""" title=""Overlapping EnrichrSubstrates"" data-content=""PRKCA targets 28 genes from the input gene list.The full list of substrates is available below:AKT1 AR HEXIM1 JUN FOS POU5F1 STAT3 MAPKAPK2 NFKB1 NFE2L2 STUB1 RELA GSK3B ELF3 RB1 MYC PRKCZ CDKN1A NCOR2 NCOR1 NR1H4 AHR PGR CDK9 CEBPB ATM ESR1 MAPK1"" style=""cursor: pointer; text-decoration: underline dotted;"">28 substrates"
"43","PKBGAMMA","0.00007046","0.00","0.00",""" title=""Overlapping EnrichrSubstrates"" data-content=""PKBGAMMA targets 5 genes from the input gene list.The full list of substrates is available below:GSK3B CDKN1A RELA CHUK NFKB1"" style=""cursor: pointer; text-decoration: underline dotted;"">5 substrates"
"44","MAP2K1","0.00008559","0.00","0.00",""" title=""Overlapping EnrichrSubstrates"" data-content=""MAP2K1 targets 7 genes from the input gene list.The full list of substrates is available below:GSK3B MYC FOS PAK1 MAPK1 HSPA8 STAT3"" style=""cursor: pointer; text-decoration: underline dotted;"">7 substrates"
"45","CDK3","0.0001084","0.00","0.00",""" title=""Overlapping EnrichrSubstrates"" data-content=""CDK3 targets 5 genes from the input gene list.The full list of substrates is available below:RB1 CDKN1A E2F1 JUN ESR1"" style=""cursor: pointer; text-decoration: underline dotted;"">5 substrates"
"46","JNK2","0.0001084","0.00","0.00",""" title=""Overlapping EnrichrSubstrates"" data-content=""JNK2 targets 5 genes from the input gene list.The full list of substrates is available below:RB1 RELA MYC JUN FOS"" style=""cursor: pointer; text-decoration: underline dotted;"">5 substrates"
"47","IKK","0.0001261","0.00","0.00",""" title=""Overlapping EnrichrSubstrates"" data-content=""IKK targets 3 genes from the input gene list.The full list of substrates is available below:NCOR2 NFKB1 RELA"" style=""cursor: pointer; text-decoration: underline dotted;"">3 substrates"
"48","CSNK2A2","0.0001678","0.00","0.00",""" title=""Overlapping EnrichrSubstrates"" data-content=""CSNK2A2 targets 9 genes from the input gene list.The full list of substrates is available below:SOX2 MYC AR JUN CDKN1A FOS POU5F1 PAK1 NPM1"" style=""cursor: pointer; text-decoration: underline dotted;"">9 substrates"
"49","PRKDC","0.0001773","0.00","0.00",""" title=""Overlapping EnrichrSubstrates"" data-content=""PRKDC targets 8 genes from the input gene list.The full list of substrates is available below:MYC AKT1 SKP2 NFKB1 ATM CDKN1A RELA RELB"" style=""cursor: pointer; text-decoration: underline dotted;"">8 substrates"
"50","DYRK2","0.0002867","0.00","0.00",""" title=""Overlapping EnrichrSubstrates"" data-content=""DYRK2 targets 5 genes from the input gene list.The full list of substrates is available below:TBK1 MYC JUN SIAH2 STAT3"" style=""cursor: pointer; text-decoration: underline dotted;"">5 substrates"
"51","EGFR","0.0003401","0.00","0.00",""" title=""Overlapping EnrichrSubstrates"" data-content=""EGFR targets 10 genes from the input gene list.The full list of substrates is available below:AR JUN ESR1 ATM CALM1 CDKN1A IKBKE FOS PPP2CA STAT3"" style=""cursor: pointer; text-decoration: underline dotted;"">10 substrates"
"52","MAP3K8","0.0003626","0.00","0.00",""" title=""Overlapping EnrichrSubstrates"" data-content=""MAP3K8 targets 6 genes from the input gene list.The full list of substrates is available below:MAPK1 HSPA8 NPM1 PLK1 CALM1 HSPA1A"" style=""cursor: pointer; text-decoration: underline dotted;"">6 substrates"
"53","PKR","0.0003922","0.00","0.00",""" title=""Overlapping EnrichrSubstrates"" data-content=""PKR targets 5 genes from the input gene list.The full list of substrates is available below:NPM1 CHUK STAT3 NFKB1 PPP1CA"" style=""cursor: pointer; text-decoration: underline dotted;"">5 substrates"
"54","CK2","0.0004217","0.00","0.00",""" title=""Overlapping EnrichrSubstrates"" data-content=""CK2 targets 6 genes from the input gene list.The full list of substrates is available below:AKT1 TLE1 PGR HDAC2 RELA JUN"" style=""cursor: pointer; text-decoration: underline dotted;"">6 substrates"
"55","MAP3K7","0.0005049","0.00","0.00",""" title=""Overlapping EnrichrSubstrates"" data-content=""MAP3K7 targets 7 genes from the input gene list.The full list of substrates is available below:HSPA8 CALM1 HDAC4 HDAC5 E2F1 E2F4 HSPA1A"" style=""cursor: pointer; text-decoration: underline dotted;"">7 substrates"
"56","TGFBR2","0.0006027","0.00","0.00",""" title=""Overlapping EnrichrSubstrates"" data-content=""TGFBR2 targets 6 genes from the input gene list.The full list of substrates is available below:MYC NFKB1 PML PPP1CA SP1 SNAI1"" style=""cursor: pointer; text-decoration: underline dotted;"">6 substrates"
"57","RPS6KA1","0.001012","0.00","0.00",""" title=""Overlapping EnrichrSubstrates"" data-content=""RPS6KA1 targets 6 genes from the input gene list.The full list of substrates is available below:GSK3B FOS CEBPB MAPK1 JUN ESR1"" style=""cursor: pointer; text-decoration: underline dotted;"">6 substrates"
"58","MTOR","0.001066","0.00","0.00",""" title=""Overlapping EnrichrSubstrates"" data-content=""MTOR targets 7 genes from the input gene list.The full list of substrates is available below:EHMT2 MYC AKT1 DNMT1 JUN ESR1 STAT3"" style=""cursor: pointer; text-decoration: underline dotted;"">7 substrates"
"59","AURORAA","0.001141","0.00","0.00",""" title=""Overlapping EnrichrSubstrates"" data-content=""AURORAA targets 6 genes from the input gene list.The full list of substrates is available below:GSK3B AKT1 NCOA3 NCOR1 HDAC3 PLK1"" style=""cursor: pointer; text-decoration: underline dotted;"">6 substrates"
"60","AURKA","0.001210","0.00","0.00",""" title=""Overlapping EnrichrSubstrates"" data-content=""AURKA targets 6 genes from the input gene list.The full list of substrates is available below:GSK3B CDKN1A AR VHL PLK1 ESR1"" style=""cursor: pointer; text-decoration: underline dotted;"">6 substrates"
"61","CK1ALPHA","0.001438","0.00","0.00",""" title=""Overlapping EnrichrSubstrates"" data-content=""CK1ALPHA targets 6 genes from the input gene list.The full list of substrates is available below:RB1 GSK3B FOS JUN NFKB1 ATM"" style=""cursor: pointer; text-decoration: underline dotted;"">6 substrates"
"62","ATR","0.001704","0.00","0.00",""" title=""Overlapping EnrichrSubstrates"" data-content=""ATR targets 7 genes from the input gene list.The full list of substrates is available below:DAXX CDK9 SP1 ATM E2F1 NPM1 PML"" style=""cursor: pointer; text-decoration: underline dotted;"">7 substrates"
"63","AKT2","0.001744","0.00","0.00",""" title=""Overlapping EnrichrSubstrates"" data-content=""AKT2 targets 5 genes from the input gene list.The full list of substrates is available below:GSK3B CHUK AES PPARGC1A ESR1"" style=""cursor: pointer; text-decoration: underline dotted;"">5 substrates"
"64","PKD1","0.001867","0.00","0.00",""" title=""Overlapping EnrichrSubstrates"" data-content=""PKD1 targets 5 genes from the input gene list.The full list of substrates is available below:XPO1 HDAC4 HDAC5 JUN NFKB1"" style=""cursor: pointer; text-decoration: underline dotted;"">5 substrates"
"65","PDK","0.003023","0.00","0.00",""" title=""Overlapping EnrichrSubstrates"" data-content=""PDK targets 3 genes from the input gene list.The full list of substrates is available below:PRKCZ PAK1 AKT1"" style=""cursor: pointer; text-decoration: underline dotted;"">3 substrates"
"66","PDHK1","0.003278","0.00","0.00",""" title=""Overlapping EnrichrSubstrates"" data-content=""PDHK1 targets 5 genes from the input gene list.The full list of substrates is available below:GSK3B AKT1 CHUK PRKCZ PAK1"" style=""cursor: pointer; text-decoration: underline dotted;"">5 substrates"
"67","CAM","0.003600","0.00","0.00",""" title=""Overlapping EnrichrSubstrates"" data-content=""CAM targets 2 genes from the input gene list.The full list of substrates is available below:HDAC4 HDAC5"" style=""cursor: pointer; text-decoration: underline dotted;"">2 substrates"
"68","PRKACA","0.003629","0.00","0.00",""" title=""Overlapping EnrichrSubstrates"" data-content=""PRKACA targets 25 genes from the input gene list.The full list of substrates is available below:AR PPARGC1A JUN FOS POU5F1 STAT3 NFKB1 UHRF1 NCOA3 RELA GSK3B RB1 MYC HIF1A SNAI1 CDKN1A AES NCOR2 NCOR1 TLE1 PGR HDAC5 CEBPB ESR1 MAPK1"" style=""cursor: pointer; text-decoration: underline dotted;"">25 substrates"
"69","PKCIOTA","0.003819","0.00","0.00",""" title=""Overlapping EnrichrSubstrates"" data-content=""PKCIOTA targets 4 genes from the input gene list.The full list of substrates is available below:PRKCZ RELA CHUK NFKB1"" style=""cursor: pointer; text-decoration: underline dotted;"">4 substrates"
"70","CSNK1D","0.004116","0.00","0.00",""" title=""Overlapping EnrichrSubstrates"" data-content=""CSNK1D targets 4 genes from the input gene list.The full list of substrates is available below:DNMT1 UHRF1 HIF1A NCOA3"" style=""cursor: pointer; text-decoration: underline dotted;"">4 substrates"
"71","CDK7","0.004330","0.00","0.00",""" title=""Overlapping EnrichrSubstrates"" data-content=""CDK7 targets 5 genes from the input gene list.The full list of substrates is available below:GTF2B AR E2F1 ESR1 CDK9"" style=""cursor: pointer; text-decoration: underline dotted;"">5 substrates"
"72","PRKCI","0.005099","0.00","0.00",""" title=""Overlapping EnrichrSubstrates"" data-content=""PRKCI targets 4 genes from the input gene list.The full list of substrates is available below:ELF3 HSPA4 SP1 EZH2"" style=""cursor: pointer; text-decoration: underline dotted;"">4 substrates"
"73","PIM2","0.006065","0.00","0.00",""" title=""Overlapping EnrichrSubstrates"" data-content=""PIM2 targets 3 genes from the input gene list.The full list of substrates is available below:CDKN1A MYC POU5F1"" style=""cursor: pointer; text-decoration: underline dotted;"">3 substrates"
"74","MAP2K4","0.006230","0.00","0.00",""" title=""Overlapping EnrichrSubstrates"" data-content=""MAP2K4 targets 4 genes from the input gene list.The full list of substrates is available below:AKT1 DAXX PAK1 HSPA4"" style=""cursor: pointer; text-decoration: underline dotted;"">4 substrates"
"75","PKCTHETA","0.006230","0.00","0.00",""" title=""Overlapping EnrichrSubstrates"" data-content=""PKCTHETA targets 4 genes from the input gene list.The full list of substrates is available below:AKT1 CHUK PRKCZ MAPK1"" style=""cursor: pointer; text-decoration: underline dotted;"">4 substrates"
"76","PAK1","0.006376","0.00","0.00",""" title=""Overlapping EnrichrSubstrates"" data-content=""PAK1 targets 6 genes from the input gene list.The full list of substrates is available below:AKT1 PLK1 ESR1 SNAI1 ELF3 PAK1"" style=""cursor: pointer; text-decoration: underline dotted;"">6 substrates"
"77","JAK2","0.006641","0.00","0.00",""" title=""Overlapping EnrichrSubstrates"" data-content=""JAK2 targets 4 genes from the input gene list.The full list of substrates is available below:PAK1 MAPK1 STAT3 EZH2"" style=""cursor: pointer; text-decoration: underline dotted;"">4 substrates"
"78","MOK","0.006700","0.00","0.00",""" title=""Overlapping EnrichrSubstrates"" data-content=""MOK targets 3 genes from the input gene list.The full list of substrates is available below:MYC JUN NFKB1"" style=""cursor: pointer; text-decoration: underline dotted;"">3 substrates"
"79","DNA","0.007513","0.00","0.00",""" title=""Overlapping EnrichrSubstrates"" data-content=""DNA targets 2 genes from the input gene list.The full list of substrates is available below:JUN NR3C1"" style=""cursor: pointer; text-decoration: underline dotted;"">2 substrates"
"80","MAPK10","0.007981","0.00","0.00",""" title=""Overlapping EnrichrSubstrates"" data-content=""MAPK10 targets 4 genes from the input gene list.The full list of substrates is available below:CDKN1A MYC FOS JUN"" style=""cursor: pointer; text-decoration: underline dotted;"">4 substrates"
"81","PRKCB","0.008242","0.00","0.00",""" title=""Overlapping EnrichrSubstrates"" data-content=""PRKCB targets 8 genes from the input gene list.The full list of substrates is available below:AKT1 AR JUN CDKN1A STAT3 ESR1 GSK3B ASXL1"" style=""cursor: pointer; text-decoration: underline dotted;"">8 substrates"
"82","MAPK9","0.008530","0.00","0.00",""" title=""Overlapping EnrichrSubstrates"" data-content=""MAPK9 targets 5 genes from the input gene list.The full list of substrates is available below:CDKN1A MYC FOS JUN STAT3"" style=""cursor: pointer; text-decoration: underline dotted;"">5 substrates"
"83","CDK6","0.008834","0.00","0.00",""" title=""Overlapping EnrichrSubstrates"" data-content=""CDK6 targets 3 genes from the input gene list.The full list of substrates is available below:RB1 CDKN1A NPM1"" style=""cursor: pointer; text-decoration: underline dotted;"">3 substrates"
"84","MAP3K14","0.009205","0.00","0.00",""" title=""Overlapping EnrichrSubstrates"" data-content=""MAP3K14 targets 6 genes from the input gene list.The full list of substrates is available below:HSPA8 CALM1 CHUK NPM1 STUB1 HSPA1A"" style=""cursor: pointer; text-decoration: underline dotted;"">6 substrates"
"85","PKAGAMMA","0.009487","0.00","0.00",""" title=""Overlapping EnrichrSubstrates"" data-content=""PKAGAMMA targets 4 genes from the input gene list.The full list of substrates is available below:NR3C1 AR RELA NFKB1"" style=""cursor: pointer; text-decoration: underline dotted;"">4 substrates"
"86","PKC","0.01083","0.00","0.00",""" title=""Overlapping EnrichrSubstrates"" data-content=""PKC targets 2 genes from the input gene list.The full list of substrates is available below:PRKCZ RELA"" style=""cursor: pointer; text-decoration: underline dotted;"">2 substrates"
"87","CAMKIV","0.01083","0.00","0.00",""" title=""Overlapping EnrichrSubstrates"" data-content=""CAMKIV targets 2 genes from the input gene list.The full list of substrates is available below:HDAC4 RELA"" style=""cursor: pointer; text-decoration: underline dotted;"">2 substrates"
"88","CK2A2","0.01177","0.00","0.00",""" title=""Overlapping EnrichrSubstrates"" data-content=""CK2A2 targets 4 genes from the input gene list.The full list of substrates is available below:MYC HDAC2 RELA JUN"" style=""cursor: pointer; text-decoration: underline dotted;"">4 substrates"
"89","MAP3K5","0.01418","0.00","0.00",""" title=""Overlapping EnrichrSubstrates"" data-content=""MAP3K5 targets 3 genes from the input gene list.The full list of substrates is available below:CDKN1A IKBKE DAXX"" style=""cursor: pointer; text-decoration: underline dotted;"">3 substrates"
"90","BRD2","0.01467","0.00","0.00",""" title=""Overlapping EnrichrSubstrates"" data-content=""BRD2 targets 2 genes from the input gene list.The full list of substrates is available below:KDM5A RB1"" style=""cursor: pointer; text-decoration: underline dotted;"">2 substrates"
"91","MAP3K3","0.01504","0.00","0.00",""" title=""Overlapping EnrichrSubstrates"" data-content=""MAP3K3 targets 7 genes from the input gene list.The full list of substrates is available below:UXT HSPA8 HSPA4 CALM1 PPP1CA STUB1 HSPA1A"" style=""cursor: pointer; text-decoration: underline dotted;"">7 substrates"
"92","MAPKAPK2","0.01508","0.00","0.00",""" title=""Overlapping EnrichrSubstrates"" data-content=""MAPKAPK2 targets 4 genes from the input gene list.The full list of substrates is available below:TRIM28 AKT1 MAPKAPK2 PLK1"" style=""cursor: pointer; text-decoration: underline dotted;"">4 substrates"
"93","RET","0.01629","0.00","0.00",""" title=""Overlapping EnrichrSubstrates"" data-content=""RET targets 3 genes from the input gene list.The full list of substrates is available below:AKT1 MAPK1 STAT3"" style=""cursor: pointer; text-decoration: underline dotted;"">3 substrates"
"94","MARK2","0.01740","0.00","0.00",""" title=""Overlapping EnrichrSubstrates"" data-content=""MARK2 targets 3 genes from the input gene list.The full list of substrates is available below:HDAC4 GSK3B HDAC5"" style=""cursor: pointer; text-decoration: underline dotted;"">3 substrates"
"95","PLK3","0.01856","0.00","0.00",""" title=""Overlapping EnrichrSubstrates"" data-content=""PLK3 targets 3 genes from the input gene list.The full list of substrates is available below:HIF1A JUN NPM1"" style=""cursor: pointer; text-decoration: underline dotted;"">3 substrates"
"96","ERBB2","0.01914","0.00","0.00",""" title=""Overlapping EnrichrSubstrates"" data-content=""ERBB2 targets 5 genes from the input gene list.The full list of substrates is available below:AR ESR1 NCOA3 NCOR1 STAT3"" style=""cursor: pointer; text-decoration: underline dotted;"">5 substrates"
"97","PRKD1","0.01976","0.00","0.00",""" title=""Overlapping EnrichrSubstrates"" data-content=""PRKD1 targets 4 genes from the input gene list.The full list of substrates is available below:AKT1 HDAC5 JUN SNAI1"" style=""cursor: pointer; text-decoration: underline dotted;"">4 substrates"
"98","PRKAA2","0.01976","0.00","0.00",""" title=""Overlapping EnrichrSubstrates"" data-content=""PRKAA2 targets 3 genes from the input gene list.The full list of substrates is available below:HDAC5 PPARGC1A PARP1"" style=""cursor: pointer; text-decoration: underline dotted;"">3 substrates"
"99","MAPK13","0.02062","0.00","0.00",""" title=""Overlapping EnrichrSubstrates"" data-content=""MAPK13 targets 4 genes from the input gene list.The full list of substrates is available below:FOS MAPKAPK2 PGR JUN"" style=""cursor: pointer; text-decoration: underline dotted;"">4 substrates"
"100","MAP2K2","0.02101","0.00","0.00",""" title=""Overlapping EnrichrSubstrates"" data-content=""MAP2K2 targets 3 genes from the input gene list.The full list of substrates is available below:PAK1 MAPK1 GADD45GIP1"" style=""cursor: pointer; text-decoration: underline dotted;"">3 substrates"
"101","RPS6KA5","0.02101","0.00","0.00",""" title=""Overlapping EnrichrSubstrates"" data-content=""RPS6KA5 targets 3 genes from the input gene list.The full list of substrates is available below:RELA TRIM28 STAT3"" style=""cursor: pointer; text-decoration: underline dotted;"">3 substrates"
"102","PKAALPHA","0.02114","0.00","0.00",""" title=""Overlapping EnrichrSubstrates"" data-content=""PKAALPHA targets 5 genes from the input gene list.The full list of substrates is available below:AR ESR1 NFKB1 FOS RELA"" style=""cursor: pointer; text-decoration: underline dotted;"">5 substrates"
"103","RIPK1","0.02229","0.00","0.00",""" title=""Overlapping EnrichrSubstrates"" data-content=""RIPK1 targets 3 genes from the input gene list.The full list of substrates is available below:HSPA8 PML HSPA1A"" style=""cursor: pointer; text-decoration: underline dotted;"">3 substrates"
"104","PAK2","0.02240","0.00","0.00",""" title=""Overlapping EnrichrSubstrates"" data-content=""PAK2 targets 4 genes from the input gene list.The full list of substrates is available below:MYC HDAC5 PAK1 JUN"" style=""cursor: pointer; text-decoration: underline dotted;"">4 substrates"
"105","AURORAB","0.02333","0.00","0.00",""" title=""Overlapping EnrichrSubstrates"" data-content=""AURORAB targets 4 genes from the input gene list.The full list of substrates is available below:RB1 XPO1 NPM1 PLK1"" style=""cursor: pointer; text-decoration: underline dotted;"">4 substrates"
"106","INSR","0.02428","0.00","0.00",""" title=""Overlapping EnrichrSubstrates"" data-content=""INSR targets 4 genes from the input gene list.The full list of substrates is available below:FOS PRKCZ PPP2CA JUN"" style=""cursor: pointer; text-decoration: underline dotted;"">4 substrates"
"107","RIPK2","0.02499","0.00","0.00",""" title=""Overlapping EnrichrSubstrates"" data-content=""RIPK2 targets 3 genes from the input gene list.The full list of substrates is available below:HSPA8 CALM1 HSPA1A"" style=""cursor: pointer; text-decoration: underline dotted;"">3 substrates"
"108","NLK","0.02640","0.00","0.00",""" title=""Overlapping EnrichrSubstrates"" data-content=""NLK targets 3 genes from the input gene list.The full list of substrates is available below:PAK1 SETDB1 STAT3"" style=""cursor: pointer; text-decoration: underline dotted;"">3 substrates"
"109","FOXO3","0.02671","0.00","0.00",""" title=""Overlapping EnrichrSubstrates"" data-content=""FOXO3 targets 1 genes from the input gene list.The full list of substrates is available below:AKT1"" style=""cursor: pointer; text-decoration: underline dotted;"">1 substrates"
"110","ARHGEF7","0.02671","0.00","0.00",""" title=""Overlapping EnrichrSubstrates"" data-content=""ARHGEF7 targets 1 genes from the input gene list.The full list of substrates is available below:PAK1"" style=""cursor: pointer; text-decoration: underline dotted;"">1 substrates"
"111","ARHGEF6","0.02671","0.00","0.00",""" title=""Overlapping EnrichrSubstrates"" data-content=""ARHGEF6 targets 1 genes from the input gene list.The full list of substrates is available below:PAK1"" style=""cursor: pointer; text-decoration: underline dotted;"">1 substrates"
"112","GIT2","0.02671","0.00","0.00",""" title=""Overlapping EnrichrSubstrates"" data-content=""GIT2 targets 1 genes from the input gene list.The full list of substrates is available below:PAK1"" style=""cursor: pointer; text-decoration: underline dotted;"">1 substrates"
"113","BORA","0.02671","0.00","0.00",""" title=""Overlapping EnrichrSubstrates"" data-content=""BORA targets 1 genes from the input gene list.The full list of substrates is available below:PLK1"" style=""cursor: pointer; text-decoration: underline dotted;"">1 substrates"
"114","PIKFYVE","0.02671","0.00","0.00",""" title=""Overlapping EnrichrSubstrates"" data-content=""PIKFYVE targets 1 genes from the input gene list.The full list of substrates is available below:AKT1"" style=""cursor: pointer; text-decoration: underline dotted;"">1 substrates"
"115","PKCEPSILON","0.02727","0.00","0.00",""" title=""Overlapping EnrichrSubstrates"" data-content=""PKCEPSILON targets 4 genes from the input gene list.The full list of substrates is available below:PRKCZ MAPK1 NFKB1 SP1"" style=""cursor: pointer; text-decoration: underline dotted;"">4 substrates"
"116","PAK3","0.02785","0.00","0.00",""" title=""Overlapping EnrichrSubstrates"" data-content=""PAK3 targets 3 genes from the input gene list.The full list of substrates is available below:CDKN1A PAK1 PLK1"" style=""cursor: pointer; text-decoration: underline dotted;"">3 substrates"
"117","PDPK1","0.02935","0.00","0.00",""" title=""Overlapping EnrichrSubstrates"" data-content=""PDPK1 targets 3 genes from the input gene list.The full list of substrates is available below:PRKCZ PAK1 AKT1"" style=""cursor: pointer; text-decoration: underline dotted;"">3 substrates"
"118","MAPK12","0.03158","0.00","0.00",""" title=""Overlapping EnrichrSubstrates"" data-content=""MAPK12 targets 4 genes from the input gene list.The full list of substrates is available below:FOS MAPKAPK2 PGR JUN"" style=""cursor: pointer; text-decoration: underline dotted;"">4 substrates"
"119","ROR1","0.03185","0.00","0.00",""" title=""Overlapping EnrichrSubstrates"" data-content=""ROR1 targets 2 genes from the input gene list.The full list of substrates is available below:ZNF281 FOXH1"" style=""cursor: pointer; text-decoration: underline dotted;"">2 substrates"
"120","LRRK1","0.03185","0.00","0.00",""" title=""Overlapping EnrichrSubstrates"" data-content=""LRRK1 targets 2 genes from the input gene list.The full list of substrates is available below:FOXH1 RELB"" style=""cursor: pointer; text-decoration: underline dotted;"">2 substrates"
"121","ACVR2B","0.03185","0.00","0.00",""" title=""Overlapping EnrichrSubstrates"" data-content=""ACVR2B targets 2 genes from the input gene list.The full list of substrates is available below:FOXH1 AKT1"" style=""cursor: pointer; text-decoration: underline dotted;"">2 substrates"
"122","GSK3A","0.03408","0.00","0.00",""" title=""Overlapping EnrichrSubstrates"" data-content=""GSK3A targets 3 genes from the input gene list.The full list of substrates is available below:MYC AKT1 CEBPB"" style=""cursor: pointer; text-decoration: underline dotted;"">3 substrates"
"123","PKMYT1","0.03474","0.00","0.00",""" title=""Overlapping EnrichrSubstrates"" data-content=""PKMYT1 targets 2 genes from the input gene list.The full list of substrates is available below:PLK1 SMARCA4"" style=""cursor: pointer; text-decoration: underline dotted;"">2 substrates"
"124","PKA","0.03474","0.00","0.00",""" title=""Overlapping EnrichrSubstrates"" data-content=""PKA targets 2 genes from the input gene list.The full list of substrates is available below:GSK3B RELA"" style=""cursor: pointer; text-decoration: underline dotted;"">2 substrates"
"125","CSNK2B","0.03474","0.00","0.00",""" title=""Overlapping EnrichrSubstrates"" data-content=""CSNK2B targets 2 genes from the input gene list.The full list of substrates is available below:FOS SNAI1"" style=""cursor: pointer; text-decoration: underline dotted;"">2 substrates"
"126","PIM3","0.03772","0.00","0.00",""" title=""Overlapping EnrichrSubstrates"" data-content=""PIM3 targets 2 genes from the input gene list.The full list of substrates is available below:PML POU5F1"" style=""cursor: pointer; text-decoration: underline dotted;"">2 substrates"
"127","SGK2","0.03772","0.00","0.00",""" title=""Overlapping EnrichrSubstrates"" data-content=""SGK2 targets 2 genes from the input gene list.The full list of substrates is available below:GSK3B NR1H4"" style=""cursor: pointer; text-decoration: underline dotted;"">2 substrates"
"128","MAPK6","0.04079","0.00","0.00",""" title=""Overlapping EnrichrSubstrates"" data-content=""MAPK6 targets 2 genes from the input gene list.The full list of substrates is available below:HSPA4 NCOA3"" style=""cursor: pointer; text-decoration: underline dotted;"">2 substrates"
"129","MERTK","0.04396","0.00","0.00",""" title=""Overlapping EnrichrSubstrates"" data-content=""MERTK targets 2 genes from the input gene list.The full list of substrates is available below:STAT3 AKT1"" style=""cursor: pointer; text-decoration: underline dotted;"">2 substrates"
"130","PBK","0.04721","0.00","0.00",""" title=""Overlapping EnrichrSubstrates"" data-content=""PBK targets 2 genes from the input gene list.The full list of substrates is available below:E2F4 JUN"" style=""cursor: pointer; text-decoration: underline dotted;"">2 substrates"
"131","EPHA8","0.05055","0.00","0.00",""" title=""Overlapping EnrichrSubstrates"" data-content=""EPHA8 targets 2 genes from the input gene list.The full list of substrates is available below:FOXH1 SMARCA4"" style=""cursor: pointer; text-decoration: underline dotted;"">2 substrates"
"132","TTK","0.05571","0.00","0.00",""" title=""Overlapping EnrichrSubstrates"" data-content=""TTK targets 4 genes from the input gene list.The full list of substrates is available below:PLK1 XPO1 E2F1 E2F4"" style=""cursor: pointer; text-decoration: underline dotted;"">4 substrates"
"133","MAP3K1","0.05620","0.00","0.00",""" title=""Overlapping EnrichrSubstrates"" data-content=""MAP3K1 targets 5 genes from the input gene list.The full list of substrates is available below:HSPA8 ESR1 CALM1 STAT3 HSPA1A"" style=""cursor: pointer; text-decoration: underline dotted;"">5 substrates"
"134","AKT3","0.06105","0.00","0.00",""" title=""Overlapping EnrichrSubstrates"" data-content=""AKT3 targets 2 genes from the input gene list.The full list of substrates is available below:GSK3B PRKCZ"" style=""cursor: pointer; text-decoration: underline dotted;"">2 substrates"
"135","TNK2","0.06105","0.00","0.00",""" title=""Overlapping EnrichrSubstrates"" data-content=""TNK2 targets 2 genes from the input gene list.The full list of substrates is available below:AKT1 AR"" style=""cursor: pointer; text-decoration: underline dotted;"">2 substrates"
"136","CDK8","0.06105","0.00","0.00",""" title=""Overlapping EnrichrSubstrates"" data-content=""CDK8 targets 2 genes from the input gene list.The full list of substrates is available below:E2F1 STAT3"" style=""cursor: pointer; text-decoration: underline dotted;"">2 substrates"
"137","DYRK1B","0.06470","0.00","0.00",""" title=""Overlapping EnrichrSubstrates"" data-content=""DYRK1B targets 2 genes from the input gene list.The full list of substrates is available below:HDAC5 CDKN1A"" style=""cursor: pointer; text-decoration: underline dotted;"">2 substrates"
"138","CAMK4","0.06470","0.00","0.00",""" title=""Overlapping EnrichrSubstrates"" data-content=""CAMK4 targets 2 genes from the input gene list.The full list of substrates is available below:HDAC5 RELA"" style=""cursor: pointer; text-decoration: underline dotted;"">2 substrates"
"139","MAPK7","0.06470","0.00","0.00",""" title=""Overlapping EnrichrSubstrates"" data-content=""MAPK7 targets 2 genes from the input gene list.The full list of substrates is available below:FOS PML"" style=""cursor: pointer; text-decoration: underline dotted;"">2 substrates"
"140","PRKACB","0.06843","0.00","0.00",""" title=""Overlapping EnrichrSubstrates"" data-content=""PRKACB targets 2 genes from the input gene list.The full list of substrates is available below:CDKN1A FOS"" style=""cursor: pointer; text-decoration: underline dotted;"">2 substrates"
"141","LATS2","0.06843","0.00","0.00",""" title=""Overlapping EnrichrSubstrates"" data-content=""LATS2 targets 2 genes from the input gene list.The full list of substrates is available below:CDKN1A SNAI1"" style=""cursor: pointer; text-decoration: underline dotted;"">2 substrates"
"142","CAMK2D","0.06843","0.00","0.00",""" title=""Overlapping EnrichrSubstrates"" data-content=""CAMK2D targets 2 genes from the input gene list.The full list of substrates is available below:HDAC4 GSK3B"" style=""cursor: pointer; text-decoration: underline dotted;"">2 substrates"
"143","RIPK3","0.06891","0.00","0.00",""" title=""Overlapping EnrichrSubstrates"" data-content=""RIPK3 targets 4 genes from the input gene list.The full list of substrates is available below:DAXX HSPA8 CALM1 HSPA1A"" style=""cursor: pointer; text-decoration: underline dotted;"">4 substrates"
"144","RPS6KB1","0.07008","0.00","0.00",""" title=""Overlapping EnrichrSubstrates"" data-content=""RPS6KB1 targets 3 genes from the input gene list.The full list of substrates is available below:GSK3B PPARGC1A ESR1"" style=""cursor: pointer; text-decoration: underline dotted;"">3 substrates"
"145","AXL","0.07222","0.00","0.00",""" title=""Overlapping EnrichrSubstrates"" data-content=""AXL targets 2 genes from the input gene list.The full list of substrates is available below:AKT1 STAT3"" style=""cursor: pointer; text-decoration: underline dotted;"">2 substrates"
"146","FER","0.07222","0.00","0.00",""" title=""Overlapping EnrichrSubstrates"" data-content=""FER targets 2 genes from the input gene list.The full list of substrates is available below:STAT3 AR"" style=""cursor: pointer; text-decoration: underline dotted;"">2 substrates"
"147","PLK2","0.07608","0.00","0.00",""" title=""Overlapping EnrichrSubstrates"" data-content=""PLK2 targets 2 genes from the input gene list.The full list of substrates is available below:NPM1 PLK1"" style=""cursor: pointer; text-decoration: underline dotted;"">2 substrates"
"148","PKM","0.07803","0.00","0.00",""" title=""Overlapping EnrichrSubstrates"" data-content=""PKM targets 1 genes from the input gene list.The full list of substrates is available below:STAT3"" style=""cursor: pointer; text-decoration: underline dotted;"">1 substrates"
"149","CDK9","0.08399","0.00","0.00",""" title=""Overlapping EnrichrSubstrates"" data-content=""CDK9 targets 2 genes from the input gene list.The full list of substrates is available below:RB1 CDK9"" style=""cursor: pointer; text-decoration: underline dotted;"">2 substrates"
"150","PAK6","0.08804","0.00","0.00",""" title=""Overlapping EnrichrSubstrates"" data-content=""PAK6 targets 2 genes from the input gene list.The full list of substrates is available below:AKT1 AR"" style=""cursor: pointer; text-decoration: underline dotted;"">2 substrates"
"151","CHK2","0.09044","0.00","0.00",""" title=""Overlapping EnrichrSubstrates"" data-content=""CHK2 targets 1 genes from the input gene list.The full list of substrates is available below:E2F1"" style=""cursor: pointer; text-decoration: underline dotted;"">1 substrates"
"152","PDHK2","0.09044","0.00","0.00",""" title=""Overlapping EnrichrSubstrates"" data-content=""PDHK2 targets 1 genes from the input gene list.The full list of substrates is available below:AKT1"" style=""cursor: pointer; text-decoration: underline dotted;"">1 substrates"
"153","NIK","0.09044","0.00","0.00",""" title=""Overlapping EnrichrSubstrates"" data-content=""NIK targets 1 genes from the input gene list.The full list of substrates is available below:CEBPB"" style=""cursor: pointer; text-decoration: underline dotted;"">1 substrates"
"154","CAMK2A","0.09551","0.00","0.00",""" title=""Overlapping EnrichrSubstrates"" data-content=""CAMK2A targets 4 genes from the input gene list.The full list of substrates is available below:MYC CDKN1A NCOR2 HDAC5"" style=""cursor: pointer; text-decoration: underline dotted;"">4 substrates"
"155","ALK","0.09630","0.00","0.00",""" title=""Overlapping EnrichrSubstrates"" data-content=""ALK targets 2 genes from the input gene list.The full list of substrates is available below:RELA STAT3"" style=""cursor: pointer; text-decoration: underline dotted;"">2 substrates"
"156","PRKCE","0.1006","0.00","0.00",""" title=""Overlapping EnrichrSubstrates"" data-content=""PRKCE targets 3 genes from the input gene list.The full list of substrates is available below:KEAP1 STAT3 NANOG"" style=""cursor: pointer; text-decoration: underline dotted;"">3 substrates"
"157","PKC","0.1006","0.00","0.00",""" title=""Overlapping EnrichrSubstrates"" data-content=""PKC targets 3 genes from the input gene list.The full list of substrates is available below:CDKN1A AHR NFE2L2"" style=""cursor: pointer; text-decoration: underline dotted;"">3 substrates"
"158","RSK","0.1027","0.00","0.00",""" title=""Overlapping EnrichrSubstrates"" data-content=""RSK targets 1 genes from the input gene list.The full list of substrates is available below:CEBPB"" style=""cursor: pointer; text-decoration: underline dotted;"">1 substrates"
"159","RSK3","0.1027","0.00","0.00",""" title=""Overlapping EnrichrSubstrates"" data-content=""RSK3 targets 1 genes from the input gene list.The full list of substrates is available below:MAPK1"" style=""cursor: pointer; text-decoration: underline dotted;"">1 substrates"
"160","CSNK1A1","0.1034","0.00","0.00",""" title=""Overlapping EnrichrSubstrates"" data-content=""CSNK1A1 targets 3 genes from the input gene list.The full list of substrates is available below:CDKN1A RELA VHL"" style=""cursor: pointer; text-decoration: underline dotted;"">3 substrates"
"161","STK11","0.1091","0.00","0.00",""" title=""Overlapping EnrichrSubstrates"" data-content=""STK11 targets 2 genes from the input gene list.The full list of substrates is available below:PAK1 AES"" style=""cursor: pointer; text-decoration: underline dotted;"">2 substrates"
"162","TRRAP","0.1267","0.00","0.00",""" title=""Overlapping EnrichrSubstrates"" data-content=""TRRAP targets 1 genes from the input gene list.The full list of substrates is available below:NCOR2"" style=""cursor: pointer; text-decoration: underline dotted;"">1 substrates"
"163","RSK","0.1267","0.00","0.00",""" title=""Overlapping EnrichrSubstrates"" data-content=""RSK targets 1 genes from the input gene list.The full list of substrates is available below:FOS"" style=""cursor: pointer; text-decoration: underline dotted;"">1 substrates"
"164","PTK2","0.1359","0.00","0.00",""" title=""Overlapping EnrichrSubstrates"" data-content=""PTK2 targets 2 genes from the input gene list.The full list of substrates is available below:SUMO1 NANOG"" style=""cursor: pointer; text-decoration: underline dotted;"">2 substrates"
"165","NEK2","0.1405","0.00","0.00",""" title=""Overlapping EnrichrSubstrates"" data-content=""NEK2 targets 2 genes from the input gene list.The full list of substrates is available below:NPM1 PLK1"" style=""cursor: pointer; text-decoration: underline dotted;"">2 substrates"
"166","JNK3","0.1500","0.00","0.00",""" title=""Overlapping EnrichrSubstrates"" data-content=""JNK3 targets 1 genes from the input gene list.The full list of substrates is available below:JUN"" style=""cursor: pointer; text-decoration: underline dotted;"">1 substrates"
"167","TRKB","0.1615","0.00","0.00",""" title=""Overlapping EnrichrSubstrates"" data-content=""TRKB targets 1 genes from the input gene list.The full list of substrates is available below:FOS"" style=""cursor: pointer; text-decoration: underline dotted;"">1 substrates"
"168","AURKB","0.1632","0.00","0.00",""" title=""Overlapping EnrichrSubstrates"" data-content=""AURKB targets 4 genes from the input gene list.The full list of substrates is available below:RB1 PLK1 ATM HDAC5"" style=""cursor: pointer; text-decoration: underline dotted;"">4 substrates"
"169","P70S6K","0.1728","0.00","0.00",""" title=""Overlapping EnrichrSubstrates"" data-content=""P70S6K targets 1 genes from the input gene list.The full list of substrates is available below:AKT1"" style=""cursor: pointer; text-decoration: underline dotted;"">1 substrates"
"170","CAMKIIBETA","0.1735","0.00","0.00",""" title=""Overlapping EnrichrSubstrates"" data-content=""CAMKIIBETA targets 2 genes from the input gene list.The full list of substrates is available below:FOS PPARGC1A"" style=""cursor: pointer; text-decoration: underline dotted;"">2 substrates"
"171","PRKAA1","0.1807","0.00","0.00",""" title=""Overlapping EnrichrSubstrates"" data-content=""PRKAA1 targets 3 genes from the input gene list.The full list of substrates is available below:RB1 NFE2L2 HDAC5"" style=""cursor: pointer; text-decoration: underline dotted;"">3 substrates"
"172","PLK1","0.1828","0.00","0.00",""" title=""Overlapping EnrichrSubstrates"" data-content=""PLK1 targets 6 genes from the input gene list.The full list of substrates is available below:MYC PLK1 CDKN1A XPO1 SUZ12 NPM1"" style=""cursor: pointer; text-decoration: underline dotted;"">6 substrates"
"173","ACTR2B","0.1839","0.00","0.00",""" title=""Overlapping EnrichrSubstrates"" data-content=""ACTR2B targets 1 genes from the input gene list.The full list of substrates is available below:NCOA3"" style=""cursor: pointer; text-decoration: underline dotted;"">1 substrates"
"174","PKC","0.1949","0.00","0.00",""" title=""Overlapping EnrichrSubstrates"" data-content=""PKC targets 1 genes from the input gene list.The full list of substrates is available below:STAT3"" style=""cursor: pointer; text-decoration: underline dotted;"">1 substrates"
"175","LCK","0.1952","0.00","0.00",""" title=""Overlapping EnrichrSubstrates"" data-content=""LCK targets 4 genes from the input gene list.The full list of substrates is available below:TBK1 ESR1 PPP2CA MAPK1"" style=""cursor: pointer; text-decoration: underline dotted;"">4 substrates"
"176","TAF1","0.2057","0.00","0.00",""" title=""Overlapping EnrichrSubstrates"" data-content=""TAF1 targets 1 genes from the input gene list.The full list of substrates is available below:GTF2B"" style=""cursor: pointer; text-decoration: underline dotted;"">1 substrates"
"177","TAOK3","0.2270","0.00","0.00",""" title=""Overlapping EnrichrSubstrates"" data-content=""TAOK3 targets 1 genes from the input gene list.The full list of substrates is available below:ZNF281"" style=""cursor: pointer; text-decoration: underline dotted;"">1 substrates"
"178","TAOK1","0.2270","0.00","0.00",""" title=""Overlapping EnrichrSubstrates"" data-content=""TAOK1 targets 1 genes from the input gene list.The full list of substrates is available below:GSK3B"" style=""cursor: pointer; text-decoration: underline dotted;"">1 substrates"
"179","RPS6KA6","0.2270","0.00","0.00",""" title=""Overlapping EnrichrSubstrates"" data-content=""RPS6KA6 targets 1 genes from the input gene list.The full list of substrates is available below:XPO1"" style=""cursor: pointer; text-decoration: underline dotted;"">1 substrates"
"180","ALPK1","0.2270","0.00","0.00",""" title=""Overlapping EnrichrSubstrates"" data-content=""ALPK1 targets 1 genes from the input gene list.The full list of substrates is available below:IKBKE"" style=""cursor: pointer; text-decoration: underline dotted;"">1 substrates"
"181","MAST1","0.2270","0.00","0.00",""" title=""Overlapping EnrichrSubstrates"" data-content=""MAST1 targets 1 genes from the input gene list.The full list of substrates is available below:AKT1"" style=""cursor: pointer; text-decoration: underline dotted;"">1 substrates"
"182","POMK","0.2270","0.00","0.00",""" title=""Overlapping EnrichrSubstrates"" data-content=""POMK targets 1 genes from the input gene list.The full list of substrates is available below:AKT1"" style=""cursor: pointer; text-decoration: underline dotted;"">1 substrates"
"183","PRKG1","0.2324","0.00","0.00",""" title=""Overlapping EnrichrSubstrates"" data-content=""PRKG1 targets 2 genes from the input gene list.The full list of substrates is available below:CDKN1A PAK1"" style=""cursor: pointer; text-decoration: underline dotted;"">2 substrates"
"184","BTK","0.2373","0.00","0.00",""" title=""Overlapping EnrichrSubstrates"" data-content=""BTK targets 2 genes from the input gene list.The full list of substrates is available below:FOS JUN"" style=""cursor: pointer; text-decoration: underline dotted;"">2 substrates"
"185","CDKL2","0.2374","0.00","0.00",""" title=""Overlapping EnrichrSubstrates"" data-content=""CDKL2 targets 1 genes from the input gene list.The full list of substrates is available below:CALM1"" style=""cursor: pointer; text-decoration: underline dotted;"">1 substrates"
"186","STK40","0.2374","0.00","0.00",""" title=""Overlapping EnrichrSubstrates"" data-content=""STK40 targets 1 genes from the input gene list.The full list of substrates is available below:MAPKAPK2"" style=""cursor: pointer; text-decoration: underline dotted;"">1 substrates"
"187","MAP4K5","0.2374","0.00","0.00",""" title=""Overlapping EnrichrSubstrates"" data-content=""MAP4K5 targets 1 genes from the input gene list.The full list of substrates is available below:GSK3B"" style=""cursor: pointer; text-decoration: underline dotted;"">1 substrates"
"188","TYRO3","0.2477","0.00","0.00",""" title=""Overlapping EnrichrSubstrates"" data-content=""TYRO3 targets 1 genes from the input gene list.The full list of substrates is available below:AKT1"" style=""cursor: pointer; text-decoration: underline dotted;"">1 substrates"
"189","CDK19","0.2477","0.00","0.00",""" title=""Overlapping EnrichrSubstrates"" data-content=""CDK19 targets 1 genes from the input gene list.The full list of substrates is available below:PAK1"" style=""cursor: pointer; text-decoration: underline dotted;"">1 substrates"
"190","DMPK","0.2477","0.00","0.00",""" title=""Overlapping EnrichrSubstrates"" data-content=""DMPK targets 1 genes from the input gene list.The full list of substrates is available below:SP1"" style=""cursor: pointer; text-decoration: underline dotted;"">1 substrates"
"191","NTRK3","0.2477","0.00","0.00",""" title=""Overlapping EnrichrSubstrates"" data-content=""NTRK3 targets 1 genes from the input gene list.The full list of substrates is available below:FOS"" style=""cursor: pointer; text-decoration: underline dotted;"">1 substrates"
"192","PRKX","0.2477","0.00","0.00",""" title=""Overlapping EnrichrSubstrates"" data-content=""PRKX targets 1 genes from the input gene list.The full list of substrates is available below:FOXH1"" style=""cursor: pointer; text-decoration: underline dotted;"">1 substrates"
"193","LMTK2","0.2477","0.00","0.00",""" title=""Overlapping EnrichrSubstrates"" data-content=""LMTK2 targets 1 genes from the input gene list.The full list of substrates is available below:PPP1CA"" style=""cursor: pointer; text-decoration: underline dotted;"">1 substrates"
"194","MARK4","0.2477","0.00","0.00",""" title=""Overlapping EnrichrSubstrates"" data-content=""MARK4 targets 1 genes from the input gene list.The full list of substrates is available below:SMARCA4"" style=""cursor: pointer; text-decoration: underline dotted;"">1 substrates"
"195","SCYL1","0.2477","0.00","0.00",""" title=""Overlapping EnrichrSubstrates"" data-content=""SCYL1 targets 1 genes from the input gene list.The full list of substrates is available below:AES"" style=""cursor: pointer; text-decoration: underline dotted;"">1 substrates"
"196","CAMK1G","0.2477","0.00","0.00",""" title=""Overlapping EnrichrSubstrates"" data-content=""CAMK1G targets 1 genes from the input gene list.The full list of substrates is available below:RNF14"" style=""cursor: pointer; text-decoration: underline dotted;"">1 substrates"
"197","PRKD3","0.2578","0.00","0.00",""" title=""Overlapping EnrichrSubstrates"" data-content=""PRKD3 targets 1 genes from the input gene list.The full list of substrates is available below:HDAC5"" style=""cursor: pointer; text-decoration: underline dotted;"">1 substrates"
"198","TLK2","0.2578","0.00","0.00",""" title=""Overlapping EnrichrSubstrates"" data-content=""TLK2 targets 1 genes from the input gene list.The full list of substrates is available below:HSPA4"" style=""cursor: pointer; text-decoration: underline dotted;"">1 substrates"
"199","TRIB3","0.2578","0.00","0.00",""" title=""Overlapping EnrichrSubstrates"" data-content=""TRIB3 targets 1 genes from the input gene list.The full list of substrates is available below:FOXH1"" style=""cursor: pointer; text-decoration: underline dotted;"">1 substrates"
"200","MAPK15","0.2578","0.00","0.00",""" title=""Overlapping EnrichrSubstrates"" data-content=""MAPK15 targets 1 genes from the input gene list.The full list of substrates is available below:JUN"" style=""cursor: pointer; text-decoration: underline dotted;"">1 substrates"
"201","TYK2","0.2673","0.00","0.00",""" title=""Overlapping EnrichrSubstrates"" data-content=""TYK2 targets 2 genes from the input gene list.The full list of substrates is available below:STAT3 NFKB1"" style=""cursor: pointer; text-decoration: underline dotted;"">2 substrates"
"202","EIF2AK1","0.2678","0.00","0.00",""" title=""Overlapping EnrichrSubstrates"" data-content=""EIF2AK1 targets 1 genes from the input gene list.The full list of substrates is available below:HSPA1A"" style=""cursor: pointer; text-decoration: underline dotted;"">1 substrates"
"203","HIPK1","0.2678","0.00","0.00",""" title=""Overlapping EnrichrSubstrates"" data-content=""HIPK1 targets 1 genes from the input gene list.The full list of substrates is available below:DAXX"" style=""cursor: pointer; text-decoration: underline dotted;"">1 substrates"
"204","STK10","0.2678","0.00","0.00",""" title=""Overlapping EnrichrSubstrates"" data-content=""STK10 targets 1 genes from the input gene list.The full list of substrates is available below:PLK1"" style=""cursor: pointer; text-decoration: underline dotted;"">1 substrates"
"205","MAP3K10","0.2678","0.00","0.00",""" title=""Overlapping EnrichrSubstrates"" data-content=""MAP3K10 targets 1 genes from the input gene list.The full list of substrates is available below:TCF3"" style=""cursor: pointer; text-decoration: underline dotted;"">1 substrates"
"206","TLK1","0.2678","0.00","0.00",""" title=""Overlapping EnrichrSubstrates"" data-content=""TLK1 targets 1 genes from the input gene list.The full list of substrates is available below:ATM"" style=""cursor: pointer; text-decoration: underline dotted;"">1 substrates"
"207","SIK1","0.2678","0.00","0.00",""" title=""Overlapping EnrichrSubstrates"" data-content=""SIK1 targets 1 genes from the input gene list.The full list of substrates is available below:NCOR2"" style=""cursor: pointer; text-decoration: underline dotted;"">1 substrates"
"208","CAMKK2","0.2678","0.00","0.00",""" title=""Overlapping EnrichrSubstrates"" data-content=""CAMKK2 targets 1 genes from the input gene list.The full list of substrates is available below:AKT1"" style=""cursor: pointer; text-decoration: underline dotted;"">1 substrates"
"209","MAP4K4","0.2678","0.00","0.00",""" title=""Overlapping EnrichrSubstrates"" data-content=""MAP4K4 targets 1 genes from the input gene list.The full list of substrates is available below:SMARCA4"" style=""cursor: pointer; text-decoration: underline dotted;"">1 substrates"
"210","PKCALPHA","0.2690","0.00","0.00",""" title=""Overlapping EnrichrSubstrates"" data-content=""PKCALPHA targets 3 genes from the input gene list.The full list of substrates is available below:MYC NFKB1 GSK3B"" style=""cursor: pointer; text-decoration: underline dotted;"">3 substrates"
"211","CDK16","0.2777","0.00","0.00",""" title=""Overlapping EnrichrSubstrates"" data-content=""CDK16 targets 1 genes from the input gene list.The full list of substrates is available below:SMARCA4"" style=""cursor: pointer; text-decoration: underline dotted;"">1 substrates"
"212","FRK","0.2777","0.00","0.00",""" title=""Overlapping EnrichrSubstrates"" data-content=""FRK targets 1 genes from the input gene list.The full list of substrates is available below:FOS"" style=""cursor: pointer; text-decoration: underline dotted;"">1 substrates"
"213","CSNK1G2","0.2777","0.00","0.00",""" title=""Overlapping EnrichrSubstrates"" data-content=""CSNK1G2 targets 1 genes from the input gene list.The full list of substrates is available below:EHMT2"" style=""cursor: pointer; text-decoration: underline dotted;"">1 substrates"
"214","CSNK1G1","0.2777","0.00","0.00",""" title=""Overlapping EnrichrSubstrates"" data-content=""CSNK1G1 targets 1 genes from the input gene list.The full list of substrates is available below:RELA"" style=""cursor: pointer; text-decoration: underline dotted;"">1 substrates"
"215","DYRK3","0.2777","0.00","0.00",""" title=""Overlapping EnrichrSubstrates"" data-content=""DYRK3 targets 1 genes from the input gene list.The full list of substrates is available below:SIRT1"" style=""cursor: pointer; text-decoration: underline dotted;"">1 substrates"
"216","BARK1","0.2873","0.00","0.00",""" title=""Overlapping EnrichrSubstrates"" data-content=""BARK1 targets 2 genes from the input gene list.The full list of substrates is available below:AR HDAC5"" style=""cursor: pointer; text-decoration: underline dotted;"">2 substrates"
"217","RPS6KA4","0.2875","0.00","0.00",""" title=""Overlapping EnrichrSubstrates"" data-content=""RPS6KA4 targets 1 genes from the input gene list.The full list of substrates is available below:RELA"" style=""cursor: pointer; text-decoration: underline dotted;"">1 substrates"
"218","NUAK1","0.2875","0.00","0.00",""" title=""Overlapping EnrichrSubstrates"" data-content=""NUAK1 targets 1 genes from the input gene list.The full list of substrates is available below:CDKN1A"" style=""cursor: pointer; text-decoration: underline dotted;"">1 substrates"
"219","CAMKK1","0.2875","0.00","0.00",""" title=""Overlapping EnrichrSubstrates"" data-content=""CAMKK1 targets 1 genes from the input gene list.The full list of substrates is available below:AKT1"" style=""cursor: pointer; text-decoration: underline dotted;"">1 substrates"
"220","PAK5","0.2875","0.00","0.00",""" title=""Overlapping EnrichrSubstrates"" data-content=""PAK5 targets 1 genes from the input gene list.The full list of substrates is available below:TCF3"" style=""cursor: pointer; text-decoration: underline dotted;"">1 substrates"
"221","MYLK","0.2971","0.00","0.00",""" title=""Overlapping EnrichrSubstrates"" data-content=""MYLK targets 1 genes from the input gene list.The full list of substrates is available below:PAK1"" style=""cursor: pointer; text-decoration: underline dotted;"">1 substrates"
"222","NEK1","0.2971","0.00","0.00",""" title=""Overlapping EnrichrSubstrates"" data-content=""NEK1 targets 1 genes from the input gene list.The full list of substrates is available below:VHL"" style=""cursor: pointer; text-decoration: underline dotted;"">1 substrates"
"223","EPHB3","0.2971","0.00","0.00",""" title=""Overlapping EnrichrSubstrates"" data-content=""EPHB3 targets 1 genes from the input gene list.The full list of substrates is available below:SMARCA4"" style=""cursor: pointer; text-decoration: underline dotted;"">1 substrates"
"224","VRK1","0.3065","0.00","0.00",""" title=""Overlapping EnrichrSubstrates"" data-content=""VRK1 targets 1 genes from the input gene list.The full list of substrates is available below:JUN"" style=""cursor: pointer; text-decoration: underline dotted;"">1 substrates"
"225","RPS6KA2","0.3065","0.00","0.00",""" title=""Overlapping EnrichrSubstrates"" data-content=""RPS6KA2 targets 1 genes from the input gene list.The full list of substrates is available below:GSK3B"" style=""cursor: pointer; text-decoration: underline dotted;"">1 substrates"
"226","MOS","0.3065","0.00","0.00",""" title=""Overlapping EnrichrSubstrates"" data-content=""MOS targets 1 genes from the input gene list.The full list of substrates is available below:HSPA4"" style=""cursor: pointer; text-decoration: underline dotted;"">1 substrates"
"227","ILK","0.3065","0.00","0.00",""" title=""Overlapping EnrichrSubstrates"" data-content=""ILK targets 1 genes from the input gene list.The full list of substrates is available below:AKT1"" style=""cursor: pointer; text-decoration: underline dotted;"">1 substrates"
"228","CK1EPSILON","0.3159","0.00","0.00",""" title=""Overlapping EnrichrSubstrates"" data-content=""CK1EPSILON targets 1 genes from the input gene list.The full list of substrates is available below:PLK1"" style=""cursor: pointer; text-decoration: underline dotted;"">1 substrates"
"229","CLK2","0.3159","0.00","0.00",""" title=""Overlapping EnrichrSubstrates"" data-content=""CLK2 targets 1 genes from the input gene list.The full list of substrates is available below:ASXL1"" style=""cursor: pointer; text-decoration: underline dotted;"">1 substrates"
"230","RPS6KB2","0.3159","0.00","0.00",""" title=""Overlapping EnrichrSubstrates"" data-content=""RPS6KB2 targets 1 genes from the input gene list.The full list of substrates is available below:GSK3B"" style=""cursor: pointer; text-decoration: underline dotted;"">1 substrates"
"231","CDC7","0.3251","0.00","0.00",""" title=""Overlapping EnrichrSubstrates"" data-content=""CDC7 targets 1 genes from the input gene list.The full list of substrates is available below:NPM1"" style=""cursor: pointer; text-decoration: underline dotted;"">1 substrates"
"232","SGK3","0.3251","0.00","0.00",""" title=""Overlapping EnrichrSubstrates"" data-content=""SGK3 targets 1 genes from the input gene list.The full list of substrates is available below:GSK3B"" style=""cursor: pointer; text-decoration: underline dotted;"">1 substrates"
"233","IRAK1","0.3251","0.00","0.00",""" title=""Overlapping EnrichrSubstrates"" data-content=""IRAK1 targets 1 genes from the input gene list.The full list of substrates is available below:STAT3"" style=""cursor: pointer; text-decoration: underline dotted;"">1 substrates"
"234","JAK3","0.3342","0.00","0.00",""" title=""Overlapping EnrichrSubstrates"" data-content=""JAK3 targets 1 genes from the input gene list.The full list of substrates is available below:EZH2"" style=""cursor: pointer; text-decoration: underline dotted;"">1 substrates"
"235","BMX","0.3342","0.00","0.00",""" title=""Overlapping EnrichrSubstrates"" data-content=""BMX targets 1 genes from the input gene list.The full list of substrates is available below:PAK1"" style=""cursor: pointer; text-decoration: underline dotted;"">1 substrates"
"236","LKB1","0.3342","0.00","0.00",""" title=""Overlapping EnrichrSubstrates"" data-content=""LKB1 targets 1 genes from the input gene list.The full list of substrates is available below:PPARGC1A"" style=""cursor: pointer; text-decoration: underline dotted;"">1 substrates"
"237","EPHA1","0.3342","0.00","0.00",""" title=""Overlapping EnrichrSubstrates"" data-content=""EPHA1 targets 1 genes from the input gene list.The full list of substrates is available below:FOXH1"" style=""cursor: pointer; text-decoration: underline dotted;"">1 substrates"
"238","PTK6","0.3342","0.00","0.00",""" title=""Overlapping EnrichrSubstrates"" data-content=""PTK6 targets 1 genes from the input gene list.The full list of substrates is available below:AKT1"" style=""cursor: pointer; text-decoration: underline dotted;"">1 substrates"
"239","PRKCH","0.3432","0.00","0.00",""" title=""Overlapping EnrichrSubstrates"" data-content=""PRKCH targets 1 genes from the input gene list.The full list of substrates is available below:GSK3B"" style=""cursor: pointer; text-decoration: underline dotted;"">1 substrates"
"240","PDK1","0.3432","0.00","0.00",""" title=""Overlapping EnrichrSubstrates"" data-content=""PDK1 targets 1 genes from the input gene list.The full list of substrates is available below:AKT1"" style=""cursor: pointer; text-decoration: underline dotted;"">1 substrates"
"241","EEF2K","0.3432","0.00","0.00",""" title=""Overlapping EnrichrSubstrates"" data-content=""EEF2K targets 1 genes from the input gene list.The full list of substrates is available below:MAPKAPK2"" style=""cursor: pointer; text-decoration: underline dotted;"">1 substrates"
"242","PKN1","0.3521","0.00","0.00",""" title=""Overlapping EnrichrSubstrates"" data-content=""PKN1 targets 1 genes from the input gene list.The full list of substrates is available below:HDAC5"" style=""cursor: pointer; text-decoration: underline dotted;"">1 substrates"
"243","NEK6","0.3521","0.00","0.00",""" title=""Overlapping EnrichrSubstrates"" data-content=""NEK6 targets 1 genes from the input gene list.The full list of substrates is available below:STAT3"" style=""cursor: pointer; text-decoration: underline dotted;"">1 substrates"
"244","LRRK2","0.3521","0.00","0.00",""" title=""Overlapping EnrichrSubstrates"" data-content=""LRRK2 targets 1 genes from the input gene list.The full list of substrates is available below:AKT1"" style=""cursor: pointer; text-decoration: underline dotted;"">1 substrates"
"245","CAMK1","0.3521","0.00","0.00",""" title=""Overlapping EnrichrSubstrates"" data-content=""CAMK1 targets 1 genes from the input gene list.The full list of substrates is available below:HDAC5"" style=""cursor: pointer; text-decoration: underline dotted;"">1 substrates"
"246","EIF2AK2","0.3608","0.00","0.00",""" title=""Overlapping EnrichrSubstrates"" data-content=""EIF2AK2 targets 1 genes from the input gene list.The full list of substrates is available below:CHUK"" style=""cursor: pointer; text-decoration: underline dotted;"">1 substrates"
"247","LYN","0.3648","0.00","0.00",""" title=""Overlapping EnrichrSubstrates"" data-content=""LYN targets 3 genes from the input gene list.The full list of substrates is available below:TRIM28 MYC PPP2CA"" style=""cursor: pointer; text-decoration: underline dotted;"">3 substrates"
"248","EPHB1","0.3695","0.00","0.00",""" title=""Overlapping EnrichrSubstrates"" data-content=""EPHB1 targets 1 genes from the input gene list.The full list of substrates is available below:STAT3"" style=""cursor: pointer; text-decoration: underline dotted;"">1 substrates"
"249","DAPK3","0.3780","0.00","0.00",""" title=""Overlapping EnrichrSubstrates"" data-content=""DAPK3 targets 1 genes from the input gene list.The full list of substrates is available below:CDKN1A"" style=""cursor: pointer; text-decoration: underline dotted;"">1 substrates"
"250","CSK","0.3780","0.00","0.00",""" title=""Overlapping EnrichrSubstrates"" data-content=""CSK targets 1 genes from the input gene list.The full list of substrates is available below:PML"" style=""cursor: pointer; text-decoration: underline dotted;"">1 substrates"
"251","FGFR1","0.3947","0.00","0.00",""" title=""Overlapping EnrichrSubstrates"" data-content=""FGFR1 targets 1 genes from the input gene list.The full list of substrates is available below:FOXH1"" style=""cursor: pointer; text-decoration: underline dotted;"">1 substrates"
"252","PKG1CGKI","0.3947","0.00","0.00",""" title=""Overlapping EnrichrSubstrates"" data-content=""PKG1CGKI targets 1 genes from the input gene list.The full list of substrates is available below:SP1"" style=""cursor: pointer; text-decoration: underline dotted;"">1 substrates"
"253","MAP2K7","0.4267","0.00","0.00",""" title=""Overlapping EnrichrSubstrates"" data-content=""MAP2K7 targets 1 genes from the input gene list.The full list of substrates is available below:PAK1"" style=""cursor: pointer; text-decoration: underline dotted;"">1 substrates"
"254","PDGFRBETA","0.4267","0.00","0.00",""" title=""Overlapping EnrichrSubstrates"" data-content=""PDGFRBETA targets 1 genes from the input gene list.The full list of substrates is available below:STAT3"" style=""cursor: pointer; text-decoration: underline dotted;"">1 substrates"
"255","HCK","0.4267","0.00","0.00",""" title=""Overlapping EnrichrSubstrates"" data-content=""HCK targets 1 genes from the input gene list.The full list of substrates is available below:TBK1"" style=""cursor: pointer; text-decoration: underline dotted;"">1 substrates"
"256","KIT","0.4267","0.00","0.00",""" title=""Overlapping EnrichrSubstrates"" data-content=""KIT targets 1 genes from the input gene list.The full list of substrates is available below:STAT3"" style=""cursor: pointer; text-decoration: underline dotted;"">1 substrates"
"257","DYRK1A","0.4345","0.00","0.00",""" title=""Overlapping EnrichrSubstrates"" data-content=""DYRK1A targets 1 genes from the input gene list.The full list of substrates is available below:SIRT1"" style=""cursor: pointer; text-decoration: underline dotted;"">1 substrates"
"258","ABL2","0.4345","0.00","0.00",""" title=""Overlapping EnrichrSubstrates"" data-content=""ABL2 targets 1 genes from the input gene list.The full list of substrates is available below:CEBPB"" style=""cursor: pointer; text-decoration: underline dotted;"">1 substrates"
"259","MET","0.4496","0.00","0.00",""" title=""Overlapping EnrichrSubstrates"" data-content=""MET targets 1 genes from the input gene list.The full list of substrates is available below:PARP1"" style=""cursor: pointer; text-decoration: underline dotted;"">1 substrates"
"260","MAP2K6","0.4571","0.00","0.00",""" title=""Overlapping EnrichrSubstrates"" data-content=""MAP2K6 targets 1 genes from the input gene list.The full list of substrates is available below:FOXH1"" style=""cursor: pointer; text-decoration: underline dotted;"">1 substrates"
"261","PRKD2","0.4644","0.00","0.00",""" title=""Overlapping EnrichrSubstrates"" data-content=""PRKD2 targets 1 genes from the input gene list.The full list of substrates is available below:HDAC5"" style=""cursor: pointer; text-decoration: underline dotted;"">1 substrates"
"262","PRKCG","0.4788","0.00","0.00",""" title=""Overlapping EnrichrSubstrates"" data-content=""PRKCG targets 1 genes from the input gene list.The full list of substrates is available below:GSK3B"" style=""cursor: pointer; text-decoration: underline dotted;"">1 substrates"
"263","PAK4","0.4859","0.00","0.00",""" title=""Overlapping EnrichrSubstrates"" data-content=""PAK4 targets 1 genes from the input gene list.The full list of substrates is available below:ESR1"" style=""cursor: pointer; text-decoration: underline dotted;"">1 substrates"
"264","PKABETA","0.4997","0.00","0.00",""" title=""Overlapping EnrichrSubstrates"" data-content=""PKABETA targets 1 genes from the input gene list.The full list of substrates is available below:AR"" style=""cursor: pointer; text-decoration: underline dotted;"">1 substrates"
"265","FGR","0.5064","0.00","0.00",""" title=""Overlapping EnrichrSubstrates"" data-content=""FGR targets 1 genes from the input gene list.The full list of substrates is available below:TBK1"" style=""cursor: pointer; text-decoration: underline dotted;"">1 substrates"
"266","CK1DELTA","0.5262","0.00","0.00",""" title=""Overlapping EnrichrSubstrates"" data-content=""CK1DELTA targets 1 genes from the input gene list.The full list of substrates is available below:PLK1"" style=""cursor: pointer; text-decoration: underline dotted;"">1 substrates"
"267","IGF1R","0.5262","0.00","0.00",""" title=""Overlapping EnrichrSubstrates"" data-content=""IGF1R targets 1 genes from the input gene list.The full list of substrates is available below:FOS"" style=""cursor: pointer; text-decoration: underline dotted;"">1 substrates"
"268","PLK4","0.5326","0.00","0.00",""" title=""Overlapping EnrichrSubstrates"" data-content=""PLK4 targets 1 genes from the input gene list.The full list of substrates is available below:PLK1"" style=""cursor: pointer; text-decoration: underline dotted;"">1 substrates"
"269","ERBB3","0.5514","0.00","0.00",""" title=""Overlapping EnrichrSubstrates"" data-content=""ERBB3 targets 1 genes from the input gene list.The full list of substrates is available below:AKT1"" style=""cursor: pointer; text-decoration: underline dotted;"">1 substrates"
"270","CAMKIIALPHA","0.5634","0.00","0.00",""" title=""Overlapping EnrichrSubstrates"" data-content=""CAMKIIALPHA targets 1 genes from the input gene list.The full list of substrates is available below:CEBPB"" style=""cursor: pointer; text-decoration: underline dotted;"">1 substrates"
"271","TGFBR1","0.5634","0.00","0.00",""" title=""Overlapping EnrichrSubstrates"" data-content=""TGFBR1 targets 1 genes from the input gene list.The full list of substrates is available below:PPP1CA"" style=""cursor: pointer; text-decoration: underline dotted;"">1 substrates"
"272","SGK1","0.5922","0.00","0.00",""" title=""Overlapping EnrichrSubstrates"" data-content=""SGK1 targets 1 genes from the input gene list.The full list of substrates is available below:MAPK1"" style=""cursor: pointer; text-decoration: underline dotted;"">1 substrates"
"273","PRKCQ","0.5977","0.00","0.00",""" title=""Overlapping EnrichrSubstrates"" data-content=""PRKCQ targets 1 genes from the input gene list.The full list of substrates is available below:CHUK"" style=""cursor: pointer; text-decoration: underline dotted;"">1 substrates"
"274","FYN","0.7426","0.00","0.00",""" title=""Overlapping EnrichrSubstrates"" data-content=""FYN targets 2 genes from the input gene list.The full list of substrates is available below:FOS NFE2L2"" style=""cursor: pointer; text-decoration: underline dotted;"">2 substrates"