hgnc_symbol	ENTREZID	cell_type	sensory	ligand	num_sources_extracell	sources_extracell	sn_nb_ec1	sn_nb_ec1_r	sn_nb_r	logFC	AveExpr	adj.P.Val	P.Value	t	B	diseases_mm_conf	diseases_mm_source	diseases_mm_conf_tm	num_sources_bone	num_sources_pain	sources_bone	sources_pain	query.term	display.name	target..development.level	target..family	stringdb..database.identifier
SLC44A2		true	true	false	3	human_compartment_extra_region_GO0005576 | location_membrane_predicted | surfaceome_insilico_fulllist													0	0			Q8IWA5	SLC44A2	Tbio	Transporter	9606.ENSP00000336888
ZNF217		true	true	false	0		true	true	true										0	0			O75362	ZNF217	Tbio	TF	9606.ENSP00000360526
TFR2		true	true	false	2	human_compartment_plasma_membr_GO0005886 | location_membrane_predicted	true	true	true										1	0	glad4u_bone_degradation		Q9UP52	TFR2	Tbio	Enzyme	9606.ENSP00000420525
TCEA3		true	true	false	0														0	0			O75764	TCEA3	Tbio		9606.ENSP00000406293
GALNT18		true	true	false	1	location_membrane_predicted													0	0			Q6P9A2	GALNT18	Tbio	Enzyme	9606.ENSP00000227756
SNPH		true	true	false	1	location_membrane_predicted													0	0			O15079	SNPH	Tbio		9606.ENSP00000371297
MIF	4282	true	true	false	3	human_compartment_extra_region_GO0005576 | human_compartment_extra_space_GO0005615 | location_secreted_all	true	true	true	0.839156338791868	8.59591980230676	0.0238795843110323	0.000133005947500607	5.34589422969861	1.34592933956894	0		1.289	1	2	C0029453_disease_gda_osteopenia	pain_genes_PMID_27548044 | pain_related_genes	P14174	MIF	Tchem		9606.ENSP00000215754
PRELID2		true	true	false	0														0	0			Q8N945	PRELID2	Tdark		9606.ENSP00000335675
PIH1D1	55011	true	true	false	0		true			0.658704724527086	8.46429921530441	0.0373486299531945	0.000698408660459688	4.41498744714657	-0.205373921549551	0		0	0	0			Q9NWS0	PIH1D1	Tbio		9606.ENSP00000262265
VANGL1	81839	true	true	true	1	location_membrane_predicted	true			1.11225436824763	6.91874290940464	0.0287616507556898	0.000268448459067944	4.94392226947527	0.691486117139442	0		0	0	0			Q8TAA9	VANGL1	Tbio		9606.ENSP00000347672
PLEKHA8		true	true	false	0		true												0	0			Q96JA3	PLEKHA8	Tbio		9606.ENSP00000397947
FAM210A		true	true	false	1	location_membrane_predicted													1	0	glad4u_bone_mineral_density		Q96ND0	FAM210A	Tdark		9606.ENSP00000323635
OSMR		true	true	false	3	location_membrane_predicted | location_secreted_all | surfaceome_insilico_fulllist	true	true	true										0	0			Q99650	OSMR	Tbio		9606.ENSP00000274276
DHRS11		true	true	false	3	data_SPDI_secreted_transmembrane | human_compartment_extra_region_GO0005576 | location_secreted_all													0	0			Q6UWP2	DHRS11	Tbio	Enzyme	9606.ENSP00000482704
C4orf3		true	true	false	2	human_compartment_plasma_membr_GO0005886 | location_membrane_predicted													0	0			Q8WVX3	ENSP00000382026			9606.ENSP00000382026
BNIP3L		true	true	false	1	location_membrane_predicted	true												0	0			O60238	BNIP3L	Tbio		9606.ENSP00000370003
ADAT1		true	true	false	0														0	0			Q9BUB4	ADAT1	Tbio	Enzyme	9606.ENSP00000310015
STRADA		true	true	false	0		true												0	0			Q7RTN6	STRADA	Tbio	Kinase	9606.ENSP00000336655
POLD4		true	true	false	0														0	0			Q9HCU8	POLD4	Tdark	Enzyme	9606.ENSP00000311368
UBE2R2		true	true	false	0		true												0	0			Q712K3	UBE2R2	Tbio		9606.ENSP00000263228
NIM1K		true	true	false	1	location_membrane_predicted													0	0			Q8IY84	NIM1K	Tchem	Kinase	9606.ENSP00000420849
NRN1	51299	true	true	false	2	location_membrane_predicted | surfaceome_insilico_fulllist				-0.961940691529063	3.59833474453399	0.0948650915660809	0.00713457509524262	-3.18779590314269	-2.39059136161008	0		0	0	3		glad4u_axon_growth | pain_genes_PMID_23567662 | pain_genes_PMID_27548044	Q9NPD7	NRN1	Tbio		9606.ENSP00000480483
DHCR24		true	true	false	1	location_membrane_predicted	true												0	0			Q15392	DHCR24	Tbio	Enzyme	9606.ENSP00000360316
MYRIP		true	true	false	0		true	true	true										0	0			Q8NFW9	MYRIP	Tbio		9606.ENSP00000301972
KAT6B		true	true	false	0		true												0	0			Q8WYB5	KAT6B	Tbio	Epigenetic	9606.ENSP00000287239
STAT3	6774	true	true	false	1	human_compartment_extra_region_GO0005576	true	true	true	0.463357518208417	8.31128787824981	0.0768605528327757	0.00469441591388993	3.40539973348899	-1.99853057440681	0		2.833	2	3	C0029453_disease_gda_osteopenia | C0238790_disease_gda_bone_destruction	C0020429_disease_gda_hyperalgesia | C0030193_disease_gda_pain | C0151825_disease_gda_bone_pain	P40763	STAT3	Tchem	TF	9606.ENSP00000264657
MLLT1		true	true	false	0		true												0	0			Q03111	MLLT1	Tbio		9606.ENSP00000252674
RFTN1		true	true	false	0														0	0			Q14699	RFTN1	Tbio		9606.ENSP00000334153
DSCC1		true	true	false	0		true												0	0			Q9BVC3	DSCC1	Tbio		9606.ENSP00000322180
KCNK6		true	true	false	1	location_membrane_predicted													0	0			Q9Y257	KCNK6	Tbio	IC	9606.ENSP00000263372
TBC1D22A		true	true	false	0														0	0			Q8WUA7	TBC1D22A	Tbio		9606.ENSP00000336724
CCNE2		true	true	false	0		true												1	0	tissue_category_rna_bone		O96020	CCNE2	Tbio		9606.ENSP00000429089
UBR5	51366	true	true	false	0		true			-0.563924888283482	9.92756118738107	0.0259950911325135	0.000170628118940183	-5.20187268935616	1.11431264456692	0		0	0	0			O95071	UBR5	Tbio	Enzyme	9606.ENSP00000429084
NXPE3		true	true	false	2	data_SPDI_secreted_transmembrane | location_secreted_all													0	0			Q969Y0	NXPE3	Tdark		9606.ENSP00000396421
HAUS8		true	true	false	0														0	0			Q9BT25	HAUS8	Tbio		9606.ENSP00000253669
SPECC1L		true	true	false	0														0	1		human_pain_genetics	Q69YQ0	SPECC1L	Tbio		9606.ENSP00000325785
ITGAE		true	true	false	4	human_compartment_extra_region_GO0005576 | human_compartment_plasma_membr_GO0005886 | location_membrane_predicted | surfaceome_insilico_fulllist	true	true	true										0	0			P38570	ITGAE	Tbio		9606.ENSP00000263087
FAM13A	10144	true	true	false	0					-0.615785967212232	6.91404145584798	0.0370334717940434	0.00066188727761596	-4.44420696079768	-0.154867750469121	0		0	0	0			O94988	FAM13A	Tbio		9606.ENSP00000264344
ADAL		true	true	false	0														0	0			Q6DHV7	ADAL	Tbio	Enzyme	9606.ENSP00000398744
TSEN34		true	true	false	0														0	0			Q9BSV6	TSEN34	Tdark	Enzyme	9606.ENSP00000397402
LSM5		true	true	false	1	human_compartment_extra_region_GO0005576	true												0	0			Q9Y4Y9	LSM5	Tbio		9606.ENSP00000410758
DDX41	51428	true	true	false	0					0.592569265511147	8.98711582629152	0.0589918144929218	0.00232328379734876	3.77320995086279	-1.3371621544806	0		0	0	0			Q9UJV9	DDX41	Tbio	Enzyme	9606.ENSP00000422753
ZNF618		true	true	false	0														0	0			Q5T7W0	ZNF618	Tdark		9606.ENSP00000288466
PRPS1		true	true	false	1	location_membrane_predicted													0	1		C0030193_disease_gda_pain	P60891	PRPS1	Tbio	Kinase	9606.ENSP00000361512
ZMYND8	23613	true	true	false	0		true			0.551638964509337	8.52033843189952	0.035157686958103	0.000549531420628937	4.54583611871591	0.0199726182459052	0		0	0	0			Q9ULU4	ZMYND8	Tbio	Epigenetic	9606.ENSP00000420095
FAM162A		true	true	false	1	location_membrane_predicted													0	0			Q96A26	FAM162A	Tbio		9606.ENSP00000419088
PHF21A		true	true	false	0		true												0	0			Q96BD5	PHF21A	Tbio	Epigenetic	9606.ENSP00000398824
NFIA		true	true	false	0														0	0			Q12857	NFIA	Tbio	TF	9606.ENSP00000360231
GRAMD1C		true	true	false	3	data_SPDI_secreted_transmembrane | human_compartment_plasma_membr_GO0005886 | location_membrane_predicted													0	0			Q8IYS0	GRAMD1C	Tdark		9606.ENSP00000350881
GSE1		true	true	false	0		true												0	0			Q14687	GSE1	Tdark		9606.ENSP00000253458
CBLB		true	true	false	0		true	true	true										0	0			Q13191	CBLB	Tbio	Enzyme	9606.ENSP00000264122
SYTL3		true	true	true	1	human_compartment_plasma_membr_GO0005886	true												0	0			Q4VX76	SYTL3	Tbio		9606.ENSP00000483936
ABHD6		true	true	false	1	location_membrane_predicted													0	0			Q9BV23	ABHD6	Tchem	Enzyme	9606.ENSP00000420315
TPMT		true	true	false	0														0	0			P51580	TPMT	Tchem	Enzyme	9606.ENSP00000312304
HDAC3		true	true	false	0		true	true	true										1	0	glad4u_osteoblast_differentiation		O15379	HDAC3	Tclin	Epigenetic	9606.ENSP00000302967
RDH10		true	true	false	2	data_SPDI_secreted_transmembrane | location_membrane_predicted													0	0			Q8IZV5	RDH10	Tbio	Enzyme	9606.ENSP00000240285
DPH7		true	true	false	0														0	0			Q9BTV6	DPH7	Tbio	Enzyme	9606.ENSP00000277540
WDR73		true	true	false	0														0	0			Q6P4I2	WDR73	Tbio		9606.ENSP00000387982
ATG4A		true	true	false	0		true												0	0			Q8WYN0	ATG4A	Tbio	Enzyme	9606.ENSP00000361306
GBE1		true	true	false	0														0	1		glad4u_axon_guidance	Q04446	GBE1	Tbio	Enzyme	9606.ENSP00000410833
NCOR2		true	true	false	0		true	true	true										0	0			Q9Y618	NCOR2	Tchem	TF	9606.ENSP00000384018
DERA		true	true	false	1	human_compartment_extra_region_GO0005576	true												0	0			Q9Y315	DERA	Tbio	Enzyme	9606.ENSP00000416583
PRADC1		true	true	false	2	data_SPDI_secreted_transmembrane | location_secreted_all													0	0			Q9BSG0	PRADC1	Tdark	Enzyme	9606.ENSP00000258083
CSTF2T		true	true	false	0		true												0	0			Q9H0L4	CSTF2T	Tbio		9606.ENSP00000332444
B3GALT6		true	true	false	0														0	0			Q96L58	B3GALT6	Tbio	Enzyme	9606.ENSP00000368496
PPME1		true	true	false	0		true												0	0			Q9Y570	PPME1	Tchem	Enzyme	9606.ENSP00000381461
FGD6		true	true	false	0														0	0			Q6ZV73	FGD6	Tdark		9606.ENSP00000344446
MXI1		true	true	false	0		true	true	true										0	0			P50539	MXI1	Tbio	TF	9606.ENSP00000331152
SEMA4B		true	true	true	3	data_SPDI_secreted_transmembrane | human_compartment_plasma_membr_GO0005886 | surfaceome_insilico_fulllist													0	2		glad4u_axon_growth | go_terms_genes_neuron	Q9NPR2	SEMA4B	Tbio		9606.ENSP00000394720
TRIT1		true	true	false	0														0	0			Q9H3H1	TRIT1	Tbio	Enzyme	9606.ENSP00000321810
SLC35D1		true	true	false	1	location_membrane_predicted													0	0			Q9NTN3	SLC35D1	Tbio	Transporter	9606.ENSP00000235345
WDR54		true	true	false	0														0	0			Q9H977	WDR54	Tdark		9606.ENSP00000006526
FIGN		true	true	false	0														0	0			Q5HY92	FIGN	Tbio	Enzyme	9606.ENSP00000333836
LMO3		true	true	false	0														0	0			Q8TAP4	LMO3	Tbio		9606.ENSP00000442786
PAQR4		true	true	false	1	location_membrane_predicted													0	0			Q8N4S7	PAQR4	Tdark		9606.ENSP00000321804
RAPGEF4		true	true	false	0		true												0	1		C0020429_disease_gda_hyperalgesia	Q8WZA2	RAPGEF4	Tchem		9606.ENSP00000380271
SIGIRR		true	true	false	4	data_SPDI_secreted_transmembrane | human_compartment_plasma_membr_GO0005886 | location_membrane_predicted | surfaceome_insilico_fulllist	true	true	true										0	0			Q6IA17	SIGIRR	Tbio		9606.ENSP00000403104
EPOR		true	true	false	4	human_compartment_plasma_membr_GO0005886 | location_membrane_predicted | location_secreted_all | surfaceome_insilico_fulllist	true	true	true										1	0	glad4u_bone_degradation		P19235	EPOR	Tclin		9606.ENSP00000222139
SLCO3A1		true	true	false	3	human_compartment_plasma_membr_GO0005886 | location_membrane_predicted | surfaceome_insilico_fulllist													0	0			Q9UIG8	SLCO3A1	Tbio	Transporter	9606.ENSP00000320634
NEXN		true	true	false	1	human_compartment_plasma_membr_GO0005886	true	true	true										0	1		go_terms_genes_neuron	Q0ZGT2	NEXN	Tbio		9606.ENSP00000333938
GPR146		true	true	false	2	location_membrane_predicted | surfaceome_insilico_fulllist													0	0			Q96CH1	GPR146	Tdark	GPCR	9606.ENSP00000380283
PITHD1		true	true	false	0														0	0			Q9GZP4	PITHD1	Tdark		9606.ENSP00000246151
PFKP		true	true	false	1	human_compartment_extra_space_GO0005615	true												0	0			Q01813	PFKP	Tbio	Kinase	9606.ENSP00000370517
KDM5B		true	true	false	0		true	true	true										0	0			Q9UGL1	KDM5B	Tchem	TF; Epigenetic	9606.ENSP00000356234
NAV1		true	true	false	0														0	1		glad4u_axon_growth	Q8NEY1	NAV1	Tbio		9606.ENSP00000356265
PTPN21		true	true	false	0		true	true	true										0	0			Q16825	PTPN21	Tbio	Enzyme	9606.ENSP00000452414
TMEM104		true	true	false	3	human_compartment_plasma_membr_GO0005886 | location_membrane_predicted | surfaceome_insilico_fulllist													0	0			Q8NE00	TMEM104	Tdark		9606.ENSP00000334849
TBL2		true	true	false	1	location_secreted_all													2	0	C0029453_disease_gda_osteopenia | C0029464_disease_gda_osteosclerosis		Q9Y4P3	TBL2	Tbio		9606.ENSP00000307260
PPFIA4		true	true	false	0		true	true	true										0	0			O75335	PPFIA4	Tdark		9606.ENSP00000272198
ZNF667		true	true	false	0														0	0			Q5HYK9	ZNF667	Tbio	TF	9606.ENSP00000439402
CDIP1		true	true	false	1	location_membrane_predicted	true												0	0			Q9H305	CDIP1	Tbio	TF	9606.ENSP00000382508
SMAGP		true	true	false	1	location_membrane_predicted													0	0			Q0VAQ4	SMAGP	Tdark		9606.ENSP00000475068
TMOD2		true	true	false	0		true												0	0			Q9NZR1	TMOD2	Tbio		9606.ENSP00000249700
AK2		true	true	false	0														0	0			P54819	AK2	Tbio	Kinase	9606.ENSP00000346921
MRPL15	29088	true	true	false	0		true			0.405289897725515	9.1569607708082	0.0510557350861538	0.00165468376527512	3.95235652782161	-1.01751980553381	0		0	0	0			Q9P015	MRPL15	Tdark		9606.ENSP00000260102
PGF	5228	true	true	true	2	human_compartment_extra_space_GO0005615 | location_secreted_all	true	true	true	-0.550772587043582	8.17986543562447	0.061578048215149	0.00254201195478907	-3.72592935689399	-1.42187083264549	0		1.312	0	1		C0030193_disease_gda_pain	P49763	PGF	Tclin		9606.ENSP00000451040
PIK3R3		true	true	false	0		true	true	true										0	0			Q92569	PIK3R3	Tbio	Enzyme	9606.ENSP00000262741
FBXW2		true	true	false	0		true												0	0			Q9UKT8	FBXW2	Tbio		9606.ENSP00000476369
XYLT2		true	true	false	3	data_SPDI_secreted_transmembrane | human_compartment_extra_space_GO0005615 | location_secreted_all	true	true	true										1	0	C0029453_disease_gda_osteopenia		Q9H1B5	XYLT2	Tbio	Enzyme	9606.ENSP00000017003
DDX5		true	true	false	1	human_compartment_extra_region_GO0005576	true	true	true										1	0	go_terms_genes_bone		P17844	DDX5	Tbio	Enzyme	9606.ENSP00000225792
CSRP2		true	true	false	0														0	0			Q16527	CSRP2	Tbio		9606.ENSP00000310901
FAM126A		true	true	false	1	human_compartment_extra_region_GO0005576	true												0	0			Q9BYI3	FAM126A	Tbio		9606.ENSP00000403396
ENY2		true	true	false	0		true												0	0			Q9NPA8	ENY2	Tbio		9606.ENSP00000429986
FBXO41		true	true	false	0														0	0			Q8TF61	FBXO41	Tdark		9606.ENSP00000428646
NPEPPS		true	true	false	3	human_compartment_extra_region_GO0005576 | human_compartment_extra_space_GO0005615 | human_compartment_plasma_membr_GO0005886	true												0	4		C0030193_disease_gda_pain | pain_genes_PMID_23567662 | pain_genes_PMID_27548044 | pain_related_genes	P55786	NPEPPS	Tchem	Enzyme	9606.ENSP00000320324
FITM2		true	true	false	1	location_membrane_predicted													0	0			Q8N6M3	FITM2	Tdark		9606.ENSP00000380037
ZNF703		true	true	false	0														0	0			Q9H7S9	ZNF703	Tbio		9606.ENSP00000332325
BNIP3		true	true	false	1	location_membrane_predicted	true	true	true										0	2		C0020429_disease_gda_hyperalgesia | go_terms_genes_neuron	Q12983	BNIP3	Tbio		9606.ENSP00000357625
SHMT2	6472	true	true	false	1	human_compartment_extra_region_GO0005576				0.50101299103699	9.00537600834846	0.0853409843562808	0.0056901589860569	3.30533852285402	-2.1788981741229	0		0	0	0			P34897	SHMT2	Tbio	Enzyme	9606.ENSP00000333667
KLHL42		true	true	false	0		true												0	0			Q9P2K6	KLHL42	Tdark		9606.ENSP00000370671
EBF3		true	true	false	0														0	1		pain_genes_PMID_28848388	Q9H4W6	EBF3	Tbio	TF	9606.ENSP00000357637
SLC8A3		true	true	false	3	human_compartment_plasma_membr_GO0005886 | location_membrane_predicted | surfaceome_insilico_fulllist	true												0	0			P57103	SLC8A3	Tchem	Transporter	9606.ENSP00000370669
MAMDC4		true	true	false	5	data_SPDI_secreted_transmembrane | human_compartment_extra_region_GO0005576 | human_compartment_plasma_membr_GO0005886 | location_membrane_predicted | surfaceome_insilico_fulllist													0	0			Q6UXC1	MAMDC4	Tdark		9606.ENSP00000319388
ELL2		true	true	false	0														0	0			O00472	ELL2	Tbio	Enzyme	9606.ENSP00000237853
FANCB		true	true	false	1	human_compartment_extra_space_GO0005615	true												2	0	C2674432_disease_gda_reduced_bone_mineral_density | tissue_category_rna_bone		Q8NB91	FANCB	Tbio		9606.ENSP00000381378
AGPAT5		true	true	false	1	location_membrane_predicted													0	0			Q9NUQ2	AGPAT5	Tbio	Enzyme	9606.ENSP00000285518
RNF44		true	true	false	0														0	0			Q7L0R7	RNF44	Tdark		9606.ENSP00000274811
CAMK2G		true	true	false	1	location_membrane_predicted	true	true	true										0	2		pain_genes_PMID_23567662 | pain_genes_PMID_27548044	Q13555	CAMK2G	Tchem	Kinase	9606.ENSP00000319060
KIAA1191		true	true	false	0														0	0			Q96A73	KIAA1191	Tdark	Enzyme	9606.ENSP00000298569
NFIB		true	true	false	0														0	0			O00712	NFIB	Tbio	TF	9606.ENSP00000370340
ZMYND19		true	true	false	0														0	0			Q96E35	ZMYND19	Tdark		9606.ENSP00000298585
PHTF1		true	true	false	1	location_membrane_predicted													0	0			Q9UMS5	PHTF1	Tdark		9606.ENSP00000358617
ZDHHC21		true	true	false	1	location_membrane_predicted													0	0			Q8IVQ6	ZDHHC21	Tbio	Enzyme	9606.ENSP00000370303
GLRX		true	true	false	1	human_compartment_plasma_membr_GO0005886	true												0	0			P35754	GLRX	Tbio		9606.ENSP00000369314
ANAPC7		true	true	false	0		true												0	0			Q9UJX3	ANAPC7	Tbio	Enzyme	9606.ENSP00000394394
MAP4K1		true	true	false	0		true	true	true										0	0			Q92918	MAP4K1	Tchem	Kinase	9606.ENSP00000465039
FAM98A		true	true	false	0														0	0			Q8NCA5	FAM98A	Tdark		9606.ENSP00000238823
BCL3		true	true	false	1	human_compartment_plasma_membr_GO0005886	true	true	true										0	0			P20749	BCL3	Tbio		9606.ENSP00000164227
AUNIP		true	true	false	0														0	0			Q9H7T9	AUNIP	Tbio	Enzyme	9606.ENSP00000443647
PNMA2		true	true	false	1	human_compartment_extra_region_GO0005576													0	0			Q9UL42	PNMA2	Tbio		9606.ENSP00000429344
GOLIM4		true	true	false	1	location_membrane_predicted	true												0	0			O00461	GOLIM4	Tbio		9606.ENSP00000417354
SPRED3		true	true	false	2	human_compartment_plasma_membr_GO0005886 | location_membrane_predicted	true												0	0			Q2MJR0	SPRED3	Tbio		9606.ENSP00000345405
C4orf47		true	true	false	0														0	0			A7E2U8	C4orf47	Tdark		9606.ENSP00000368127
RRAGD		true	true	false	0		true												0	0			Q9NQL2	RRAGD	Tbio		9606.ENSP00000358423
ARHGAP18		true	true	false	0														0	0			Q8N392	ARHGAP18	Tbio	Enzyme	9606.ENSP00000357131
SPSB2		true	true	false	0														0	0			Q99619	SPSB2	Tbio		9606.ENSP00000428338
GPS2		true	true	false	0				true										0	0			Q13227	GPS2	Tbio		9606.ENSP00000370104
RAB23		true	true	false	1	human_compartment_plasma_membr_GO0005886													0	1		C0030193_disease_gda_pain	Q9ULC3	RAB23	Tbio	Enzyme	9606.ENSP00000417610
AKIP1	56672	true	true	false	0					0.630781154535938	6.41969945113272	0.0847941980599976	0.00561842582287871	3.31193373676843	-2.16701190540378	0		0	0	0			Q9NQ31	AKIP1	Tbio	Enzyme	9606.ENSP00000310459
VEGFA	7422	true	true	true	2	location_secreted_all | matrisomedb_human_healthy	true	true	true	0.935828664586829	5.17139107917065	0.095985304599252	0.00726436824843687	3.17843069602123	-2.40744070356069	0		2.803	6	5	C0029464_disease_gda_osteosclerosis | C0238790_disease_gda_bone_destruction | glad4u_bone_degradation | glad4u_bone_formation | glad4u_bone_mineral_density | glad4u_osteoclastogenesis	C0020429_disease_gda_hyperalgesia | C0030193_disease_gda_pain | C0563625_disease_gda_analgesia | go_terms_genes_neuron | human_pain_genetics	P15692	VEGFA	Tclin		9606.ENSP00000478570
SLC6A6		true	true	false	3	human_compartment_plasma_membr_GO0005886 | location_membrane_predicted | surfaceome_insilico_fulllist													0	1		pain_genes_PMID_27548044	P31641	SLC6A6	Tbio	Transporter	9606.ENSP00000480890
DNAJC21		true	true	false	0														2	0	C0029453_disease_gda_osteopenia | C2674432_disease_gda_reduced_bone_mineral_density		Q5F1R6	DNAJC21	Tdark		9606.ENSP00000371451
PLIN2		true	true	false	1	human_compartment_plasma_membr_GO0005886	true	true	true										0	0			Q99541	PLIN2	Tbio		9606.ENSP00000276914
ARID3A		true	true	false	0		true												0	0			Q99856	ARID3A	Tbio	TF	9606.ENSP00000263620
MRC1		true	true	false	2	location_membrane_predicted | surfaceome_insilico_fulllist													0	0			P22897	MRC1	Tbio		9606.ENSP00000455897
SLC2A1		true	true	false	3	human_compartment_plasma_membr_GO0005886 | location_membrane_predicted | surfaceome_insilico_fulllist	true												1	3	C0029453_disease_gda_osteopenia	C0030193_disease_gda_pain | C0563625_disease_gda_analgesia | pain_gene_resource	P11166	SLC2A1	Tchem	Transporter	9606.ENSP00000416293
GPI		true	true	true	2	location_membrane_predicted | location_secreted_all	true	true	true										1	1	C0238790_disease_gda_bone_destruction	C0030193_disease_gda_pain	P06744	GPI	Tbio	Enzyme	9606.ENSP00000405573
STIM2		true	true	false	1	location_membrane_predicted	true	true	true										0	0			Q9P246	STIM2	Tbio		9606.ENSP00000417569
GALNT10		true	true	false	1	location_secreted_all													0	0			Q86SR1	GALNT10	Tbio	Enzyme	9606.ENSP00000297107
ZNRF3		true	true	false	1	location_membrane_predicted	true	true	true										0	0			Q9ULT6	ZNRF3	Tbio	Enzyme	9606.ENSP00000443824
KLF7		true	true	false	0														0	4		go_terms_genes_neuron | pain_genes_PMID_23567662 | pain_genes_PMID_27548044 | pain_related_genes	O75840	KLF7	Tbio	TF	9606.ENSP00000309570
CENPO		true	true	false	0														0	0			Q9BU64	CENPO	Tbio		9606.ENSP00000370214
VLDLR		true	true	false	4	human_compartment_extra_space_GO0005615 | human_compartment_plasma_membr_GO0005886 | location_membrane_predicted | surfaceome_insilico_fulllist	true	true	true										0	1		go_terms_genes_neuron	P98155	VLDLR	Tbio		9606.ENSP00000371532
RAB11FIP2		true	true	false	1	human_compartment_plasma_membr_GO0005886	true												0	0			Q7L804	RAB11FIP2	Tbio		9606.ENSP00000347839
LRRC39		true	true	false	1	data_SPDI_secreted_transmembrane													0	0			Q96DD0	LRRC39	Tdark		9606.ENSP00000480740
CNOT8		true	true	false	0		true												0	0			Q9UFF9	CNOT8	Tbio		9606.ENSP00000430493
PTPN4		true	true	false	1	human_compartment_plasma_membr_GO0005886													0	0			P29074	PTPN4	Tbio	Enzyme	9606.ENSP00000263708
PSMC3IP		true	true	false	0														1	0	C0029453_disease_gda_osteopenia		Q9P2W1	PSMC3IP	Tbio		9606.ENSP00000377384
FZD3		true	true	true	3	human_compartment_plasma_membr_GO0005886 | location_membrane_predicted | surfaceome_insilico_fulllist	true												0	1		glad4u_axon_growth	Q9NPG1	FZD3	Tbio	GPCR	9606.ENSP00000437489
ALDOA	226	true	true	false	1	location_membrane_predicted	true			0.771517329315685	10.3586382560067	0.0266296719835223	0.00018074511463012	5.16879997377059	1.06066794520689	0		0	0	0			P04075	ALDOA	Tbio	Enzyme	9606.ENSP00000378669
ENO2		true	true	false	2	human_compartment_extra_region_GO0005576 | human_compartment_extra_space_GO0005615	true												0	0			P09104	ENO2	Tbio	Enzyme	9606.ENSP00000437402
FAM117B		true	true	false	0														0	0			Q6P1L5	FAM117B	Tdark		9606.ENSP00000376071
CADM1		true	true	true	3	human_compartment_plasma_membr_GO0005886 | location_membrane_predicted | surfaceome_insilico_fulllist	true	true	true										0	0			Q9BY67	CADM1	Tbio		9606.ENSP00000329797
GPD1L		true	true	false	1	human_compartment_extra_space_GO0005615													0	0			Q8N335	GPD1L	Tbio	Enzyme	9606.ENSP00000282541
ZNF383		true	true	false	0														0	0			Q8NA42	ZNF383	Tdark	TF	9606.ENSP00000340132
NT5C		true	true	false	1	human_compartment_extra_space_GO0005615													0	0			Q8TCD5	NT5C	Tbio	Enzyme	9606.ENSP00000245552
ISM2		true	true	false	3	human_compartment_extra_region_GO0005576 | location_secreted_all | matrisomedb_human_healthy													0	0			Q6H9L7	ISM2	Tdark		9606.ENSP00000341490
AK4		true	true	false	1	location_secreted_all													0	0			P27144	AK4	Tbio	Kinase	9606.ENSP00000378743
TCF19		true	true	false	0														0	0			Q9Y242	TCF19	Tbio	Epigenetic	9606.ENSP00000365433
ERRFI1		true	true	false	1	human_compartment_plasma_membr_GO0005886	true	true	true										0	0			Q9UJM3	ERRFI1	Tbio		9606.ENSP00000366702
WDR45B		true	true	false	0														0	0			Q5MNZ6	WDR45B	Tbio		9606.ENSP00000376139
KDM4B		true	true	false	0		true	true	true										1	0	C0238790_disease_gda_bone_destruction		O94953	KDM4B	Tchem	Epigenetic	9606.ENSP00000159111
ADORA2B		true	true	false	2	location_membrane_predicted | surfaceome_insilico_fulllist	true												2	0	C0029453_disease_gda_osteopenia | glad4u_osteoblast_differentiation		P29275	ADORA2B	Tclin	GPCR	9606.ENSP00000304501
TEX2		true	true	false	1	location_membrane_predicted													0	0			Q8IWB9	TEX2	Tbio		9606.ENSP00000258991
PFKFB4		true	true	false	0		true												0	0			Q16877	PFKFB4	Tchem	Enzyme	9606.ENSP00000232375
DOCK6		true	true	false	0		true												0	0			Q96HP0	DOCK6	Tbio		9606.ENSP00000294618
C1QTNF2		true	true	false	2	data_SPDI_secreted_transmembrane | location_secreted_all													0	0			Q9BXJ5	C1QTNF2	Tdark		9606.ENSP00000377545
FAIM		true	true	false	0		true	true	true										0	1		glad4u_axon_outgrowth	Q9NVQ4	FAIM	Tbio		9606.ENSP00000342805
TNIP1		true	true	false	1	human_compartment_plasma_membr_GO0005886	true	true	true										0	0			Q15025	TNIP1	Tbio		9606.ENSP00000317891
PAQR5		true	true	false	1	location_membrane_predicted	true												0	0			Q9NXK6	PAQR5	Tbio		9606.ENSP00000378803
BCKDK		true	true	false	0														0	0			O14874	BCKDK	Tbio	Kinase	9606.ENSP00000378405
SIN3A		true	true	false	0		true	true	true										0	1		C0020429_disease_gda_hyperalgesia	Q96ST3	SIN3A	Tbio		9606.ENSP00000378402
CNKSR3		true	true	false	0														0	1		C0030193_disease_gda_pain	Q6P9H4	CNKSR3	Tbio	Enzyme	9606.ENSP00000475915
SLC16A3		true	true	false	2	human_compartment_plasma_membr_GO0005886 | location_membrane_predicted	true	true	true										0	1		C0151825_disease_gda_bone_pain	O15427	SLC16A3	Tchem	Transporter	9606.ENSP00000463978
STAT5A		true	true	false	1	human_compartment_extra_region_GO0005576	true	true	true										1	0	glad4u_bone_degradation		P42229	STAT5A	Tchem	TF	9606.ENSP00000341208
BARD1		true	true	false	0		true												0	0			Q99728	BARD1	Tbio		9606.ENSP00000260947
RPIA		true	true	false	0														0	0			P49247	RPIA	Tbio	Enzyme	9606.ENSP00000283646
TMEM63A		true	true	false	3	human_compartment_extra_space_GO0005615 | location_membrane_predicted | surfaceome_insilico_fulllist													0	0			O94886	TMEM63A	Tdark	IC	9606.ENSP00000355800
ERGIC2		true	true	false	1	location_membrane_predicted	true												0	0			Q96RQ1	ERGIC2	Tbio		9606.ENSP00000353270
CROT		true	true	false	0														0	1		C0030193_disease_gda_pain	Q9UKG9	CROT	Tbio	Enzyme	9606.ENSP00000413575
KCTD11		true	true	false	0		true												0	0			Q693B1	KCTD11	Tbio		9606.ENSP00000328352
COBLL1		true	true	false	2	human_compartment_extra_region_GO0005576 | human_compartment_extra_space_GO0005615	true												0	0			Q53SF7	COBLL1	Tbio		9606.ENSP00000341360
HAS2		true	true	true	1	location_membrane_predicted													1	0	glad4u_bone_degradation		Q92819	HAS2	Tbio	Enzyme	9606.ENSP00000306991
PRKCD		true	true	false	2	human_compartment_extra_region_GO0005576 | human_compartment_extra_space_GO0005615	true	true	true										0	4		C0030193_disease_gda_pain | pain_genes_PMID_23567662 | pain_genes_PMID_27548044 | pain_related_genes	Q05655	PRKCD	Tclin	Kinase	9606.ENSP00000378217
TOMM20		true	true	false	2	human_compartment_extra_region_GO0005576 | location_membrane_predicted	true												0	0			Q15388	TOMM20	Tbio		9606.ENSP00000355566
PAIP2		true	true	false	0		true												0	0			Q9BPZ3	PAIP2	Tbio		9606.ENSP00000378275
KDM2B		true	true	false	0														0	0			Q8NHM5	KDM2B	Tchem	Epigenetic	9606.ENSP00000366271
SCRN3		true	true	false	0														0	0			Q0VDG4	SCRN3	Tbio	Enzyme	9606.ENSP00000272732
SMAD3		true	true	false	2	human_compartment_extra_space_GO0005615 | human_compartment_plasma_membr_GO0005886	true	true	true										7	2	C0029453_disease_gda_osteopenia | C0029464_disease_gda_osteosclerosis | glad4u_bone_degradation | glad4u_bone_formation | glad4u_osteoblast_differentiation | glad4u_osteoclastogenesis | go_terms_genes_bone	C0030193_disease_gda_pain | human_pain_genetics	P84022	SMAD3	Tbio	TF	9606.ENSP00000332973
SOCS3	9021	true	true	false	0		true	true	true	1.27485332514053	5.86471323557863	0.0631232605047227	0.00271139423860397	3.69208076754789	-1.48258887229239	0		1.751	2	1	C0029453_disease_gda_osteopenia | C0238790_disease_gda_bone_destruction	C0030193_disease_gda_pain	O14543	SOCS3	Tbio		9606.ENSP00000330341
TTC13		true	true	false	1	location_membrane_predicted													0	0			Q8NBP0	TTC13	Tdark		9606.ENSP00000355621
CA9		true	true	false	3	human_compartment_plasma_membr_GO0005886 | location_membrane_predicted | location_secreted_all	true	true	true										0	0			Q16790	CA9	Tclin	Enzyme	9606.ENSP00000367608
NCKIPSD		true	true	false	1	location_membrane_predicted	true	true	true										0	0			Q9NZQ3	NCKIPSD	Tbio		9606.ENSP00000294129
PRKD2		true	true	false	0														0	0			Q9BZL6	PRKD2	Tchem	Kinase	9606.ENSP00000393978
CEP250		true	true	false	1	human_compartment_extra_region_GO0005576													0	0			Q9BV73	CEP250	Tbio		9606.ENSP00000380661
DDR1		true	true	false	5	human_compartment_extra_space_GO0005615 | human_compartment_plasma_membr_GO0005886 | location_membrane_predicted | location_secreted_all | surfaceome_insilico_fulllist			true										0	1		C0030193_disease_gda_pain	Q08345	DDR1	Tchem	Kinase	9606.ENSP00000427552
ANKRD44		true	true	false	0		true												0	0			Q8N8A2	ANKRD44	Tdark	Enzyme	9606.ENSP00000282272
WDR5B		true	true	false	0														0	0			Q86VZ2	WDR5B	Tdark		9606.ENSP00000330381
ATG2B		true	true	false	0		true												0	0			Q96BY7	ATG2B	Tbio		9606.ENSP00000353010
HSBP1L1		true	true	false	0														0	0			C9JCN9	HSBP1L1	Tdark		9606.ENSP00000414236
PTPRF		true	true	false	4	human_compartment_plasma_membr_GO0005886 | location_membrane_predicted | location_secreted_all | surfaceome_insilico_fulllist	true	true	true										0	1		go_terms_genes_neuron	P10586	PTPRF	Tchem	Enzyme	9606.ENSP00000353030
PGBD1		true	true	false	0														0	0			Q96JS3	PGBD1	Tbio		9606.ENSP00000259883
ENO1	2023	true	true	false	2	human_compartment_extra_space_GO0005615 | human_compartment_plasma_membr_GO0005886	true	true	true	0.529543812289122	10.56455367102	0.0383291408661907	0.000732626268329332	4.38901040830483	-0.250362117645469	0		1.128	0	1		C0030193_disease_gda_pain	P06733	ENO1	Tchem	Enzyme	9606.ENSP00000234590
CCL28		true	true	true	3	human_compartment_extra_region_GO0005576 | human_compartment_extra_space_GO0005615 | location_secreted_all	true	true	true										0	0			Q9NRJ3	CCL28	Tbio		9606.ENSP00000354416
JADE2		true	true	false	0														0	0			Q9NQC1	JADE2	Tbio	Epigenetic	9606.ENSP00000354425
TRIM27	5987	true	true	false	0		true			0.682019571523984	7.51774337390174	0.0524009269345326	0.00176901138831078	3.91697930809612	-1.0804568170849	0		0	0	0			P14373	TRIM27	Tbio		9606.ENSP00000366404
TLE3	7090	true	true	false	0		true	true	true	0.600275368065317	6.33629251064213	0.0768605528327757	0.00467005498306549	3.40810815562039	-1.99364830938297	0		0	0	0			Q04726	TLE3	Tbio		9606.ENSP00000452871
HACD1		true	true	false	1	location_membrane_predicted													0	0			B0YJ81	PTPLA	Tbio	Enzyme	9606.ENSP00000355308
TRPT1		true	true	false	0														0	0			Q86TN4	TRPT1	Tdark	Enzyme	9606.ENSP00000378050
KAT14		true	true	false	0		true												0	0			Q9H8E8	CSRP2BP	Tbio		9606.ENSP00000392318
B4GALT6		true	true	false	1	location_secreted_all													0	0			Q9UBX8	B4GALT6	Tbio	Enzyme	9606.ENSP00000306459
GLCE		true	true	false	1	location_secreted_all													0	0			O94923	GLCE	Tbio	Enzyme	9606.ENSP00000261858
INSIG1		true	true	false	1	location_membrane_predicted	true	true	true										0	0			O15503	INSIG1	Tbio		9606.ENSP00000344741
SAP30		true	true	false	1	location_secreted_all	true		true										0	0			O75446	SAP30	Tbio	Enzyme	9606.ENSP00000296504
SLC30A4		true	true	false	2	human_compartment_plasma_membr_GO0005886 | location_membrane_predicted													0	0			O14863	SLC30A4	Tbio	Transporter	9606.ENSP00000261867
C1orf216	127703	true	true	false	0					0.459559692082079	8.52514936107071	0.0817247850319499	0.00520918756312785	3.35125947961703	-2.09612775015151	0		0	0	0			Q8TAB5	C1orf216	Tdark		9606.ENSP00000425166
CYB5D1		true	true	false	0														0	0			Q6P9G0	CYB5D1	Tdark		9606.ENSP00000331479
PDE1C		true	true	false	0				true										0	0			Q14123	PDE1C	Tclin	Enzyme	9606.ENSP00000379496
TMEM50B		true	true	false	2	data_SPDI_secreted_transmembrane | location_membrane_predicted													0	0			P56557	TMEM50B	Tdark		9606.ENSP00000439768
PLAA		true	true	false	1	human_compartment_extra_space_GO0005615	true	true	true										0	0			Q9Y263	PLAA	Tchem	Enzyme	9606.ENSP00000380460
FAM219A		true	true	false	0														0	0			Q8IW50	FAM219A	Tdark		9606.ENSP00000392452
KISS1R		true	true	false	2	location_membrane_predicted | surfaceome_insilico_fulllist													2	0	C0029453_disease_gda_osteopenia | C2674432_disease_gda_reduced_bone_mineral_density		Q969F8	KISS1R	Tchem	GPCR	9606.ENSP00000234371
NPL		true	true	false	0														0	0			Q9BXD5	NPL	Tbio	Enzyme	9606.ENSP00000258317
PHPT1		true	true	false	1	human_compartment_extra_region_GO0005576													0	0			Q9NRX4	PHPT1	Tbio	Enzyme	9606.ENSP00000247665
EXO1		true	true	false	0		true												1	0	tissue_category_rna_bone		Q9UQ84	EXO1	Tbio	Enzyme	9606.ENSP00000355506
CCSAP		true	true	false	0														0	0			Q6IQ19	CCSAP	Tbio		9606.ENSP00000284617
DESI2		true	true	false	0														0	0			Q9BSY9	DESI2	Tbio	Enzyme	9606.ENSP00000306528
RAB33A		true	true	false	1	human_compartment_plasma_membr_GO0005886													0	0			Q14088	RAB33A	Tbio	Enzyme	9606.ENSP00000257017
ABHD15		true	true	false	3	data_SPDI_secreted_transmembrane | human_compartment_extra_region_GO0005576 | location_secreted_all													0	0			Q6UXT9	ABHD15	Tdark	Enzyme	9606.ENSP00000302657
CHSY3		true	true	false	1	location_secreted_all	true												0	0			Q70JA7	CHSY3	Tdark	Enzyme	9606.ENSP00000302629
TAF9B		true	true	false	0		true												0	0			Q9HBM6	TAF9B	Tbio		9606.ENSP00000339917
RNASEH1		true	true	false	1	location_secreted_all													0	0			O60930	RNASEH1	Tchem	Enzyme	9606.ENSP00000313350
RWDD4		true	true	false	0														0	0			Q6NW29	RWDD4	Tdark		9606.ENSP00000388920
HMGCL		true	true	false	1	location_secreted_all													0	0			P35914	HMGCL	Tbio	Enzyme	9606.ENSP00000363614
SLC35G1		true	true	false	4	human_compartment_extra_region_GO0005576 | human_compartment_extra_space_GO0005615 | human_compartment_plasma_membr_GO0005886 | location_membrane_predicted													0	2		C0030193_disease_gda_pain | C0563625_disease_gda_analgesia	Q2M3R5	SLC35G1	Tbio	Transporter	9606.ENSP00000400932
ETFBKMT		true	true	false	0														0	0			Q8IXQ9	METTL20	Tbio	Enzyme	9606.ENSP00000350353
EFR3A		true	true	false	0		true												0	0			Q14156	EFR3A	Tdark		9606.ENSP00000254624
PYGL		true	true	false	2	human_compartment_extra_space_GO0005615 | human_compartment_plasma_membr_GO0005886													0	0			P06737	PYGL	Tchem	Enzyme	9606.ENSP00000216392
ANGPTL4		true	true	true	3	data_SPDI_secreted_transmembrane | location_secreted_all | matrisomedb_human_healthy	true	true	true										2	0	C0238790_disease_gda_bone_destruction | glad4u_bone_destruction		Q9BY76	ANGPTL4	Tbio		9606.ENSP00000301455
POLE2		true	true	false	0														1	0	tissue_category_rna_bone		P56282	POLE2	Tbio	Enzyme	9606.ENSP00000216367
MBLAC2		true	true	false	1	human_compartment_extra_space_GO0005615													0	0			Q68D91	MBLAC2	Tdark	Enzyme	9606.ENSP00000314776
SEMA3A		true	true	true	4	human_compartment_extra_space_GO0005615 | human_compartment_plasma_membr_GO0005886 | location_secreted_all | matrisomedb_human_healthy	true	true	true										6	4	C0029453_disease_gda_osteopenia | C0238790_disease_gda_bone_destruction | C2674432_disease_gda_reduced_bone_mineral_density | glad4u_bone_degradation | glad4u_bone_formation | glad4u_osteoblast_differentiation	glad4u_axon_growth | glad4u_axon_guidance | glad4u_bone_pain | go_terms_genes_neuron	Q14563	SEMA3A	Tbio		9606.ENSP00000265362
FAM177A1		true	true	false	1	location_secreted_all													0	0			Q8N128	FAM177A1	Tdark		9606.ENSP00000280987
BEST1	7439	true	true	false	1	location_membrane_predicted	true			-0.626501434579812	6.55052558985195	0.049151210996962	0.00151451245089724	-3.99931642291362	-0.934133748172186	0		0	2	0	C0029453_disease_gda_osteopenia | C0029464_disease_gda_osteosclerosis		O76090	BEST1	Tbio	IC	9606.ENSP00000399709
PGK1		true	true	false	1	human_compartment_extra_space_GO0005615	true												0	0			P00558	PGK1	Tchem	Kinase	9606.ENSP00000362413
PTOV1		true	true	false	1	data_SPDI_secreted_transmembrane													0	0			Q86YD1	PTOV1	Tbio		9606.ENSP00000375717
SPDL1		true	true	false	0		true												0	0			Q96EA4	SPDL1	Tbio		9606.ENSP00000265295
GALNT7		true	true	false	1	human_compartment_extra_region_GO0005576													0	0			Q86SF2	GALNT7	Tbio	Enzyme	9606.ENSP00000265000
NOL3		true	true	false	0														0	4		C0020429_disease_gda_hyperalgesia | C0030193_disease_gda_pain | C0151825_disease_gda_bone_pain | C0563625_disease_gda_analgesia	O60936	NOL3	Tbio		9606.ENSP00000457243
PPP1R16A		true	true	false	1	human_compartment_plasma_membr_GO0005886													0	0			Q96I34	PPP1R16A	Tdark	Enzyme	9606.ENSP00000292539
PAQR7		true	true	false	1	location_membrane_predicted													0	0			Q86WK9	PAQR7	Tbio		9606.ENSP00000363414
PRPF4B		true	true	false	0		true												0	0			Q13523	PRPF4B	Tchem	Kinase	9606.ENSP00000337194
TXNRD1		true	true	false	0		true												0	0			Q16881	TXNRD1	Tclin	Enzyme	9606.ENSP00000434516
RHPN2		true	true	false	0		true												0	0			Q8IUC4	RHPN2	Tbio		9606.ENSP00000254260
HIBCH		true	true	false	0		true												0	0			Q6NVY1	HIBCH	Tbio	Enzyme	9606.ENSP00000352706
NAP1L3		true	true	false	0														0	0			Q99457	NAP1L3	Tbio		9606.ENSP00000362171
DPYSL4		true	true	false	0														0	3		glad4u_axon_growth | pain_genes_PMID_23567662 | pain_genes_PMID_27548044	O14531	DPYSL4	Tbio	Enzyme	9606.ENSP00000339850
SLC6A8		true	true	false	3	human_compartment_plasma_membr_GO0005886 | location_membrane_predicted | surfaceome_insilico_fulllist													0	1		C0030193_disease_gda_pain	P48029	SLC6A8	Tbio	Transporter	9606.ENSP00000253122
SLF1		true	true	false	1	location_membrane_predicted	true												0	0			Q9BQI6	ANKRD32	Tbio		9606.ENSP00000265140
CRYBG3		true	true	false	0														0	0			Q68DQ2	CRYBG3	Tdark	Enzyme	9606.ENSP00000374273
MIOS		true	true	false	0														0	0			Q9NXC5	MIOS	Tdark		9606.ENSP00000339881
WDR26		true	true	false	0		true												0	0			Q9H7D7	WDR26	Tbio		9606.ENSP00000408108
PDK3		true	true	false	0		true												0	0			Q15120	PDK3	Tchem	Kinase	9606.ENSP00000387536
FUS		true	true	false	1	human_compartment_extra_region_GO0005576	true												0	3		C0030193_disease_gda_pain | glad4u_axon_degeneration | glad4u_axon_loss	P35637	FUS	Tbio		9606.ENSP00000254108
RARA		true	true	false	0		true	true	true										0	1		C0151825_disease_gda_bone_pain	P10276	RARA	Tclin	NR	9606.ENSP00000254066
RAB20		true	true	false	0														0	0			Q9NX57	RAB20	Tbio	Enzyme	9606.ENSP00000267328
ZNF641		true	true	false	0														0	0			Q96N77	ZNF641	Tdark	TF	9606.ENSP00000437832
RNF24	11237	true	true	false	1	location_membrane_predicted				0.626321265208932	8.2829948630338	0.0720797821378191	0.00397728307170814	3.49176493066365	-1.84288209325682	0		0	1	0	tissue_category_rna_bone		Q9Y225	RNF24	Tbio		9606.ENSP00000388550
LONP1		true	true	false	0														0	0			P36776	LONP1	Tbio	Enzyme	9606.ENSP00000353826
RIOK3	8780	true	true	false	0					-0.672784501683345	7.52039475425931	0.0476351683039293	0.00137906190284111	-4.04913694652459	-0.845874862130312	0		0	0	0			O14730	RIOK3	Tchem	Kinase	9606.ENSP00000341874
TPI1	7167	true	true	false	0		true			0.392240482905683	9.89361323771486	0.0845704311609516	0.00555855830521807	3.31750316420798	-2.15697395639479	0		0	0	0			P60174	TPI1	Tbio	Enzyme	9606.ENSP00000229270
TBC1D9		true	true	false	0														0	1		C0030193_disease_gda_pain	Q6ZT07	TBC1D9	Tbio		9606.ENSP00000411197
GAPDH		true	true	false	2	human_compartment_extra_region_GO0005576 | human_compartment_extra_space_GO0005615	true	true	true										0	0			P04406	GAPDH	Tchem	Enzyme	9606.ENSP00000229239
NT5DC3		true	true	false	1	location_secreted_all													0	0			Q86UY8	NT5DC3	Tdark	Enzyme	9606.ENSP00000376615
EIF4EBP1	1978	true	true	false	1	human_compartment_extra_space_GO0005615	true			0.582678300149882	7.87382440459653	0.0404945328463488	0.00085693442354426	4.30418035906096	-0.397827485238843	0		2.048	0	1		C0020429_disease_gda_hyperalgesia	Q13541	EIF4EBP1	Tbio		9606.ENSP00000340691
ZNF653		true	true	false	0														0	0			Q96CK0	ZNF653	Tbio	TF	9606.ENSP00000293771
SPAG4		true	true	false	1	location_membrane_predicted	true												0	0			Q9NPE6	SPAG4	Tbio		9606.ENSP00000363391
ZSWIM5		true	true	false	0														0	0			Q9P217	ZSWIM5	Tdark		9606.ENSP00000352614
RBM17		true	true	false	0		true												0	0			Q96I25	RBM17	Tbio		9606.ENSP00000388638
RASSF4		true	true	false	0														0	0			Q9H2L5	RASSF4	Tbio		9606.ENSP00000339692
GYS1		true	true	false	0		true												0	0			P13807	GYS1	Tchem	Enzyme	9606.ENSP00000317904
EMC7		true	true	false	2	data_SPDI_secreted_transmembrane | location_membrane_predicted	true												0	0			Q9NPA0	EMC7	Tdark		9606.ENSP00000256545
STARD7		true	true	false	1	location_secreted_all													0	0			Q9NQZ5	STARD7	Tbio		9606.ENSP00000338030
ACVR2B		true	true	false	3	human_compartment_plasma_membr_GO0005886 | location_membrane_predicted | surfaceome_insilico_fulllist	true	true	true										3	0	glad4u_bone_degradation | glad4u_bone_formation | go_terms_genes_bone		Q13705	ACVR2B	Tchem	Kinase	9606.ENSP00000340361
MRAP2		true	true	false	2	human_compartment_plasma_membr_GO0005886 | location_membrane_predicted													0	0			Q96G30	MRAP2	Tbio		9606.ENSP00000257776
FAM217B		true	true	false	0														0	0			Q9NTX9	FAM217B	Tdark		9606.ENSP00000351040
ANO6		true	true	false	2	location_membrane_predicted | surfaceome_insilico_fulllist	true												0	0			Q4KMQ2	ANO6	Tbio	IC	9606.ENSP00000409126
ESYT1		true	true	false	1	location_membrane_predicted	true												0	0			Q9BSJ8	ESYT1	Tbio		9606.ENSP00000267113
SUOX		true	true	false	0		true												0	0			P51687	SUOX	Tbio	Enzyme	9606.ENSP00000377668
GPR155		true	true	false	3	human_compartment_extra_space_GO0005615 | location_membrane_predicted | surfaceome_insilico_fulllist													0	0			Q7Z3F1	GPR155	Tbio		9606.ENSP00000376335
UBR7		true	true	false	0														0	0			Q8N806	UBR7	Tdark	Epigenetic	9606.ENSP00000013070
FAM120C		true	true	false	0														0	0			Q9NX05	FAM120C	Tbio		9606.ENSP00000364324
MAP3K3		true	true	false	0		true	true	true										0	0			Q99759	MAP3K3	Tchem	Kinase	9606.ENSP00000354927
SERPINB6		true	true	false	1	matrisomedb_human_healthy	true												0	0			P35237	SERPINB6	Tbio		9606.ENSP00000484343
HABP4		true	true	false	0		true												0	0			Q5JVS0	HABP4	Tbio		9606.ENSP00000364398
WASF1		true	true	false	0		true		true										0	1		glad4u_axon_sprouting	Q92558	WASF1	Tbio		9606.ENSP00000376368
BCKDHA		true	true	false	0		true												0	1		C0030193_disease_gda_pain	P12694	BCKDHA	Tbio	Enzyme	9606.ENSP00000269980
PLOD2		true	true	false	3	location_membrane_predicted | location_secreted_all | matrisomedb_human_healthy	true												2	0	C0029453_disease_gda_osteopenia | glad4u_osteoclastogenesis		O00469	PLOD2	Tbio	Enzyme	9606.ENSP00000282903
ZNF365		true	true	false	0														0	0			Q70YC5	ZNF365	Tbio		9606.ENSP00000387091
ZFAND4		true	true	false	0														0	0			Q86XD8	ZFAND4	Tdark		9606.ENSP00000339484
ZNF395		true	true	false	0														0	0			Q9H8N7	ZNF395	Tbio		9606.ENSP00000340494
AMPD2		true	true	false	0		true												1	0	tissue_category_rna_bone		Q01433	AMPD2	Tchem	Enzyme	9606.ENSP00000256578
ETS1		true	true	false	0		true	true	true										0	0			P14921	ETS1	Tbio	TF	9606.ENSP00000376436
PANK1		true	true	false	0		true	true	true										0	0			Q8TE04	PANK1	Tbio	Kinase	9606.ENSP00000302108
TMEM107		true	true	false	2	data_SPDI_secreted_transmembrane | location_membrane_predicted	true	true	true										0	0			Q6UX40	TMEM107	Tbio		9606.ENSP00000314116
GPR39		true	true	false	3	human_compartment_plasma_membr_GO0005886 | location_membrane_predicted | surfaceome_insilico_fulllist	true												0	0			O43194	GPR39	Tchem	GPCR	9606.ENSP00000327417
PIP4K2A		true	true	false	1	human_compartment_plasma_membr_GO0005886	true												0	0			P48426	PIP4K2A	Tbio	Kinase	9606.ENSP00000365757
C5orf34		true	true	false	0														0	0			Q96MH7	C5orf34	Tdark		9606.ENSP00000303490
		true																					P11169	SLC2A3	Tchem	Transporter	9606.ENSP00000075120
		true					true																P46091	GPR1	Tbio	GPCR	9606.ENSP00000480405
		true					true																Q9BVM2	DPCD	Tbio		9606.ENSP00000359170
		true																					Q02153	GUCY1B3	Tclin	Enzyme	9606.ENSP00000264424
		true					true																O60502	MGEA5	Tchem	Enzyme	9606.ENSP00000354850
		true																					Q9H777	ELAC1	Tbio	Enzyme	9606.ENSP00000269466
		true					true																Q9GZT9	EGLN1	Tclin		9606.ENSP00000355601
		true																					O75771	RAD51D			9606.ENSP00000466399
		true																					Q7Z5J1	HSD11B1L	Tdark	Enzyme	9606.ENSP00000480443
		true					true																Q9NYM9	BET1L	Tbio		9606.ENSP00000372210
		true																					P25713	MT3	Tbio		9606.ENSP00000200691
		true																					Q96GE9	TMEM261	Tbio		9606.ENSP00000350961
		true					true																P62837	UBE2D2	Tbio		9606.ENSP00000381717
		true																					Q9Y2B1	TMEM5	Tbio		9606.ENSP00000261234
		true																					Q8N1B3	FAM58A	Tdark		9606.ENSP00000402949
		true					true																Q9P0P0	RNF181	Tbio	Enzyme	9606.ENSP00000306906
		true																					Q9HC16	APOBEC3G	Tbio		9606.ENSP00000385057
		true					true																P09972	ALDOC	Tbio	Enzyme	9606.ENSP00000226253
		true																					Q56A73	SPIN4	Tdark		9606.ENSP00000334163
		true																					Q6ZV70	LANCL3	Tdark		9606.ENSP00000367882
		true																					Q96K37	SLC35E1	Tdark	Transporter	9606.ENSP00000470652
		true																					Q6P4H8	FAM173B	Tbio		9606.ENSP00000422338
		true																					Q9H741	C12orf49	Tdark		9606.ENSP00000261318
		true																					P17039	ZNF30	Tdark	TF	9606.ENSP00000403441
		true																					Q7L4P6	BEND5	Tbio		9606.ENSP00000360899
		true																					Q9BXW7	CECR5	Tdark		9606.ENSP00000337358
		true					true																P14868	DARS	Tbio	Enzyme	9606.ENSP00000264161
		true																					Q00056	HOXA4	Tbio	TF	9606.ENSP00000353151
		true					true	true	true														Q14696	MESDC2	Tbio		9606.ENSP00000261758
		true																					Q92914	FGF11	Tbio		9606.ENSP00000293829
		true																					Q6NSI8	KIAA1841	Tdark		9606.ENSP00000385579
		true																					Q9UKY1	ZHX1	Tbio	TF	9606.ENSP00000297857
		true																					P32455	GBP1	Tbio		9606.ENSP00000359504
