Node1,Sign,Node2,Weight
APOE,1,LIPC,100
AXIN1,-1,PIAS1,50
AXIN1,1,SMAD3,50
B2M,1,HLA_E,100
CCL13,1,CCL2,100
CCND2,1,CDK4,41.17647058823529
CCND3,1,CDK4,17.647058823529413
CDK4,-1,MYOD1,100
CDK4,-1,RUNX3,100
CDKN1B,-1,CDK4,41.17647058823529
CEBPA,1,CD14,100
CEBPA,1,LTF,100
CEBPA,1,LYZ,100
CEBPA,1,SPI1,100
CEBPA,1,USF1,100
CIITA,1,RFX5,100
CSNK2A1,-1,IKZF1,100
CSNK2A1,-1,MYB,100
CSNK2A1,-1,SP1,100
CSNK2A1,-1,SPIB,100
CSNK2A1,1,HDAC1,11.76470588235294
CXCL1,1,ACKR1,100
DTX1,-1,ASCL1,100
DTX1,1,EP300,100
DVL2,-1,RBPJ,29.411764705882355
DVL2,1,AXIN1,14.705882352941178
E2F1,1,HDAC1,35.294117647058826
EP300,1,IRF9,100
EP300,1,RB1,100
EP300,1,SMAD3,100
EP300,1,XBP1,100
ESPL1,1,RAD21,100
FHL1,-1,RBPJ,29.411764705882355
FLI1,1,GATA1,100
FZD6,1,DVL2,29.411764705882355
GATA1,1,RUNX1,100
GNAS,1,AXIN1,50
GNAS,1,SRC,100
GSK3B,-1,CCND2,41.17647058823529
GSK3B,-1,CCND3,17.647058823529413
GSK3B,-1,NOTCH2,100
GSK3B,1,CDH1,100
GSK3B,1,CEBPA,100
GSK3B,1,CIITA,100
GSK3B,1,NOTCH1,29.411764705882355
HDAC1,-1,CDH1,11.76470588235294
HDAC1,-1,MYOD1,11.76470588235294
HDAC1,-1,RBPJ,11.76470588235294
HDAC1,-1,SMAD3,35.294117647058826
HDAC1,1,FLI1,35.294117647058826
JAK2,1,STAT2,100
LIPC,1,APOE,100
LPL,1,APOE,100
MAPK1,-1,ESPL1,100
MAPK1,1,E2F1,100
MAPK1,1,ESR2,100
MAPK1,1,GATA1,100
MAPK1,1,GATA2,100
MAPK1,1,MAPKAPK2,50
MAPK1,1,NR4A1,100
MAPK1,1,RUNX1,100
MAPK1,1,SP1,100
MAPK1,1,SP3,100
MAPK14,-1,GSK3B,100
MAPK14,-1,MAPK1,100
MAPK14,1,ATF6,100
MAPK14,1,CSNK2A1,100
MAPK14,1,SMAD3,100
MAPKAPK2,1,PIAS1,50
MAPKAPK2,1,TCF3,50
MFAP5,1,NOTCH1,29.411764705882355
NOTCH1,1,RBPJ,29.411764705882355
NOTCH2,-1,TCF3,100
NOTCH2,1,DTX1,100
NR4A1,1,NR2F1,100
PAX6,1,MAF,100
PAX6,1,SFRP1,100
PIAS1,-1,FHL1,29.411764705882355
PIAS1,1,PRDM1,100
PIAS1,1,SUMO1,100
PRKCD,-1,CDH1,64.70588235294117
PRKCD,-1,FLI1,64.70588235294117
RAD21,-1,ERG,100
RAD21,-1,GATA2,100
RAD21,-1,RUNX1,100
RB1,-1,E2F1,100
RB1,-1,E2F2,100
RB1,-1,SPI1,100
RUNX1,-1,CCND3,17.647058823529413
S100A8,-1,TLR4,100
SFRP1,-1,FZD6,100
SFRP1,-1,WNT5A,100
SMAD3,-1,CEBPA,100
SMAD3,-1,MYOD1,100
SMAD3,-1,PAX6,100
SMAD3,-1,RUNX2,100
SMAD3,1,ZEB2,100
SP1,1,E2F1,100
SP1,1,PROS1,100
SP1,1,TBX21,100
SP3,1,SP1,100
SPI1,1,CSF1,100
SRC,-1,CDKN1B,41.17647058823529
SRC,-1,HNF4A,100
SRC,1,JAK2,100
SRC,1,PRKCD,64.70588235294117
STAT2,1,IRF9,100
SUMO1,1,YAP1,100
TCF3,1,MYOD1,100
TLR4,1,MAPK14,100
WNT5A,1,FZD6,100
YAP1,1,TEAD4,100
