"sample","condition"
"GSM894405_HD1.CEL","HD"
"GSM894406_HD2.CEL","HD"
"GSM894407_HD3.CEL","HD"
"GSM894408_MM1.CEL","MM"
"GSM894409_MM2.CEL","MM"
"GSM894410_MM3.CEL","MM"
"GSM894411_MM4.CEL","MM"
"GSM1122628_21mscSoD_0013.CEL","HD"
"GSM1122629_22mscSoD_0014.CEL","HD"
"GSM1122630_23mscSoD_0015.CEL","HD"
"GSM1122631_24mscSoD_0016.CEL","HD"
"GSM1122632_25mscSoD_0017.CEL","HD"
"GSM1122633_26mscSoD_0018.CEL","HD"
"GSM1122634_27mscSoD_0019.CEL","HD"
"GSM1122635_28mscSoD_8417.CEL","HD"
"GSM1122608_01mscCoD_0013.CEL","MM"
"GSM1122609_02mscCoD_0014.CEL","MM"
"GSM1122610_03mscCoD_0015.CEL","MM"
"GSM1122611_04mscCoD_0016.CEL","MM"
"GSM1122612_05mscCoD_0017.CEL","MM"
"GSM1122613_06mscCoD_0018.CEL","MM"
"GSM1122614_07mscCoD_0019.CEL","MM"
"GSM1122615_08mscCoD_8417.CEL","MM"
"GSM2070024_LONZA_MSC_young_1.CEL","HD"
"GSM2070025_LONZA_MSC_young_2.CEL","HD"
"GSM2070026_LONZA_MSC_old_1.CEL","HD"
"GSM2070027_LONZA_MSC_old_2.CEL","HD"
"GSM2070028_MM_MSC_1.CEL","MM"
"GSM2070029_MM_MSC_2.CEL","MM"
"GSM2131534_C507.CEL","HD"
"GSM2131535_C513.CEL","HD"
"GSM2131536_C527.CEL","HD"
"GSM2131537_C533.CEL","HD"
"GSM2131538_C540.CEL","HD"
"GSM2131539_C542.CEL","HD"
"GSM2131540_C568.CEL","HD"
"GSM2131541_C595.CEL","HD"
"GSM2131542_C598.CEL","HD"
"GSM2131543_C612.CEL","HD"
"GSM2131554_M005.CEL","MM"
"GSM2131555_M019.CEL","MM"
"GSM2131556_M023.CEL","MM"
"GSM2131557_M043.CEL","MM"
"GSM2131558_M047.CEL","MM"
"GSM2131559_M059.CEL","MM"
"GSM2131560_M071.CEL","MM"
"GSM2131561_M083.CEL","MM"
"GSM2131562_M137.CEL","MM"
"GSM2131563_M149.CEL","MM"
"GSM2321707_MSC905_ctrl_HG.U133_Plus_2_.CEL","HD"
"GSM2321708_MSC918_ctrl_HG.U133_Plus_2_.CEL","HD"
"GSM2321709_MSC920_ctrl_HG.U133_Plus_2_.CEL","HD"
"GSM2321710_MSC932_ctrl_HG.U133_Plus_2_.CEL","HD"
"GSM2321711_MSC933_ctrl_HG.U133_Plus_2_.CEL","HD"
"GSM2321712_MSC905_koku_HG.U133_Plus_2_.CEL","MM"
"GSM2321713_MSC918_koku_HG.U133_Plus_2_.CEL","MM"
"GSM2321714_MSC920_koku_HG.U133_Plus_2_.CEL","MM"
"GSM2321715_MSC932_koku_HG.U133_Plus_2_.CEL","MM"
"GSM2321716_MSC933_koku_HG.U133_Plus_2_.CEL","MM"
