"ligand","molecular_function_keyword","biological_process_keyword"
"A2M","Protease inhibitor - Serine protease inhibitor",NA
"ACKR1","Blood group antigen - G-protein coupled receptor - Receptor - Transducer",NA
"ADAM10","Hydrolase - Metalloprotease - Protease","Notch signaling pathway"
"ADAM12","Hydrolase - Metalloprotease - Protease","Cell adhesion"
"ADAM15","Hydrolase - Metalloprotease - Protease","Angiogenesis - Cell adhesion - Collagen degradation"
"ADAM28","Hydrolase - Metalloprotease - Protease",NA
"ADGRG6","G-protein coupled receptor - Receptor - Transducer",NA
"ADGRL1","G-protein coupled receptor - Receptor - Transducer",NA
"ADIPOQ",NA,NA
"ADM",NA,NA
"AGRN",NA,NA
"AGT","Vasoactive - Vasoconstrictor",NA
"ALCAM",NA,"Cell adhesion"
"ALOX5AP",NA,"Leukotriene biosynthesis"
"ANGPT1",NA,"Angiogenesis"
"ANGPT2",NA,"Angiogenesis"
"ANGPTL3","Heparin-binding","Angiogenesis - Cell adhesion"
"ANGPTL4",NA,"Angiogenesis"
"ANXA1","Phospholipase A2 inhibitor","Immunity"
"APOB","Heparin-binding","Lipid metabolism - Lipid transport - Steroid metabolism - Transport"
"APOE","Heparin-binding","Lipid metabolism - Lipid transport - Steroid metabolism - Transport"
"APP","Heparin-binding - Protease inhibitor - Serine protease inhibitor","Apoptosis - Cell adhesion - Endocytosis - Notch signaling pathway"
"AREG","Cytokine - Growth factor",NA
"ARF1",NA,"ER-Golgi transport - Transport"
"B2M",NA,"Immunity - MHC I"
"BDNF","Growth factor",NA
"BMP2","Cytokine - Growth factor","Chondrogenesis - Osteogenesis"
"BMP3","Cytokine - Growth factor","Chondrogenesis - Osteogenesis"
"BMP4","Cytokine - Growth factor","Chondrogenesis - Osteogenesis"
"BMP5","Cytokine - Growth factor","Chondrogenesis - Osteogenesis"
"BMP6","Cytokine - Growth factor","Chondrogenesis - Osteogenesis"
"BSPRY",NA,NA
"BTLA",NA,NA
"C3",NA,"Complement alternate pathway - Immunity - Innate immunity"
"C4A",NA,NA
"C4B","Blood group antigen - Blood group antigen","Immunity"
"C4BPA",NA,"Immunity"
"CADM1",NA,"Apoptosis - Cell adhesion - Differentiation - Spermatogenesis"
"CALM2",NA,NA
"CALM3",NA,NA
"CALR","Chaperone",NA
"CAMP",NA,NA
"CCL15","Cytokine - Heparin-binding","Chemotaxis"
"CCL2","Cytokine","Chemotaxis"
"CCL23","Cytokine - Heparin-binding","Chemotaxis"
"CCL28","Cytokine","Chemotaxis"
"CCL3","Cytokine","Chemotaxis"
"CCL3L3",NA,NA
"CCL4","Cytokine","Chemotaxis"
"CCL7","Cytokine - Heparin-binding","Chemotaxis"
"CCL8","Cytokine - Heparin-binding","Chemotaxis"
"CD14",NA,"Immunity"
"CD2",NA,"Cell adhesion"
"CD22",NA,"Cell adhesion"
"CD24",NA,NA
"CD244",NA,"Immunity"
"CD320","Growth factor",NA
"CD34",NA,"Cell adhesion"
"CD40LG","Cytokine",NA
"CD55","Blood group antigen - Host cell receptor for virus entry - Receptor","Immunity"
"CD96",NA,"Cell adhesion"
"CDH1",NA,"Cell adhesion"
"CDH11",NA,"Cell adhesion"
"CDH23",NA,"Cell adhesion - Hearing - Sensory transduction"
"CDHR1",NA,"Cell adhesion"
"CEACAM1",NA,NA
"CFH",NA,"Complement alternate pathway - Immunity - Innate immunity"
"CGN",NA,NA
"CHL1",NA,"Cell adhesion - Neurogenesis"
"CLCF1","Cytokine",NA
"CLSTN1",NA,"Cell adhesion"
"CNTN4",NA,"Cell adhesion"
"COL11A1",NA,NA
"COL18A1",NA,"Cell adhesion"
"COL1A1",NA,NA
"COL1A2",NA,NA
"COL3A1",NA,NA
"COL4A1",NA,"Angiogenesis"
"COL4A2",NA,"Angiogenesis"
"COL4A4",NA,NA
"COL4A5",NA,NA
"COL4A6",NA,"Cell adhesion"
"COL5A2",NA,NA
"COL5A3",NA,NA
"COL6A1",NA,"Cell adhesion"
"COL6A2",NA,"Cell adhesion"
"COL6A3","Protease inhibitor - Serine protease inhibitor","Cell adhesion"
"COL7A1","Protease inhibitor - Serine protease inhibitor","Cell adhesion"
"COLQ",NA,"Neurotransmitter degradation"
"CP",NA,"Copper transport - Ion transport - Transport"
"CRH",NA,NA
"CRTAM",NA,"Cell adhesion"
"CSF1","Cytokine - Growth factor","Immunity"
"CTHRC1",NA,NA
"CTNNB1","Activator","Cell adhesion - Neurogenesis - Transcription - Wnt signaling pathway"
"CXCL1","Cytokine - Growth factor",NA
"CXCL10","Cytokine","Chemotaxis"
"CXCL11","Cytokine","Chemotaxis"
"CXCL12","Cytokine - Growth factor","Chemotaxis"
"CXCL9","Cytokine",NA
"DCN",NA,NA
"DKK1",NA,"Wnt signaling pathway"
"DKK2",NA,"Wnt signaling pathway"
"DLL1",NA,"Notch signaling pathway"
"DSC1",NA,"Cell adhesion"
"DSC2",NA,"Cell adhesion"
"DSC3",NA,"Cell adhesion"
"DSG1",NA,"Cell adhesion"
"DSG3",NA,"Cell adhesion"
"EBI3","Cytokine",NA
"ECM1",NA,"Angiogenesis - Biomineralization - Mineral balance - Osteogenesis"
"EDF1","Activator - Calmodulin-binding","Transcription"
"EDIL3",NA,"Cell adhesion"
"EDN1","Vasoactive - Vasoconstrictor",NA
"EFNA1",NA,"Angiogenesis"
"EFNA2",NA,NA
"EFNA4",NA,NA
"EFNB2","Host cell receptor for virus entry - Receptor","Angiogenesis - Neurogenesis"
"EGF","Growth factor",NA
"EREG","Growth factor - Mitogen","Angiogenesis"
"F10","Hydrolase - Protease - Serine protease",NA
"F13A1","Acyltransferase - Transferase",NA
"F2","Hydrolase - Protease - Serine protease","Acute phase - Blood coagulation - Hemostasis - Thrombophilia"
"F7","Hydrolase - Protease - Serine protease",NA
"F8",NA,"Acute phase - Blood coagulation - Hemophilia - Hemostasis"
"F9","Hydrolase - Protease - Serine protease","Blood coagulation - Hemophilia - Hemostasis - Thrombophilia"
"FARP2","Guanine-nucleotide releasing factor",NA
"FASLG","Cytokine - Repressor","Apoptosis - Transcription"
"FAT4",NA,"Cell adhesion"
"FBLN1",NA,NA
"FBLN2",NA,NA
"FBN1","Heparin-binding",NA
"FGA",NA,"Immunity"
"FGF1","Growth factor - Heparin-binding - Mitogen","Angiogenesis"
"FGF2","Growth factor - Heparin-binding - Mitogen","Angiogenesis"
"FGF5","Growth factor - Mitogen",NA
"FGF6","Growth factor - Mitogen","Angiogenesis"
"FGF7","Growth factor - Heparin-binding - Mitogen",NA
"FGG",NA,NA
"FGL1",NA,NA
"FN1","Heparin-binding","Acute phase - Angiogenesis - Cell adhesion"
"FST",NA,NA
"FYN","Kinase - Transferase - Tyrosine-protein kinase",NA
"FZD6","G-protein coupled receptor - Receptor - Transducer","Wnt signaling pathway"
"GAD1","Decarboxylase - Lyase","Neurotransmitter biosynthesis"
"GALC","Glycosidase - Hydrolase","Lipid metabolism - Sphingolipid metabolism"
"GAS6",NA,"Growth regulation"
"GDF15","Cytokine - Growth factor",NA
"GDF5","Cytokine - Growth factor","Chondrogenesis"
"GDNF","Growth factor",NA
"GMFG","Growth factor",NA
"GNAI2",NA,"Cell cycle"
"GNAS",NA,NA
"GNRH1",NA,NA
"GPI","Cytokine - Growth factor","Gluconeogenesis - Glycolysis"
"GREM1","Cytokine",NA
"GRN","Cytokine",NA
"GSTP1",NA,NA
"GZMB","Hydrolase - Protease - Serine protease","Apoptosis"
"HBEGF","Growth factor - Heparin-binding",NA
"HGF","Growth factor - Serine protease homolog",NA
"HLA-B",NA,"Immunity - MHC I"
"HLA-E",NA,"Immunity - MHC I"
"HLA-G",NA,"Immunity - MHC I"
"HMGB1",NA,"Autophagy - Chemotaxis - DNA damage - Immunity"
"HSP90AA1","Chaperone","Stress response"
"HSP90B1","Chaperone",NA
"IBSP",NA,"Biomineralization - Cell adhesion"
"ICAM1","Host cell receptor for virus entry - Receptor","Cell adhesion"
"ICAM2",NA,"Cell adhesion"
"ICAM3",NA,"Cell adhesion - Phagocytosis"
"ICAM4","Blood group antigen","Cell adhesion"
"IFNG","Cytokine","Antiviral defense - Growth regulation"
"IGF1","Growth factor",NA
"IGF2","Growth factor - Mitogen","Carbohydrate metabolism - Glucose metabolism - Osteogenesis"
"IGFBP4","Growth factor binding",NA
"IHH","Hydrolase",NA
"IL12A","Cytokine - Growth factor",NA
"IL15","Cytokine",NA
"IL16","Cytokine","Chemotaxis - Transcription"
"IL18","Cytokine",NA
"IL1A","Cytokine - Mitogen - Pyrogen","Inflammatory response - Pyrogen"
"IL1B","Cytokine - Mitogen - Pyrogen","Inflammatory response - Pyrogen"
"IL1RN",NA,NA
"IL2","Cytokine - Growth factor",NA
"IL21","Cytokine",NA
"IL22","Cytokine",NA
"IL26","Cytokine",NA
"IL4","Cytokine - Growth factor","B-cell activation"
"IL6","Cytokine - Growth factor","Acute phase"
"IL7","Cytokine - Growth factor",NA
"INHA","Growth factor",NA
"INHBB","Growth factor",NA
"INSL3",NA,NA
"ITPR1","Calcium channel - Ion channel - Ligand-gated ion channel","Apoptosis - Calcium channel - Calcium transport - Ion channel - Ion transport - Ligand-gated ion channel - Transport"
"IZUMO1",NA,"Fertilization"
"JAG2",NA,"Notch signaling pathway"
"JAM2",NA,NA
"JAM3",NA,"Angiogenesis - Cell adhesion - Differentiation - Spermatogenesis"
"JAML",NA,"Cell adhesion"
"KITLG","Growth factor","Cell adhesion"
"KNG1","Protease inhibitor - Thiol protease inhibitor - Vasoactive - Vasodilator",NA
"L1CAM",NA,"Cell adhesion - Neurogenesis"
"LAMA3",NA,"Cell adhesion"
"LAMA4",NA,"Cell adhesion"
"LAMA5",NA,"Cell adhesion"
"LAMB1",NA,"Cell adhesion"
"LAMB3",NA,"Cell adhesion"
"LAMC1",NA,"Cell adhesion"
"LAMC2","Heparin-binding","Cell adhesion"
"LCN2",NA,"Apoptosis - Immunity - Ion transport - Iron transport - Transport"
"LGALS3BP",NA,"Cell adhesion"
"LIF","Cytokine - Growth factor",NA
"LIN7C",NA,"Exocytosis"
"LPL","Heparin-binding",NA
"LRPAP1","Heparin-binding",NA
"LTB","Cytokine",NA
"LTBP1","Growth factor binding",NA
"LTBP3","Growth factor binding",NA
"LYN","Kinase - Transferase - Tyrosine-protein kinase","Immunity"
"MAP7",NA,NA
"MDK","Growth factor - Heparin-binding - Mitogen",NA
"MFAP5",NA,NA
"MFGE8",NA,"Angiogenesis - Cell adhesion - Fertilization"
"MMP2","Hydrolase - Metalloprotease - Protease","Angiogenesis - Collagen degradation"
"MMP9","Hydrolase - Metalloprotease - Protease","Collagen degradation"
"MX1",NA,"Antiviral defense - Immunity"
"MYOC",NA,NA
"NAMPT","Cytokine - Glycosyltransferase - Transferase","Biological rhythms - Pyridine nucleotide biosynthesis"
"NCAM1","Host cell receptor for virus entry - Receptor","Cell adhesion"
"NECTIN1","Host cell receptor for virus entry - Receptor","Cell adhesion"
"NECTIN2","Host cell receptor for virus entry - Receptor","Cell adhesion"
"NECTIN3",NA,"Cell adhesion"
"NENF",NA,NA
"NFASC",NA,"Cell adhesion"
"NGF","Growth factor - Metalloenzyme inhibitor - Metalloprotease inhibitor - Protease inhibitor",NA
"NID1",NA,"Cell adhesion"
"NID2",NA,"Cell adhesion"
"NLGN1",NA,"Biological rhythms - Cell adhesion"
"NLGN2",NA,"Cell adhesion"
"NLGN4X",NA,"Cell adhesion"
"NMB",NA,"Immunity"
"NMU","Neuropeptide",NA
"NPY","Neuropeptide",NA
"NR1D1","Activator - Repressor","Biological rhythms - Transcription"
"NR1D2","Activator - Repressor","Biological rhythms - Transcription"
"NR2F1","Activator - Repressor","Transcription"
"NRG1","Growth factor",NA
"NRG2","Growth factor",NA
"NRG3","Growth factor",NA
"NRG4","Growth factor",NA
"NTF3","Growth factor",NA
"NTN1",NA,"Apoptosis"
"NTN4",NA,NA
"NTNG2",NA,NA
"NTS",NA,NA
"NUCB2","Guanine-nucleotide releasing factor",NA
"OLFM2",NA,NA
"OMG",NA,"Cell adhesion"
"OXT",NA,NA
"PACS2",NA,"Apoptosis"
"PCSK9","Hydrolase - Protease - Serine protease","Apoptosis - Lipid metabolism - Steroid metabolism"
"PDGFC","Growth factor - Mitogen",NA
"PDGFD","Growth factor - Mitogen",NA
"PENK","Endorphin - Neuropeptide - Opioid peptide",NA
"PF4","Cytokine - Heparin-binding","Chemotaxis"
"PGF","Growth factor - Heparin-binding - Mitogen","Angiogenesis"
"PKD2","Calcium channel - Ion channel - Potassium channel - Voltage-gated channel","Calcium channel - Calcium transport - Ion channel - Ion transport - Potassium channel - Potassium transport - Transport - Voltage-gated channel - Wnt signaling pathway"
"PKM","Allosteric enzyme","Glycolysis - Translation regulation"
"PLAT","Hydrolase - Protease - Serine protease","Plasminogen activation"
"PLAU","Hydrolase - Protease - Serine protease","Blood coagulation - Fibrinolysis - Hemostasis - Plasminogen activation"
"PLCB2",NA,NA
"PNOC","Neuropeptide - Neurotransmitter - Opioid peptide",NA
"PODXL",NA,"Cell adhesion"
"PROC","Hydrolase - Protease - Serine protease","Blood coagulation - Hemostasis - Thrombophilia"
"PROK1","Growth factor - Mitogen","Angiogenesis"
"PROK2","Neuropeptide","Biological rhythms"
"PROS1",NA,"Blood coagulation - Fibrinolysis - Hemostasis - Thrombophilia"
"PSAP",NA,"Lipid metabolism - Sphingolipid metabolism"
"PSPN","Growth factor",NA
"PTGS2","Dioxygenase - Oxidoreductase","Fatty acid biosynthesis - Fatty acid metabolism - Lipid biosynthesis - Lipid metabolism - Prostaglandin biosynthesis - Prostaglandin metabolism"
"PTHLH",NA,NA
"RARRES2",NA,"Chemotaxis"
"RBP4",NA,"Sensory transduction"
"RELN","Hydrolase - Protease - Serine protease","Cell adhesion"
"RGMA",NA,NA
"RGMB",NA,NA
"RLN3",NA,NA
"RNASE2","Hydrolase","Chemotaxis"
"RNF4","Activator","Transcription - Ubl conjugation pathway"
"RPS19","Ribonucleoprotein - Ribosomal protein",NA
"RSPO4","Heparin-binding","Wnt signaling pathway"
"RTN4",NA,"Neurogenesis"
"S100A10",NA,NA
"S100A8",NA,"Apoptosis - Autophagy - Chemotaxis - Immunity"
"S100A9","Antioxidant","Apoptosis - Autophagy - Chemotaxis - Immunity"
"SCG5","Chaperone - Neuropeptide",NA
"SCT",NA,NA
"SEMA3A",NA,"Neurogenesis"
"SEMA3C",NA,"Neurogenesis"
"SEMA3F",NA,NA
"SEMA4C",NA,"Neurogenesis"
"SEMA4D",NA,"Neurogenesis"
"SEMA6A",NA,"Neurogenesis"
"SEMA7A",NA,"Neurogenesis"
"SERPINA1","Protease inhibitor - Serine protease inhibitor","Acute phase"
"SERPINE1","Protease inhibitor - Serine protease inhibitor",NA
"SERPINE2","Heparin-binding - Protease inhibitor - Serine protease inhibitor","Neurogenesis"
"SFRP1",NA,"Wnt signaling pathway"
"SHBG",NA,NA
"SIGLEC15",NA,NA
"SIGLEC9",NA,"Cell adhesion"
"SLAMF1","Host cell receptor for virus entry - Receptor","Cell adhesion - Immunity - Phagocytosis"
"SLIT2",NA,NA
"SLIT3",NA,"Neurogenesis"
"SLPI","Protease inhibitor - Serine protease inhibitor","Immunity"
"SNX2",NA,NA
"SORBS1",NA,NA
"SORT1",NA,"Endocytosis - Osteogenesis"
"SPINK1","Protease inhibitor - Serine protease inhibitor",NA
"SPP1","Cytokine","Biomineralization - Cell adhesion"
"TAC3","Neuropeptide",NA
"TCTN1",NA,"Cilium biogenesis/degradation"
"TF",NA,"Ion transport - Iron transport - Transport"
"TFPI","Protease inhibitor - Serine protease inhibitor",NA
"TGFA","Growth factor - Mitogen",NA
"TGFB2","Growth factor - Mitogen",NA
"TGM2","Acyltransferase - Hydrolase - Transferase",NA
"THBS1","Heparin-binding","Cell adhesion - Unfolded protein response"
"THBS2","Heparin-binding","Cell adhesion"
"THY1",NA,NA
"TIMP1","Growth factor - Metalloenzyme inhibitor - Metalloprotease inhibitor - Protease inhibitor",NA
"TIMP3","Metalloenzyme inhibitor - Metalloprotease inhibitor - Protease inhibitor","Sensory transduction"
"TNC",NA,"Cell adhesion"
"TNF","Cytokine",NA
"TNFSF10","Cytokine","Apoptosis"
"TNFSF11","Cytokine",NA
"TNFSF12","Cytokine","Angiogenesis - Apoptosis"
"TNFSF13","Cytokine",NA
"TNFSF13B","Cytokine",NA
"TNFSF14","Cytokine",NA
"TNFSF8","Cytokine",NA
"VEGFA","Growth factor - Heparin-binding - Mitogen","Angiogenesis"
"VEGFB","Growth factor - Heparin-binding - Mitogen",NA
"VEGFC","Growth factor - Mitogen","Angiogenesis"
"WNT16",NA,"Wnt signaling pathway"
"WNT5A",NA,"Chondrogenesis - Wnt signaling pathway"
"WNT7B",NA,"Wnt signaling pathway"
