"hgnc_symbol","entrez_id"
"LAMC1",3915
"PROS1",5627
"COL4A5",1287
"GDNF",2668
"PDGFC",56034
"CCL2",6347
"AREG",374
"SEMA7A",8482
"SEMA6A",57556
"NLGN2",57555
"A2M",2
"RPS19",6223
"CALR",811
"ADM",133
"LIF",3976
"COL7A1",1294
"NMU",10874
"TNC",3371
"IL16",3603
"WNT5A",7474
"B2M",567
"CALM2",805
"GPI",2821
"ECM1",1893
"SEMA4C",54910
"SIGLEC15",284266
"CLSTN1",22883
"GDF5",8200
"PGF",5228
"NECTIN3",25945
"SLIT2",9353
"MMP2",4313
"CTHRC1",115908
"VEGFA",7422
"RNF4",6047
"FN1",2335
"NMB",4828
"LTBP1",4052
"PTHLH",5744
"LAMA5",3911
"IBSP",3381
"TCTN1",79600
"COL6A3",1293
"ARF1",375
"OLFM2",93145
"PCSK9",255738
"SCG5",6447
"COL5A3",50509
"CCL28",56477
"JAM2",58494
"JAM3",83700
"EREG",2069
"RSPO4",343637
"COL6A2",1292
"NR2F1",7025
"CLCF1",23529
"FGF2",2247
"NRG1",3084
"FGF5",2250
"PKM",5315
"ANGPTL4",51129
"TNFSF13B",10673
"HLA-G",3135
"IGFBP4",3487
"NTN4",59277
"THBS1",7057
"PROC",5624
"PKD2",5311
"HLA-E",3133
"GNAS",2778
"TFPI",7035
"CXCL1",2919
"PTGS2",5743
"FGF7",2252
"CXCL12",6387
"LYN",4067
"HBEGF",1839
"LAMA4",3910
"VEGFB",7423
"GMFG",9535
