"","Plasma Cells","Bone Marrow Stromal Cells","Endothelial Cells","Osteocytes","Osteogenic Precursor Cells","Adipocytes","Natural Killer Cells","Neutrophils","Macrophages","Regulatory T Cells","Hematopoietic Stem Cells","Whole Bone Marrow","ligand"
"CD24",1,NA,NA,1,NA,NA,NA,NA,NA,NA,NA,1,"CD24"
"CDH11",1,NA,1,NA,NA,NA,NA,NA,NA,NA,NA,NA,"CDH11"
"EBI3",1,NA,NA,NA,NA,NA,NA,NA,NA,1,NA,NA,"EBI3"
"CD96",1,NA,NA,NA,NA,NA,NA,NA,NA,NA,NA,NA,"CD96"
"SORBS1",1,NA,NA,NA,NA,NA,NA,NA,NA,NA,NA,NA,"SORBS1"
"TNFSF13B",1,1,NA,NA,NA,NA,NA,1,NA,NA,NA,1,"TNFSF13B"
"NRG3",1,NA,NA,NA,NA,NA,NA,NA,NA,NA,NA,1,"NRG3"
"CHL1",1,NA,NA,NA,NA,NA,NA,NA,NA,NA,NA,NA,"CHL1"
"ADAM28",1,NA,NA,NA,NA,NA,1,NA,NA,NA,NA,NA,"ADAM28"
"RLN3",1,NA,NA,NA,NA,NA,NA,NA,NA,NA,NA,NA,"RLN3"
"JAML",1,NA,NA,NA,NA,NA,NA,NA,NA,NA,NA,1,"JAML"
"COL3A1",1,NA,1,1,NA,NA,NA,NA,NA,NA,NA,NA,"COL3A1"
"ADM",1,1,1,NA,NA,NA,NA,NA,NA,NA,NA,1,"ADM"
"CP",1,NA,NA,NA,NA,NA,NA,NA,NA,NA,NA,NA,"CP"
"CSF1",1,NA,1,NA,NA,NA,NA,NA,NA,1,NA,NA,"CSF1"
"NRG4",1,NA,NA,NA,NA,NA,NA,NA,NA,NA,NA,NA,"NRG4"
"DCN",1,NA,1,NA,NA,NA,NA,NA,NA,NA,NA,NA,"DCN"
"DSC1",1,NA,NA,NA,NA,NA,NA,NA,NA,NA,NA,NA,"DSC1"
"DSC2",1,NA,NA,1,NA,NA,NA,NA,NA,NA,NA,NA,"DSC2"
"DSC3",1,NA,NA,NA,NA,NA,NA,NA,NA,NA,NA,NA,"DSC3"
"DSG1",1,NA,NA,NA,NA,NA,NA,NA,NA,NA,NA,NA,"DSG1"
"AGT",1,NA,NA,NA,NA,NA,NA,NA,NA,NA,NA,NA,"AGT"
"DSG3",1,NA,NA,NA,NA,NA,NA,1,NA,NA,NA,NA,"DSG3"
"EFNA1",1,NA,1,1,NA,NA,NA,NA,NA,NA,NA,NA,"EFNA1"
"EGF",1,NA,NA,1,NA,NA,NA,NA,NA,NA,NA,1,"EGF"
"A2M",1,1,NA,1,NA,NA,NA,NA,NA,NA,NA,NA,"A2M"
"EREG",1,1,NA,NA,NA,1,NA,NA,NA,NA,NA,NA,"EREG"
"F9",1,NA,NA,NA,NA,NA,NA,NA,NA,NA,NA,NA,"F9"
"F13A1",1,NA,NA,NA,NA,NA,NA,NA,NA,NA,NA,NA,"F13A1"
"FBLN1",1,NA,NA,NA,NA,NA,NA,NA,NA,NA,NA,NA,"FBLN1"
"FBLN2",1,NA,NA,NA,NA,NA,NA,NA,NA,NA,NA,1,"FBLN2"
"FBN1",1,NA,NA,1,NA,NA,NA,NA,NA,NA,NA,NA,"FBN1"
"FGA",1,NA,NA,NA,NA,NA,NA,NA,NA,NA,NA,NA,"FGA"
"FGG",1,NA,NA,NA,NA,NA,NA,NA,NA,NA,NA,NA,"FGG"
"FGL1",1,NA,NA,NA,NA,1,NA,NA,NA,NA,NA,NA,"FGL1"
"DKK1",1,NA,NA,NA,NA,NA,NA,NA,NA,NA,NA,1,"DKK1"
"ACKR1",1,NA,NA,NA,NA,NA,NA,NA,NA,NA,NA,1,"ACKR1"
"FYN",1,NA,NA,NA,NA,NA,NA,NA,NA,NA,NA,NA,"FYN"
"SIGLEC9",1,NA,NA,NA,NA,NA,NA,NA,NA,NA,NA,NA,"SIGLEC9"
"ANGPTL3",1,NA,NA,NA,NA,NA,NA,NA,NA,NA,NA,NA,"ANGPTL3"
"GNAS",1,1,NA,NA,NA,NA,NA,NA,NA,NA,NA,NA,"GNAS"
"ANGPT1",1,NA,NA,NA,NA,NA,NA,NA,NA,NA,NA,NA,"ANGPT1"
"IZUMO1",1,NA,NA,NA,NA,NA,NA,NA,NA,NA,NA,NA,"IZUMO1"
"ANGPT2",1,NA,NA,NA,NA,NA,NA,NA,NA,NA,NA,NA,"ANGPT2"
"RGMB",1,NA,NA,1,NA,NA,NA,NA,NA,NA,NA,NA,"RGMB"
"CXCL1",1,1,NA,NA,NA,NA,NA,NA,NA,NA,NA,1,"CXCL1"
"HGF",1,NA,NA,NA,NA,NA,NA,NA,1,NA,NA,1,"HGF"
"HLA-E",1,1,NA,NA,NA,NA,NA,NA,1,1,NA,1,"HLA-E"
"TNC",1,1,NA,1,NA,1,NA,NA,NA,NA,NA,NA,"TNC"
"APOB",1,NA,NA,NA,NA,NA,NA,NA,NA,NA,NA,NA,"APOB"
"IBSP",1,1,NA,NA,NA,NA,NA,NA,NA,NA,NA,NA,"IBSP"
"ICAM3",1,NA,NA,NA,NA,NA,NA,NA,NA,NA,NA,NA,"ICAM3"
"IFNG",1,NA,NA,NA,NA,NA,NA,NA,NA,NA,NA,NA,"IFNG"
"IGF1",1,NA,NA,NA,NA,NA,NA,NA,NA,NA,NA,1,"IGF1"
"APOE",1,NA,NA,NA,NA,NA,NA,NA,1,NA,NA,NA,"APOE"
"IGFBP4",1,1,1,NA,NA,NA,NA,NA,NA,NA,NA,NA,"IGFBP4"
"IL2",1,NA,NA,NA,NA,NA,NA,NA,NA,NA,NA,NA,"IL2"
"FASLG",1,NA,NA,NA,NA,NA,NA,NA,NA,NA,NA,NA,"FASLG"
"IL4",1,NA,NA,NA,NA,NA,NA,NA,NA,NA,NA,NA,"IL4"
"IL18",1,NA,NA,NA,NA,NA,NA,NA,NA,NA,NA,1,"IL18"
"INHBB",1,NA,NA,NA,NA,NA,NA,NA,NA,NA,NA,NA,"INHBB"
"KNG1",1,NA,NA,NA,NA,NA,NA,NA,NA,NA,NA,NA,"KNG1"
"LAMC1",1,1,NA,NA,NA,NA,NA,NA,1,1,NA,1,"LAMC1"
"LCN2",1,NA,NA,NA,NA,NA,NA,NA,NA,NA,NA,1,"LCN2"
"LPL",1,NA,NA,1,NA,NA,NA,NA,NA,NA,NA,NA,"LPL"
"LRPAP1",1,NA,NA,NA,NA,NA,NA,NA,1,NA,NA,NA,"LRPAP1"
"KITLG",1,NA,NA,NA,NA,NA,NA,NA,NA,NA,NA,NA,"KITLG"
"CXCL9",1,NA,NA,NA,NA,NA,NA,NA,NA,NA,NA,1,"CXCL9"
"MMP2",1,1,NA,NA,NA,NA,NA,NA,NA,NA,NA,NA,"MMP2"
"MMP9",1,NA,NA,NA,NA,1,NA,NA,NA,NA,NA,1,"MMP9"
"MYOC",1,NA,NA,NA,NA,NA,NA,NA,NA,NA,NA,NA,"MYOC"
"NCAM1",1,NA,NA,NA,NA,NA,NA,NA,NA,NA,NA,NA,"NCAM1"
"NID1",1,NA,NA,NA,NA,NA,NA,NA,NA,NA,NA,NA,"NID1"
"NMB",1,1,NA,NA,NA,NA,NA,NA,NA,NA,NA,NA,"NMB"
"NPY",1,NA,NA,NA,NA,NA,NA,NA,1,NA,NA,NA,"NPY"
"NTS",1,NA,NA,NA,NA,NA,NA,NA,NA,NA,NA,NA,"NTS"
"NUCB2",1,NA,NA,NA,NA,NA,NA,NA,NA,NA,NA,1,"NUCB2"
"IL22",1,NA,NA,NA,NA,NA,NA,NA,NA,NA,NA,NA,"IL22"
"CD320",1,NA,NA,NA,NA,NA,NA,NA,NA,NA,NA,1,"CD320"
"CD244",1,NA,NA,NA,NA,NA,NA,NA,NA,NA,NA,1,"CD244"
"PF4",1,NA,NA,NA,NA,NA,NA,NA,NA,NA,NA,1,"PF4"
"SERPINA1",1,NA,NA,NA,NA,NA,NA,NA,NA,NA,NA,NA,"SERPINA1"
"PLCB2",1,NA,NA,NA,NA,NA,NA,NA,NA,1,NA,NA,"PLCB2"
"LIN7C",1,NA,NA,NA,NA,NA,NA,NA,NA,NA,NA,NA,"LIN7C"
"IL26",1,NA,NA,NA,NA,NA,NA,NA,NA,NA,NA,NA,"IL26"
"PDGFC",1,1,NA,NA,NA,NA,NA,NA,1,NA,NA,NA,"PDGFC"
"CRTAM",1,NA,NA,NA,NA,NA,NA,NA,NA,NA,NA,NA,"CRTAM"
"PROS1",1,1,NA,NA,NA,NA,NA,NA,NA,NA,NA,1,"PROS1"
"CCL28",1,1,NA,NA,1,NA,NA,NA,NA,NA,NA,NA,"CCL28"
"B2M",1,1,NA,NA,NA,NA,NA,NA,NA,1,NA,NA,"B2M"
"RGMA",1,NA,NA,NA,NA,NA,NA,NA,NA,NA,NA,NA,"RGMA"
"SEMA6A",1,1,NA,NA,NA,NA,NA,NA,NA,NA,NA,NA,"SEMA6A"
"NECTIN1",1,NA,NA,NA,NA,NA,NA,NA,NA,NA,NA,NA,"NECTIN1"
"NECTIN2",1,NA,1,NA,NA,NA,NA,NA,NA,NA,NA,NA,"NECTIN2"
"IL21",1,NA,NA,NA,NA,NA,NA,NA,NA,NA,NA,NA,"IL21"
"RARRES2",1,NA,NA,NA,NA,NA,NA,NA,NA,NA,NA,NA,"RARRES2"
"RBP4",1,NA,NA,NA,NA,NA,NA,NA,NA,NA,NA,NA,"RBP4"
"RNASE2",1,NA,NA,NA,NA,NA,NA,NA,NA,NA,NA,1,"RNASE2"
"PROK2",1,NA,NA,NA,NA,NA,NA,NA,NA,NA,NA,1,"PROK2"
"RPS19",1,1,NA,NA,NA,NA,NA,NA,NA,NA,NA,1,"RPS19"
"S100A8",1,NA,NA,NA,NA,NA,NA,NA,NA,NA,NA,NA,"S100A8"
"S100A9",1,NA,NA,NA,NA,NA,NA,NA,NA,NA,NA,NA,"S100A9"
"CEACAM1",1,NA,NA,NA,NA,NA,NA,NA,NA,NA,NA,1,"CEACAM1"
"SCT",1,NA,NA,NA,NA,NA,NA,NA,NA,NA,NA,NA,"SCT"
"CCL2",1,1,NA,NA,NA,NA,NA,NA,NA,NA,NA,NA,"CCL2"
"CCL8",1,NA,NA,NA,NA,NA,NA,NA,1,NA,NA,NA,"CCL8"
"CCL23",1,NA,NA,NA,NA,1,NA,NA,1,NA,NA,NA,"CCL23"
"CXCL12",1,1,1,NA,NA,1,NA,NA,NA,NA,NA,1,"CXCL12"
"CDH23",1,NA,NA,NA,NA,NA,NA,NA,NA,NA,NA,NA,"CDH23"
"SFRP1",1,NA,1,NA,NA,NA,NA,NA,NA,NA,NA,NA,"SFRP1"
"BMP3",1,NA,NA,NA,NA,NA,NA,NA,NA,NA,NA,NA,"BMP3"
"BMP5",1,NA,NA,NA,NA,NA,NA,NA,NA,NA,NA,NA,"BMP5"
"BMP6",1,NA,1,NA,NA,NA,NA,NA,NA,NA,NA,1,"BMP6"
"SLPI",1,NA,NA,NA,NA,NA,1,NA,NA,NA,NA,1,"SLPI"
"SPINK1",1,NA,NA,NA,NA,NA,NA,NA,NA,NA,NA,NA,"SPINK1"
"TAC3",1,NA,NA,NA,NA,NA,NA,NA,NA,NA,NA,NA,"TAC3"
"TF",1,NA,NA,NA,NA,NA,NA,NA,NA,NA,NA,NA,"TF"
"TGM2",1,NA,NA,1,NA,NA,NA,NA,1,NA,NA,NA,"TGM2"
"TIMP3",1,NA,1,NA,NA,NA,NA,NA,NA,NA,NA,NA,"TIMP3"
"C3",1,NA,NA,NA,NA,NA,NA,NA,1,NA,NA,NA,"C3"
"C4BPA",1,NA,NA,NA,NA,NA,NA,NA,NA,NA,NA,NA,"C4BPA"
"VEGFB",1,1,NA,NA,NA,NA,NA,NA,1,NA,NA,NA,"VEGFB"
"WNT5A",1,1,1,NA,NA,NA,NA,NA,NA,NA,NA,1,"WNT5A"
"MFAP5",1,NA,1,NA,NA,NA,NA,NA,NA,NA,NA,NA,"MFAP5"
"COL18A1",1,NA,1,NA,NA,NA,NA,1,NA,NA,NA,1,"COL18A1"
"CALM3",1,NA,NA,NA,NA,NA,NA,NA,NA,NA,NA,NA,"CALM3"
"CAMP",1,NA,NA,NA,NA,1,NA,NA,NA,NA,NA,1,"CAMP"
"FZD6",1,NA,NA,NA,NA,NA,NA,NA,NA,NA,NA,1,"FZD6"
"NTNG2",1,NA,NA,NA,NA,NA,NA,NA,NA,1,NA,1,"NTNG2"
"TNFSF11",1,NA,NA,NA,NA,NA,1,NA,NA,NA,NA,1,"TNFSF11"
"EDF1",1,NA,NA,NA,NA,NA,NA,NA,NA,1,NA,1,"EDF1"
"MAP7",1,NA,NA,NA,NA,NA,NA,NA,NA,NA,NA,NA,"MAP7"
"CD2",1,NA,NA,NA,NA,NA,NA,NA,NA,1,NA,NA,"CD2"
"CD14",1,NA,NA,1,NA,NA,NA,NA,NA,NA,NA,NA,"CD14"
"CD22",1,NA,NA,NA,NA,NA,NA,NA,NA,NA,NA,1,"CD22"
"ADIPOQ",1,NA,NA,NA,NA,NA,NA,NA,NA,NA,NA,NA,"ADIPOQ"
"NTN1",1,NA,NA,NA,NA,NA,NA,NA,NA,NA,NA,NA,"NTN1"
"CD34",1,NA,NA,NA,NA,NA,NA,NA,NA,NA,NA,NA,"CD34"
"NRG2",1,NA,NA,NA,NA,NA,NA,NA,NA,NA,NA,NA,"NRG2"
"NR1D1",1,NA,NA,NA,NA,NA,NA,NA,NA,NA,NA,NA,"NR1D1"
"CD40LG",1,NA,NA,NA,NA,NA,NA,NA,NA,NA,NA,NA,"CD40LG"
"CDH1",1,NA,NA,NA,NA,NA,NA,NA,NA,NA,NA,NA,"CDH1"
"NMU",NA,1,NA,NA,NA,NA,NA,NA,NA,NA,NA,NA,"NMU"
"CTHRC1",NA,1,NA,NA,NA,NA,NA,NA,NA,NA,NA,1,"CTHRC1"
"COL4A5",NA,1,1,NA,NA,NA,NA,NA,NA,NA,NA,1,"COL4A5"
"COL6A2",NA,1,1,NA,NA,NA,NA,NA,NA,NA,NA,NA,"COL6A2"
"COL6A3",NA,1,1,NA,NA,NA,NA,NA,NA,NA,NA,NA,"COL6A3"
"COL7A1",NA,1,1,NA,NA,NA,NA,NA,NA,NA,NA,NA,"COL7A1"
"HBEGF",NA,1,NA,NA,NA,NA,NA,NA,NA,NA,NA,NA,"HBEGF"
"ECM1",NA,1,1,NA,NA,NA,NA,NA,1,NA,NA,NA,"ECM1"
"FGF2",NA,1,NA,NA,NA,NA,NA,NA,NA,NA,NA,1,"FGF2"
"FGF5",NA,1,NA,1,NA,NA,NA,NA,NA,NA,NA,NA,"FGF5"
"FGF7",NA,1,1,NA,NA,NA,NA,NA,NA,NA,NA,1,"FGF7"
"CLSTN1",NA,1,NA,NA,NA,NA,NA,NA,NA,NA,NA,1,"CLSTN1"
"FN1",NA,1,1,1,NA,NA,NA,NA,NA,NA,NA,NA,"FN1"
"CLCF1",NA,1,NA,NA,NA,NA,NA,NA,NA,NA,NA,NA,"CLCF1"
"PCSK9",NA,1,NA,NA,NA,NA,NA,NA,NA,NA,NA,NA,"PCSK9"
"NECTIN3",NA,1,NA,NA,NA,NA,NA,NA,NA,NA,NA,1,"NECTIN3"
"GDNF",NA,1,NA,NA,NA,NA,NA,NA,NA,NA,NA,NA,"GDNF"
"GPI",NA,1,NA,NA,1,NA,NA,NA,NA,NA,NA,1,"GPI"
"SIGLEC15",NA,1,NA,NA,NA,NA,NA,NA,NA,NA,NA,NA,"SIGLEC15"
"NRG1",NA,1,NA,NA,NA,NA,NA,NA,NA,NA,NA,NA,"NRG1"
"HLA-G",NA,1,NA,NA,NA,NA,NA,NA,NA,NA,NA,NA,"HLA-G"
"RSPO4",NA,1,NA,NA,NA,NA,NA,NA,NA,NA,NA,NA,"RSPO4"
"IL16",NA,1,NA,NA,NA,NA,NA,NA,1,NA,NA,NA,"IL16"
"AREG",NA,1,NA,NA,NA,NA,NA,NA,NA,NA,NA,NA,"AREG"
"ARF1",NA,1,NA,NA,NA,NA,NA,NA,NA,NA,NA,NA,"ARF1"
"LAMA4",NA,1,1,NA,NA,NA,NA,NA,NA,NA,NA,NA,"LAMA4"
"LAMA5",NA,1,1,1,NA,NA,NA,NA,NA,NA,NA,1,"LAMA5"
"LIF",NA,1,1,NA,NA,NA,NA,NA,1,NA,NA,NA,"LIF"
"LTBP1",NA,1,NA,NA,NA,NA,NA,NA,NA,NA,NA,NA,"LTBP1"
"LYN",NA,1,NA,NA,NA,NA,NA,NA,1,NA,NA,NA,"LYN"
"COL5A3",NA,1,NA,1,NA,NA,NA,NA,NA,NA,NA,NA,"COL5A3"
"ANGPTL4",NA,1,NA,NA,1,NA,NA,NA,NA,NA,NA,NA,"ANGPTL4"
"PGF",NA,1,NA,1,1,NA,NA,NA,NA,NA,1,NA,"PGF"
"PKD2",NA,1,NA,NA,NA,NA,NA,NA,NA,NA,NA,NA,"PKD2"
"PKM",NA,1,NA,NA,NA,NA,NA,NA,NA,NA,NA,NA,"PKM"
"SEMA4C",NA,1,NA,NA,NA,NA,NA,NA,NA,NA,NA,NA,"SEMA4C"
"PROC",NA,1,NA,NA,NA,NA,NA,NA,NA,NA,NA,NA,"PROC"
"PTGS2",NA,1,NA,NA,NA,NA,NA,NA,NA,NA,NA,1,"PTGS2"
"PTHLH",NA,1,1,NA,NA,NA,NA,NA,NA,NA,NA,1,"PTHLH"
"NLGN2",NA,1,NA,NA,NA,NA,NA,NA,NA,NA,NA,NA,"NLGN2"
"JAM2",NA,1,NA,NA,NA,NA,NA,NA,NA,NA,NA,NA,"JAM2"
"NTN4",NA,1,NA,NA,NA,NA,NA,NA,NA,NA,NA,NA,"NTN4"
"RNF4",NA,1,NA,NA,NA,NA,NA,NA,1,NA,NA,NA,"RNF4"
"SCG5",NA,1,NA,NA,NA,NA,NA,NA,NA,NA,NA,NA,"SCG5"
"NR2F1",NA,1,NA,NA,NA,NA,NA,NA,NA,NA,NA,1,"NR2F1"
"TFPI",NA,1,NA,1,NA,NA,NA,NA,NA,NA,NA,NA,"TFPI"
"THBS1",NA,1,NA,NA,NA,NA,NA,NA,NA,NA,NA,NA,"THBS1"
"VEGFA",NA,1,1,1,1,NA,NA,NA,NA,NA,1,NA,"VEGFA"
"TCTN1",NA,1,1,NA,NA,NA,NA,NA,NA,NA,NA,NA,"TCTN1"
"CALM2",NA,1,NA,NA,NA,NA,NA,1,NA,NA,NA,NA,"CALM2"
"CALR",NA,1,NA,NA,NA,NA,1,NA,NA,NA,NA,NA,"CALR"
"GDF5",NA,1,NA,NA,NA,NA,NA,NA,NA,NA,NA,NA,"GDF5"
"JAM3",NA,1,NA,NA,NA,NA,NA,NA,NA,NA,NA,NA,"JAM3"
"SEMA7A",NA,1,NA,NA,NA,NA,NA,NA,NA,1,NA,NA,"SEMA7A"
"OLFM2",NA,1,NA,NA,NA,NA,NA,NA,NA,NA,NA,NA,"OLFM2"
"SLIT2",NA,1,NA,NA,NA,NA,NA,NA,NA,NA,NA,1,"SLIT2"
"GMFG",NA,1,NA,NA,NA,NA,NA,NA,NA,NA,NA,1,"GMFG"
"FST",NA,NA,1,1,NA,NA,NA,NA,NA,NA,NA,NA,"FST"
"COL1A1",NA,NA,1,1,NA,NA,NA,NA,NA,NA,NA,NA,"COL1A1"
"COL1A2",NA,NA,1,1,NA,NA,NA,NA,NA,NA,NA,NA,"COL1A2"
"COL4A1",NA,NA,1,NA,NA,NA,NA,NA,NA,NA,NA,NA,"COL4A1"
"COL4A2",NA,NA,1,NA,NA,NA,NA,NA,NA,NA,NA,NA,"COL4A2"
"COL4A6",NA,NA,1,NA,NA,NA,NA,NA,NA,NA,NA,NA,"COL4A6"
"COL6A1",NA,NA,1,NA,NA,NA,NA,NA,NA,NA,NA,NA,"COL6A1"
"COL11A1",NA,NA,1,1,NA,NA,NA,NA,NA,NA,NA,NA,"COL11A1"
"EDN1",NA,NA,1,NA,NA,NA,NA,NA,NA,NA,NA,NA,"EDN1"
"EFNA4",NA,NA,1,NA,NA,NA,NA,1,NA,NA,NA,NA,"EFNA4"
"F8",NA,NA,1,NA,NA,NA,1,NA,NA,NA,NA,NA,"F8"
"NLGN1",NA,NA,1,NA,NA,NA,NA,NA,NA,NA,NA,NA,"NLGN1"
"NFASC",NA,NA,1,NA,NA,NA,NA,NA,NA,NA,NA,NA,"NFASC"
"GAS6",NA,NA,1,NA,NA,NA,NA,NA,NA,NA,NA,1,"GAS6"
"GREM1",NA,NA,1,1,NA,NA,NA,NA,NA,NA,NA,NA,"GREM1"
"DKK2",NA,NA,1,NA,NA,NA,NA,NA,NA,NA,NA,NA,"DKK2"
"GNAI2",NA,NA,1,NA,NA,NA,NA,NA,NA,NA,NA,NA,"GNAI2"
"GRN",NA,NA,1,NA,NA,NA,NA,NA,NA,1,NA,1,"GRN"
"ICAM2",NA,NA,1,NA,NA,NA,NA,NA,NA,NA,NA,1,"ICAM2"
"APP",NA,NA,1,NA,NA,NA,NA,NA,NA,NA,NA,NA,"APP"
"JAG2",NA,NA,1,NA,NA,NA,NA,NA,NA,NA,NA,NA,"JAG2"
"AGRN",NA,NA,1,NA,NA,NA,NA,NA,NA,1,NA,NA,"AGRN"
"LAMA3",NA,NA,1,NA,NA,NA,NA,NA,NA,NA,NA,NA,"LAMA3"
"LAMB1",NA,NA,1,NA,NA,NA,NA,NA,NA,NA,NA,NA,"LAMB1"
"LAMC2",NA,NA,1,NA,NA,NA,NA,NA,NA,NA,NA,NA,"LAMC2"
"MFGE8",NA,NA,1,NA,NA,NA,NA,NA,1,NA,NA,NA,"MFGE8"
"NGF",NA,NA,1,NA,NA,NA,NA,NA,NA,NA,NA,NA,"NGF"
"NTF3",NA,NA,1,NA,NA,NA,NA,NA,NA,NA,NA,NA,"NTF3"
"SERPINE2",NA,NA,1,1,NA,NA,1,NA,NA,NA,NA,NA,"SERPINE2"
"PODXL",NA,NA,1,NA,NA,NA,NA,NA,NA,NA,NA,1,"PODXL"
"RELN",NA,NA,1,NA,NA,NA,NA,NA,NA,NA,NA,NA,"RELN"
"PSAP",NA,NA,1,NA,NA,NA,NA,NA,1,NA,NA,NA,"PSAP"
"ADGRG6",NA,NA,1,NA,NA,NA,NA,NA,1,NA,NA,NA,"ADGRG6"
"SORT1",NA,NA,1,NA,NA,NA,NA,NA,NA,NA,NA,NA,"SORT1"
"S100A10",NA,NA,1,NA,NA,NA,NA,NA,1,1,NA,NA,"S100A10"
"SEMA3F",NA,NA,1,NA,NA,NA,NA,NA,NA,NA,NA,NA,"SEMA3F"
"BMP2",NA,NA,1,NA,NA,NA,NA,NA,NA,NA,NA,NA,"BMP2"
"BMP4",NA,NA,1,1,NA,NA,NA,NA,NA,NA,NA,1,"BMP4"
"SLIT3",NA,NA,1,NA,NA,NA,NA,NA,NA,NA,NA,NA,"SLIT3"
"TGFA",NA,NA,1,NA,NA,NA,NA,NA,NA,NA,NA,NA,"TGFA"
"THBS2",NA,NA,1,NA,NA,NA,NA,NA,NA,NA,NA,NA,"THBS2"
"THY1",NA,NA,1,NA,NA,NA,NA,NA,NA,NA,NA,1,"THY1"
"VEGFC",NA,NA,1,NA,NA,NA,NA,NA,NA,NA,NA,NA,"VEGFC"
"ADAM12",NA,NA,1,NA,NA,NA,NA,NA,NA,NA,NA,NA,"ADAM12"
"ADAM15",NA,NA,1,NA,NA,NA,NA,NA,NA,NA,NA,NA,"ADAM15"
"EDIL3",NA,NA,NA,1,NA,NA,NA,NA,NA,NA,NA,NA,"EDIL3"
"SEMA3A",NA,NA,NA,1,1,1,NA,NA,NA,NA,NA,NA,"SEMA3A"
"SEMA3C",NA,NA,NA,1,NA,NA,NA,NA,NA,NA,NA,NA,"SEMA3C"
"COL5A2",NA,NA,NA,1,NA,NA,NA,NA,NA,NA,NA,NA,"COL5A2"
"EFNA2",NA,NA,NA,1,NA,NA,NA,NA,NA,NA,NA,NA,"EFNA2"
"FGF1",NA,NA,NA,1,NA,NA,NA,NA,NA,NA,NA,NA,"FGF1"
"CADM1",NA,NA,NA,1,1,NA,NA,NA,NA,NA,NA,1,"CADM1"
"IL6",NA,NA,NA,1,NA,NA,NA,NA,NA,NA,NA,NA,"IL6"
"IL15",NA,NA,NA,1,NA,NA,NA,NA,NA,NA,NA,1,"IL15"
"L1CAM",NA,NA,NA,1,NA,NA,NA,NA,NA,1,NA,NA,"L1CAM"
"LAMB3",NA,NA,NA,1,NA,NA,NA,NA,NA,NA,NA,NA,"LAMB3"
"LTBP3",NA,NA,NA,1,NA,NA,1,NA,NA,NA,NA,NA,"LTBP3"
"SERPINE1",NA,NA,NA,1,NA,NA,NA,NA,NA,NA,NA,NA,"SERPINE1"
"PLAT",NA,NA,NA,1,NA,NA,NA,NA,NA,NA,NA,NA,"PLAT"
"PLAU",NA,NA,NA,1,NA,NA,NA,NA,1,NA,NA,NA,"PLAU"
"BDNF",NA,NA,NA,1,NA,NA,NA,NA,NA,NA,NA,NA,"BDNF"
"CXCL11",NA,NA,NA,1,NA,NA,NA,NA,NA,NA,NA,1,"CXCL11"
"SPP1",NA,NA,NA,1,NA,NA,NA,NA,NA,NA,NA,NA,"SPP1"
"TGFB2",NA,NA,NA,1,NA,NA,NA,NA,NA,NA,NA,NA,"TGFB2"
"WNT7B",NA,NA,NA,1,NA,NA,NA,NA,NA,NA,NA,NA,"WNT7B"
"EFNB2",NA,NA,NA,NA,NA,1,NA,NA,NA,NA,NA,NA,"EFNB2"
"NID2",NA,NA,NA,NA,NA,1,NA,NA,NA,NA,NA,NA,"NID2"
"IGF2",NA,NA,NA,NA,NA,1,NA,NA,NA,NA,NA,1,"IGF2"
"IHH",NA,NA,NA,NA,NA,1,NA,NA,NA,NA,NA,NA,"IHH"
"IL1A",NA,NA,NA,NA,NA,1,NA,NA,NA,NA,NA,NA,"IL1A"
"CCL15",NA,NA,NA,NA,NA,1,NA,NA,1,NA,NA,NA,"CCL15"
"SHBG",NA,NA,NA,NA,NA,1,NA,NA,NA,NA,NA,NA,"SHBG"
"C4A",NA,NA,NA,NA,NA,1,NA,NA,NA,NA,NA,NA,"C4A"
"C4B",NA,NA,NA,NA,NA,1,NA,NA,NA,NA,NA,NA,"C4B"
"FAT4",NA,NA,NA,NA,NA,1,NA,NA,NA,NA,NA,NA,"FAT4"
"CDHR1",NA,NA,NA,NA,NA,1,NA,NA,NA,NA,NA,NA,"CDHR1"
"DLL1",NA,NA,NA,NA,NA,NA,1,NA,NA,1,NA,NA,"DLL1"
"HSP90AA1",NA,NA,NA,NA,NA,NA,1,NA,NA,NA,NA,1,"HSP90AA1"
"CTNNB1",NA,NA,NA,NA,NA,NA,NA,1,NA,NA,NA,NA,"CTNNB1"
"ALCAM",NA,NA,NA,NA,NA,NA,NA,1,1,NA,NA,NA,"ALCAM"
"PSPN",NA,NA,NA,NA,NA,NA,NA,1,NA,NA,NA,NA,"PSPN"
"TNFSF12",NA,NA,NA,NA,NA,NA,NA,1,NA,NA,NA,NA,"TNFSF12"
"OMG",NA,NA,NA,NA,NA,NA,NA,NA,1,NA,NA,NA,"OMG"
"ADAM10",NA,NA,NA,NA,NA,NA,NA,NA,1,NA,NA,NA,"ADAM10"
"SEMA4D",NA,NA,NA,NA,NA,NA,NA,NA,1,NA,NA,NA,"SEMA4D"
"F7",NA,NA,NA,NA,NA,NA,NA,NA,1,NA,NA,NA,"F7"
"F10",NA,NA,NA,NA,NA,NA,NA,NA,1,NA,NA,NA,"F10"
"FGF6",NA,NA,NA,NA,NA,NA,NA,NA,1,NA,NA,NA,"FGF6"
"IL1B",NA,NA,NA,NA,NA,NA,NA,NA,1,NA,NA,NA,"IL1B"
"INHA",NA,NA,NA,NA,NA,NA,NA,NA,1,NA,NA,NA,"INHA"
"INSL3",NA,NA,NA,NA,NA,NA,NA,NA,1,NA,NA,NA,"INSL3"
"ITPR1",NA,NA,NA,NA,NA,NA,NA,NA,1,NA,NA,NA,"ITPR1"
"CCL3",NA,NA,NA,NA,NA,NA,NA,NA,1,NA,NA,NA,"CCL3"
"CCL3L3",NA,NA,NA,NA,NA,NA,NA,NA,1,NA,NA,NA,"CCL3L3"
"CCL7",NA,NA,NA,NA,NA,NA,NA,NA,1,NA,NA,NA,"CCL7"
"PDGFD",NA,NA,NA,NA,NA,NA,NA,NA,1,NA,NA,NA,"PDGFD"
"GDF15",NA,NA,NA,NA,NA,NA,NA,NA,1,NA,NA,NA,"GDF15"
"FARP2",NA,NA,NA,NA,NA,NA,NA,NA,1,NA,NA,NA,"FARP2"
"NAMPT",NA,NA,NA,NA,NA,NA,NA,NA,NA,1,NA,NA,"NAMPT"
"CD55",NA,NA,NA,NA,NA,NA,NA,NA,NA,1,NA,NA,"CD55"
"ADGRL1",NA,NA,NA,NA,NA,NA,NA,NA,NA,1,NA,NA,"ADGRL1"
"PACS2",NA,NA,NA,NA,NA,NA,NA,NA,NA,1,NA,NA,"PACS2"
"GALC",NA,NA,NA,NA,NA,NA,NA,NA,NA,1,NA,NA,"GALC"
"GSTP1",NA,NA,NA,NA,NA,NA,NA,NA,NA,1,NA,NA,"GSTP1"
"NENF",NA,NA,NA,NA,NA,NA,NA,NA,NA,1,NA,NA,"NENF"
"GZMB",NA,NA,NA,NA,NA,NA,NA,NA,NA,1,NA,1,"GZMB"
"ICAM1",NA,NA,NA,NA,NA,NA,NA,NA,NA,1,NA,NA,"ICAM1"
"IL1RN",NA,NA,NA,NA,NA,NA,NA,NA,NA,1,NA,NA,"IL1RN"
"CXCL10",NA,NA,NA,NA,NA,NA,NA,NA,NA,1,NA,1,"CXCL10"
"LGALS3BP",NA,NA,NA,NA,NA,NA,NA,NA,NA,1,NA,NA,"LGALS3BP"
"LTB",NA,NA,NA,NA,NA,NA,NA,NA,NA,1,NA,1,"LTB"
"MX1",NA,NA,NA,NA,NA,NA,NA,NA,NA,1,NA,NA,"MX1"
"WNT16",NA,NA,NA,NA,NA,NA,NA,NA,NA,1,NA,NA,"WNT16"
"PENK",NA,NA,NA,NA,NA,NA,NA,NA,NA,1,NA,NA,"PENK"
"BSPRY",NA,NA,NA,NA,NA,NA,NA,NA,NA,1,NA,NA,"BSPRY"
"CCL4",NA,NA,NA,NA,NA,NA,NA,NA,NA,1,NA,NA,"CCL4"
"SNX2",NA,NA,NA,NA,NA,NA,NA,NA,NA,1,NA,NA,"SNX2"
"TNF",NA,NA,NA,NA,NA,NA,NA,NA,NA,1,NA,NA,"TNF"
"COLQ",NA,NA,NA,NA,NA,NA,NA,NA,NA,1,NA,NA,"COLQ"
"TNFSF10",NA,NA,NA,NA,NA,NA,NA,NA,NA,1,NA,NA,"TNFSF10"
"TNFSF8",NA,NA,NA,NA,NA,NA,NA,NA,NA,1,NA,NA,"TNFSF8"
"COL4A4",NA,NA,NA,NA,NA,NA,NA,NA,NA,NA,NA,1,"COL4A4"
"CRH",NA,NA,NA,NA,NA,NA,NA,NA,NA,NA,NA,1,"CRH"
"BTLA",NA,NA,NA,NA,NA,NA,NA,NA,NA,NA,NA,1,"BTLA"
"CNTN4",NA,NA,NA,NA,NA,NA,NA,NA,NA,NA,NA,1,"CNTN4"
"F2",NA,NA,NA,NA,NA,NA,NA,NA,NA,NA,NA,1,"F2"
"ALOX5AP",NA,NA,NA,NA,NA,NA,NA,NA,NA,NA,NA,1,"ALOX5AP"
"GAD1",NA,NA,NA,NA,NA,NA,NA,NA,NA,NA,NA,1,"GAD1"
"GNRH1",NA,NA,NA,NA,NA,NA,NA,NA,NA,NA,NA,1,"GNRH1"
"ANXA1",NA,NA,NA,NA,NA,NA,NA,NA,NA,NA,NA,1,"ANXA1"
"CFH",NA,NA,NA,NA,NA,NA,NA,NA,NA,NA,NA,1,"CFH"
"HLA-B",NA,NA,NA,NA,NA,NA,NA,NA,NA,NA,NA,1,"HLA-B"
"HMGB1",NA,NA,NA,NA,NA,NA,NA,NA,NA,NA,NA,1,"HMGB1"
"ICAM4",NA,NA,NA,NA,NA,NA,NA,NA,NA,NA,NA,1,"ICAM4"
"IL7",NA,NA,NA,NA,NA,NA,NA,NA,NA,NA,NA,1,"IL7"
"IL12A",NA,NA,NA,NA,NA,NA,NA,NA,NA,NA,NA,1,"IL12A"
"MDK",NA,NA,NA,NA,NA,NA,NA,NA,NA,NA,NA,1,"MDK"
"OXT",NA,NA,NA,NA,NA,NA,NA,NA,NA,NA,NA,1,"OXT"
"PNOC",NA,NA,NA,NA,NA,NA,NA,NA,NA,NA,NA,1,"PNOC"
"RTN4",NA,NA,NA,NA,NA,NA,NA,NA,NA,NA,NA,1,"RTN4"
"NLGN4X",NA,NA,NA,NA,NA,NA,NA,NA,NA,NA,NA,1,"NLGN4X"
"CGN",NA,NA,NA,NA,NA,NA,NA,NA,NA,NA,NA,1,"CGN"
"SLAMF1",NA,NA,NA,NA,NA,NA,NA,NA,NA,NA,NA,1,"SLAMF1"
"TIMP1",NA,NA,NA,NA,NA,NA,NA,NA,NA,NA,NA,1,"TIMP1"
"HSP90B1",NA,NA,NA,NA,NA,NA,NA,NA,NA,NA,NA,1,"HSP90B1"
"PROK1",NA,NA,NA,NA,NA,NA,NA,NA,NA,NA,NA,1,"PROK1"
"TNFSF14",NA,NA,NA,NA,NA,NA,NA,NA,NA,NA,NA,1,"TNFSF14"
"TNFSF13",NA,NA,NA,NA,NA,NA,NA,NA,NA,NA,NA,1,"TNFSF13"
"NR1D2",NA,NA,NA,NA,NA,NA,NA,NA,NA,NA,NA,1,"NR1D2"
