"Plasma Cells","Bone Marrow Stromal Cells","Endothelial Cells","Osteocytes","Osteogenic Precursor Cells","Adipocytes","Natural Killer Cells","Neutrophils","Macrophages","Regulatory T Cells","Hematopoietic Stem Cells","Whole Bone Marrow"
"CD24","TNFSF13B","CDH11","CD24","SEMA3A","SEMA3A","ADAM28","TNFSF13B","OMG","NAMPT","PGF","CD24"
"CDH11","NMU","FST","EDIL3","CADM1","EFNB2","F8","CTNNB1","ADAM10","EBI3","VEGFA","TNFSF13B"
"EBI3","CTHRC1","COL1A1","SEMA3A","GPI","EREG","DLL1","DSG3","SEMA4D","CSF1",NA,"NRG3"
"CD96","COL4A5","COL1A2","FST","ANGPTL4","FGL1","HSP90AA1","EFNA4","ECM1","CD55",NA,"CTHRC1"
"SORBS1","COL6A2","COL3A1","SEMA3C","PGF","NID2","LTBP3","ALCAM","ALCAM","ADGRL1",NA,"JAML"
"TNFSF13B","COL6A3","COL4A1","COL1A1","CCL28","TNC","SERPINE2","PSPN","F7","PACS2",NA,"COL4A4"
"NRG3","COL7A1","COL4A2","COL1A2","VEGFA","IGF2","SLPI","CALM2","F10","GALC",NA,"COL4A5"
"CHL1","ADM","COL4A5","COL3A1",NA,"IHH","CALR","COL18A1","FGF6","DLL1",NA,"ADM"
"ADAM28","HBEGF","COL4A6","COL5A2",NA,"IL1A","TNFSF11","TNFSF12","HGF","GRN",NA,"CRH"
"RLN3","ECM1","COL6A1","COL11A1",NA,"MMP9",NA,NA,"HLA-E","GSTP1",NA,"BTLA"
"JAML","A2M","COL6A2","DSC2",NA,"CCL15",NA,NA,"APOE","NENF",NA,"CNTN4"
"COL3A1","EREG","COL6A3","EFNA1",NA,"CCL23",NA,NA,"IL1B","GZMB",NA,"EGF"
"ADM","FGF2","COL7A1","EFNA2",NA,"CXCL12",NA,NA,"IL16","HLA-E",NA,"F2"
"CP","FGF5","COL11A1","EGF",NA,"SHBG",NA,NA,"INHA","HLA-E",NA,"FBLN2"
"CSF1","FGF7","ADM","A2M",NA,"C4A",NA,NA,"INSL3","ICAM1",NA,"FGF2"
"NRG4","CLSTN1","CSF1","FBN1",NA,"C4B",NA,NA,"ITPR1","IL1RN",NA,"FGF7"
"DCN","FN1","DCN","FGF1",NA,"FAT4",NA,NA,"LAMC1","CXCL10",NA,"CLSTN1"
"DSC1","CLCF1","ECM1","FGF5",NA,"CAMP",NA,NA,"LIF","AGRN",NA,"DKK1"
"DSC2","PCSK9","EDN1","FN1",NA,"CDHR1",NA,NA,"LRPAP1","L1CAM",NA,"CADM1"
"DSC3","NECTIN3","EFNA1","CADM1",NA,NA,NA,NA,"LYN","LAMC1",NA,"ALOX5AP"
"DSG1","GDNF","EFNA4","GREM1",NA,NA,NA,NA,"MFGE8","LGALS3BP",NA,"ACKR1"
"AGT","GNAS","F8","RGMB",NA,NA,NA,NA,"NPY","LTB",NA,"GAD1"
"DSG3","GPI","FGF7","TNC",NA,NA,NA,NA,"PLAU","MX1",NA,"NECTIN3"
"EFNA1","SIGLEC15","NLGN1","IL6",NA,NA,NA,NA,"PDGFC","WNT16",NA,"GAS6"
"EGF","CXCL1","NFASC","IL15",NA,NA,NA,NA,"PSAP","PENK",NA,"GNRH1"
"A2M","NRG1","FN1","L1CAM",NA,NA,NA,NA,"ADGRG6","PLCB2",NA,"GPI"
"EREG","HLA-E","GAS6","LAMA5",NA,NA,NA,NA,"RNF4","BSPRY",NA,"GRN"
"F9","HLA-G","GREM1","LAMB3",NA,NA,NA,NA,"S100A10","B2M",NA,"CXCL1"
"F13A1","TNC","DKK2","LPL",NA,NA,NA,NA,"CCL3","S100A10",NA,"GZMB"
"FBLN1","IBSP","GNAI2","LTBP3",NA,NA,NA,NA,"CCL3L3","CCL4",NA,"ANXA1"
"FBLN2","RSPO4","GRN","COL5A3",NA,NA,NA,NA,"CCL7","SNX2",NA,"CFH"
"FBN1","IGFBP4","ICAM2","SERPINE1",NA,NA,NA,NA,"CCL8","TNF",NA,"HGF"
"FGA","IL16","IGFBP4","PGF",NA,NA,NA,NA,"CCL15","COLQ",NA,"HLA-B"
"FGG","AREG","APP","SERPINE2",NA,NA,NA,NA,"CCL23","NTNG2",NA,"HLA-E"
"FGL1","ARF1","JAG2","PLAT",NA,NA,NA,NA,"TGM2","SEMA7A",NA,"HMGB1"
"DKK1","LAMA4","AGRN","PLAU",NA,NA,NA,NA,"C3","EDF1",NA,"HSP90AA1"
"ACKR1","LAMA5","LAMA3","BDNF",NA,NA,NA,NA,"VEGFB","TNFSF10",NA,"ICAM2"
"FYN","LAMC1","LAMA4","CXCL11",NA,NA,NA,NA,"PDGFD","CD2",NA,"ICAM4"
"SIGLEC9","LIF","LAMA5","BMP4",NA,NA,NA,NA,"GDF15","TNFSF8",NA,"IGF1"
"ANGPTL3","LTBP1","LAMB1","SPP1",NA,NA,NA,NA,"FARP2",NA,NA,"IGF2"
"GNAS","LYN","LAMC2","TFPI",NA,NA,NA,NA,NA,NA,NA,"IL7"
"ANGPT1","MMP2","LIF","TGFB2",NA,NA,NA,NA,NA,NA,NA,"IL12A"
"IZUMO1","NMB","MFGE8","TGM2",NA,NA,NA,NA,NA,NA,NA,"IL15"
"ANGPT2","COL5A3","NGF","VEGFA",NA,NA,NA,NA,NA,NA,NA,"IL18"
"RGMB","ANGPTL4","NTF3","WNT7B",NA,NA,NA,NA,NA,NA,NA,"CXCL10"
"CXCL1","PGF","SERPINE2","CD14",NA,NA,NA,NA,NA,NA,NA,"LAMA5"
"HGF","PKD2","PODXL",NA,NA,NA,NA,NA,NA,NA,NA,"LAMC1"
"HLA-E","PKM","RELN",NA,NA,NA,NA,NA,NA,NA,NA,"LCN2"
"TNC","SEMA4C","PSAP",NA,NA,NA,NA,NA,NA,NA,NA,"LTB"
"APOB","PDGFC","ADGRG6",NA,NA,NA,NA,NA,NA,NA,NA,"MDK"
"IBSP","PROC","PTHLH",NA,NA,NA,NA,NA,NA,NA,NA,"CXCL9"
"ICAM3","PROS1","NECTIN2",NA,NA,NA,NA,NA,NA,NA,NA,"MMP9"
"IFNG","CCL28","SORT1",NA,NA,NA,NA,NA,NA,NA,NA,"NUCB2"
"IGF1","B2M","S100A10",NA,NA,NA,NA,NA,NA,NA,NA,"OXT"
"APOE","PTGS2","CXCL12",NA,NA,NA,NA,NA,NA,NA,NA,"CD320"
"IGFBP4","PTHLH","SEMA3F",NA,NA,NA,NA,NA,NA,NA,NA,"CD244"
"IL2","NLGN2","SFRP1",NA,NA,NA,NA,NA,NA,NA,NA,"PF4"
"FASLG","SEMA6A","BMP2",NA,NA,NA,NA,NA,NA,NA,NA,"PNOC"
"IL4","JAM2","BMP4",NA,NA,NA,NA,NA,NA,NA,NA,"PODXL"
"IL18","NTN4","BMP6",NA,NA,NA,NA,NA,NA,NA,NA,"PROS1"
"INHBB","RNF4","SLIT3",NA,NA,NA,NA,NA,NA,NA,NA,"RTN4"
"KNG1","RPS19","TGFA",NA,NA,NA,NA,NA,NA,NA,NA,"PTGS2"
"LAMC1","CCL2","THBS2",NA,NA,NA,NA,NA,NA,NA,NA,"PTHLH"
"LCN2","CXCL12","THY1",NA,NA,NA,NA,NA,NA,NA,NA,"NLGN4X"
"LPL","SCG5","TIMP3",NA,NA,NA,NA,NA,NA,NA,NA,"CGN"
"LRPAP1","NR2F1","VEGFA",NA,NA,NA,NA,NA,NA,NA,NA,"RNASE2"
"KITLG","TFPI","VEGFC",NA,NA,NA,NA,NA,NA,NA,NA,"PROK2"
"CXCL9","THBS1","WNT5A",NA,NA,NA,NA,NA,NA,NA,NA,"RPS19"
"MMP2","VEGFA","TCTN1",NA,NA,NA,NA,NA,NA,NA,NA,"CEACAM1"
"MMP9","VEGFB","ADAM12",NA,NA,NA,NA,NA,NA,NA,NA,"CXCL11"
"MYOC","WNT5A","MFAP5",NA,NA,NA,NA,NA,NA,NA,NA,"CXCL12"
"NCAM1","TCTN1","COL18A1",NA,NA,NA,NA,NA,NA,NA,NA,"SLAMF1"
"NID1","CALM2","ADAM15",NA,NA,NA,NA,NA,NA,NA,NA,"BMP4"
"NMB","CALR",NA,NA,NA,NA,NA,NA,NA,NA,NA,"BMP6"
"NPY","GDF5",NA,NA,NA,NA,NA,NA,NA,NA,NA,"SLPI"
"NTS","JAM3",NA,NA,NA,NA,NA,NA,NA,NA,NA,"NR2F1"
"NUCB2","SEMA7A",NA,NA,NA,NA,NA,NA,NA,NA,NA,"THY1"
"IL22","OLFM2",NA,NA,NA,NA,NA,NA,NA,NA,NA,"TIMP1"
"CD320","SLIT2",NA,NA,NA,NA,NA,NA,NA,NA,NA,"HSP90B1"
"CD244","GMFG",NA,NA,NA,NA,NA,NA,NA,NA,NA,"WNT5A"
"PF4",NA,NA,NA,NA,NA,NA,NA,NA,NA,NA,"COL18A1"
"SERPINA1",NA,NA,NA,NA,NA,NA,NA,NA,NA,NA,"CAMP"
"PLCB2",NA,NA,NA,NA,NA,NA,NA,NA,NA,NA,"FZD6"
"LIN7C",NA,NA,NA,NA,NA,NA,NA,NA,NA,NA,"PROK1"
"IL26",NA,NA,NA,NA,NA,NA,NA,NA,NA,NA,"NTNG2"
"PDGFC",NA,NA,NA,NA,NA,NA,NA,NA,NA,NA,"TNFSF11"
"CRTAM",NA,NA,NA,NA,NA,NA,NA,NA,NA,NA,"EDF1"
"PROS1",NA,NA,NA,NA,NA,NA,NA,NA,NA,NA,"TNFSF14"
"CCL28",NA,NA,NA,NA,NA,NA,NA,NA,NA,NA,"TNFSF13"
"B2M",NA,NA,NA,NA,NA,NA,NA,NA,NA,NA,"CD22"
"RGMA",NA,NA,NA,NA,NA,NA,NA,NA,NA,NA,"SLIT2"
"SEMA6A",NA,NA,NA,NA,NA,NA,NA,NA,NA,NA,"GMFG"
"NECTIN1",NA,NA,NA,NA,NA,NA,NA,NA,NA,NA,"NR1D2"
"NECTIN2",NA,NA,NA,NA,NA,NA,NA,NA,NA,NA,NA
"IL21",NA,NA,NA,NA,NA,NA,NA,NA,NA,NA,NA
"RARRES2",NA,NA,NA,NA,NA,NA,NA,NA,NA,NA,NA
"RBP4",NA,NA,NA,NA,NA,NA,NA,NA,NA,NA,NA
"RNASE2",NA,NA,NA,NA,NA,NA,NA,NA,NA,NA,NA
"PROK2",NA,NA,NA,NA,NA,NA,NA,NA,NA,NA,NA
"RPS19",NA,NA,NA,NA,NA,NA,NA,NA,NA,NA,NA
"S100A8",NA,NA,NA,NA,NA,NA,NA,NA,NA,NA,NA
"S100A9",NA,NA,NA,NA,NA,NA,NA,NA,NA,NA,NA
"CEACAM1",NA,NA,NA,NA,NA,NA,NA,NA,NA,NA,NA
"SCT",NA,NA,NA,NA,NA,NA,NA,NA,NA,NA,NA
"CCL2",NA,NA,NA,NA,NA,NA,NA,NA,NA,NA,NA
"CCL8",NA,NA,NA,NA,NA,NA,NA,NA,NA,NA,NA
"CCL23",NA,NA,NA,NA,NA,NA,NA,NA,NA,NA,NA
"CXCL12",NA,NA,NA,NA,NA,NA,NA,NA,NA,NA,NA
"CDH23",NA,NA,NA,NA,NA,NA,NA,NA,NA,NA,NA
"SFRP1",NA,NA,NA,NA,NA,NA,NA,NA,NA,NA,NA
"BMP3",NA,NA,NA,NA,NA,NA,NA,NA,NA,NA,NA
"BMP5",NA,NA,NA,NA,NA,NA,NA,NA,NA,NA,NA
"BMP6",NA,NA,NA,NA,NA,NA,NA,NA,NA,NA,NA
"SLPI",NA,NA,NA,NA,NA,NA,NA,NA,NA,NA,NA
"SPINK1",NA,NA,NA,NA,NA,NA,NA,NA,NA,NA,NA
"TAC3",NA,NA,NA,NA,NA,NA,NA,NA,NA,NA,NA
"TF",NA,NA,NA,NA,NA,NA,NA,NA,NA,NA,NA
"TGM2",NA,NA,NA,NA,NA,NA,NA,NA,NA,NA,NA
"TIMP3",NA,NA,NA,NA,NA,NA,NA,NA,NA,NA,NA
"C3",NA,NA,NA,NA,NA,NA,NA,NA,NA,NA,NA
"C4BPA",NA,NA,NA,NA,NA,NA,NA,NA,NA,NA,NA
"VEGFB",NA,NA,NA,NA,NA,NA,NA,NA,NA,NA,NA
"WNT5A",NA,NA,NA,NA,NA,NA,NA,NA,NA,NA,NA
"MFAP5",NA,NA,NA,NA,NA,NA,NA,NA,NA,NA,NA
"COL18A1",NA,NA,NA,NA,NA,NA,NA,NA,NA,NA,NA
"CALM3",NA,NA,NA,NA,NA,NA,NA,NA,NA,NA,NA
"CAMP",NA,NA,NA,NA,NA,NA,NA,NA,NA,NA,NA
"FZD6",NA,NA,NA,NA,NA,NA,NA,NA,NA,NA,NA
"NTNG2",NA,NA,NA,NA,NA,NA,NA,NA,NA,NA,NA
"TNFSF11",NA,NA,NA,NA,NA,NA,NA,NA,NA,NA,NA
"EDF1",NA,NA,NA,NA,NA,NA,NA,NA,NA,NA,NA
"MAP7",NA,NA,NA,NA,NA,NA,NA,NA,NA,NA,NA
"CD2",NA,NA,NA,NA,NA,NA,NA,NA,NA,NA,NA
"CD14",NA,NA,NA,NA,NA,NA,NA,NA,NA,NA,NA
"CD22",NA,NA,NA,NA,NA,NA,NA,NA,NA,NA,NA
"ADIPOQ",NA,NA,NA,NA,NA,NA,NA,NA,NA,NA,NA
"NTN1",NA,NA,NA,NA,NA,NA,NA,NA,NA,NA,NA
"CD34",NA,NA,NA,NA,NA,NA,NA,NA,NA,NA,NA
"NRG2",NA,NA,NA,NA,NA,NA,NA,NA,NA,NA,NA
"NR1D1",NA,NA,NA,NA,NA,NA,NA,NA,NA,NA,NA
"CD40LG",NA,NA,NA,NA,NA,NA,NA,NA,NA,NA,NA
"CDH1",NA,NA,NA,NA,NA,NA,NA,NA,NA,NA,NA
