"hgnc_symbol","ENTREZID"
"WNT7B",7477
"PLAT",5327
"FST",10468
"TNC",3371
"LAMB3",3914
"SEMA3A",10371
"SEMA3C",10512
"DSC2",1824
"EGF",1950
"SERPINE2",5270
"IL15",3600
"TGM2",7052
"EDIL3",10085
"TFPI",7035
"BDNF",627
"COL5A2",1290
"BMP4",652
"TGFB2",7042
"CXCL11",6373
"CD14",929
"SPP1",6696
"COL3A1",1281
"CADM1",23705
"FGF1",2246
"A2M",2
"RGMB",285704
"VEGFA",7422
"LAMA5",3911
"SERPINE1",5054
"LPL",4023
"GREM1",26585
"COL1A2",1278
"EFNA1",1942
"PGF",5228
"FN1",2335
"COL1A1",1277
"L1CAM",3897
"CD24",100133941
"FBN1",2200
"LTBP3",4054
"COL11A1",1301
"EFNA2",1943
"IL6",3569
"COL5A3",50509
"FGF5",2250
"PLAU",5328
