"hgnc_symbol","cell_type","effectSize/logFC","adj.p.value","molecular_function_keyword","biological_process_keyword"
"A2M","Bone marrow stromal cells",0.000227552,0.00704414,"Protease inhibitor - Serine protease inhibitor",NA
"A2M","Osteocytes",-0.520711994153056,0.0733057080631788,"Protease inhibitor - Serine protease inhibitor",NA
"A2M","Plasma cells",-1.65680281546362,4.69630527525048e-25,"Protease inhibitor - Serine protease inhibitor",NA
"ACKR1","Plasma cells",-1.25358515040631,8.78713576223186e-12,"Blood group antigen - G-protein coupled receptor - Receptor - Transducer",NA
"ACKR1","Whole bone marrow",-0.855892774338479,9.10897116252836e-07,"Blood group antigen - G-protein coupled receptor - Receptor - Transducer",NA
"ADAM10","Macrophages",4.6592240345779,0.00822749066802879,"Hydrolase - Metalloprotease - Protease","Notch signaling pathway"
"ADAM12","Endothelial cells",3.24886918297612,2.30542148232852e-05,"Hydrolase - Metalloprotease - Protease","Cell adhesion"
"ADAM15","Endothelial cells",-1.82686254667106,5.76819971518252e-05,"Hydrolase - Metalloprotease - Protease","Angiogenesis - Cell adhesion - Collagen degradation"
"ADAM28","Plasma cells",-0.616303864842886,2.09422663130851e-07,"Hydrolase - Metalloprotease - Protease",NA
"ADAM28","Natural killer cells",-0.921230856898434,0.053502063781826,"Hydrolase - Metalloprotease - Protease",NA
"ADGRG6","Endothelial cells",-3.0044312102273,0.00180864183201109,"G-protein coupled receptor - Receptor - Transducer",NA
"ADGRG6","Macrophages",-9.38804466664801,0.0103946356442512,"G-protein coupled receptor - Receptor - Transducer",NA
"ADGRL1","Regulatory T cells",-0.447024290610147,0.0161047498794586,"G-protein coupled receptor - Receptor - Transducer",NA
"ADIPOQ","Plasma cells",-0.873255710898118,1.9299776420659e-07,NA,NA
"ADM","Endothelial cells",2.36215217378789,0.00258062427355643,NA,NA
"ADM","Bone marrow stromal cells",0.816188062,0.009081098,NA,NA
"ADM","Plasma cells",1.18437120091063,8.95575555258329e-13,NA,NA
"ADM","Whole bone marrow",0.587491470556154,1.52881423608975e-06,NA,NA
"AGRN","Regulatory T cells",0.852642176776567,0.0221041579819948,NA,NA
"AGRN","Endothelial cells",-0.927480506936229,0.00039664032785497,NA,NA
"AGT","Plasma cells",-0.676447253295517,4.90831449086905e-07,"Vasoactive - Vasoconstrictor",NA
"ALCAM","Neutrophils",-1.94754872545295,0.0515764737632649,NA,"Cell adhesion"
"ALCAM","Macrophages",3.39412631700229,0.0617105524750201,NA,"Cell adhesion"
"ALOX5AP","Whole bone marrow",-0.934025769735133,5.46586926871657e-12,NA,"Leukotriene biosynthesis"
"ANGPT1","Plasma cells",-1.51990344059884,2.02556906858027e-18,NA,"Angiogenesis"
"ANGPT2","Plasma cells",-1.03664450928857,4.78242777431256e-14,NA,"Angiogenesis"
"ANGPTL3","Plasma cells",-0.727310959680206,1.52537527661591e-10,"Heparin-binding","Angiogenesis - Cell adhesion"
"ANGPTL4","Osteogenic precursor cells",2.02934473276923,0.0428497159140534,NA,"Angiogenesis"
"ANGPTL4","Bone marrow stromal cells",1.463905183,0.000119296,NA,"Angiogenesis"
"ANXA1","Whole bone marrow",-1.22603466777107,1.06103602899228e-09,"Phospholipase A2 inhibitor","Immunity"
"APOB","Plasma cells",-0.881798759787452,1.25413797727345e-11,"Heparin-binding","Lipid metabolism - Lipid transport - Steroid metabolism - Transport"
"APOE","Plasma cells",-1.1363458019276,1.35697446263268e-17,"Heparin-binding","Lipid metabolism - Lipid transport - Steroid metabolism - Transport"
"APOE","Macrophages",2.05931688584218,0.0995075849855246,"Heparin-binding","Lipid metabolism - Lipid transport - Steroid metabolism - Transport"
"APP","Endothelial cells",-1.62019980982744,0.000276079667477395,"Heparin-binding - Protease inhibitor - Serine protease inhibitor","Apoptosis - Cell adhesion - Endocytosis - Notch signaling pathway"
"AREG","Bone marrow stromal cells",-1.432764432,0.00023839,"Cytokine - Growth factor",NA
"ARF1","Bone marrow stromal cells",-1.09409642,0.000284563,NA,"ER-Golgi transport - Transport"
"B2M","Regulatory T cells",0.579416073654043,0.00982834270044908,NA,"Immunity - MHC I"
"B2M","Plasma cells",1.38701891977694,3.1558290892832e-22,NA,"Immunity - MHC I"
"B2M","Bone marrow stromal cells",0.769604003,0.003594205,NA,"Immunity - MHC I"
"BDNF","Osteocytes",-0.354745160444397,0.0862872187063447,"Growth factor",NA
"BMP2","Endothelial cells",-1.55523786920754,0.00732464662948369,"Cytokine - Growth factor","Chondrogenesis - Osteogenesis"
"BMP3","Plasma cells",-1.00464147583717,1.28592092989912e-11,"Cytokine - Growth factor","Chondrogenesis - Osteogenesis"
"BMP4","Endothelial cells",-1.28529437893935,0.00720431299779427,"Cytokine - Growth factor","Chondrogenesis - Osteogenesis"
"BMP4","Osteocytes",-0.376959307185896,0.0696497150706464,"Cytokine - Growth factor","Chondrogenesis - Osteogenesis"
"BMP4","Whole bone marrow",0.991317424778525,3.99416456544161e-07,"Cytokine - Growth factor","Chondrogenesis - Osteogenesis"
"BMP5","Plasma cells",-1.79884651865867,3.9951153829636e-21,"Cytokine - Growth factor","Chondrogenesis - Osteogenesis"
"BMP6","Plasma cells",0.995676510554242,2.61793136001334e-10,"Cytokine - Growth factor","Chondrogenesis - Osteogenesis"
"BMP6","Whole bone marrow",2.54922429743225,2.48619187510711e-47,"Cytokine - Growth factor","Chondrogenesis - Osteogenesis"
"BMP6","Endothelial cells",-3.5480469768862,2.3500770271091e-07,"Cytokine - Growth factor","Chondrogenesis - Osteogenesis"
"BSPRY","Regulatory T cells",1.27177817325329,0.00623242605726464,NA,NA
"BTLA","Whole bone marrow",1.27040888783658,1.44458305458273e-15,NA,NA
"C3","Plasma cells",-0.865114220653073,3.6184440256546e-13,NA,"Complement alternate pathway - Immunity - Innate immunity"
"C3","Macrophages",-2.54605197907484,0.0687079119724965,NA,"Complement alternate pathway - Immunity - Innate immunity"
"C4A","Adipocytes",1.08678468216875,0.0166656153916772,NA,NA
"C4B","Adipocytes",1.08678468216875,0.0166656153916772,"Blood group antigen - Blood group antigen","Immunity"
"C4BPA","Plasma cells",-0.733666857786805,2.11360814379787e-10,NA,"Immunity"
"CADM1","Whole bone marrow",1.27251870349912,7.13761384967357e-09,NA,"Apoptosis - Cell adhesion - Differentiation - Spermatogenesis"
"CADM1","Osteocytes",-0.608366993697494,0.0200160646629767,NA,"Apoptosis - Cell adhesion - Differentiation - Spermatogenesis"
"CADM1","Osteogenic precursor cells",2.03336054922876,0.0970323686194543,NA,"Apoptosis - Cell adhesion - Differentiation - Spermatogenesis"
"CALM2","Bone marrow stromal cells",-6.708150973,0.00816905,NA,NA
"CALM2","Neutrophils",-1.03118948024195,0.0681636768818878,NA,NA
"CALM3","Plasma cells",-0.784892854347001,8.24151294192056e-08,NA,NA
"CALR","Bone marrow stromal cells",-0.658664919,0.003580547,"Chaperone",NA
"CALR","Natural killer cells",-1.02587691715044,0.0104324872850365,"Chaperone",NA
"CAMP","Adipocytes",2.18510266594274,0.0433005649938304,NA,NA
"CAMP","Whole bone marrow",-1.02254046968756,2.30022694031656e-10,NA,NA
"CAMP","Plasma cells",-1.05740034645575,1.36404857811933e-17,NA,NA
"CCL15","Macrophages",5.57033496245319,0.0179012872399006,"Cytokine - Heparin-binding","Chemotaxis"
"CCL15","Adipocytes",0.680209519509487,0.0957662734607957,"Cytokine - Heparin-binding","Chemotaxis"
"CCL2","Plasma cells",-0.778569102838684,6.02924416027162e-14,"Cytokine","Chemotaxis"
"CCL2","Bone marrow stromal cells",-0.383893349,0.002700667,"Cytokine","Chemotaxis"
"CCL23","Adipocytes",0.680209519509487,0.0957662734607957,"Cytokine - Heparin-binding","Chemotaxis"
"CCL23","Macrophages",5.57033496245319,0.0179012872399006,"Cytokine - Heparin-binding","Chemotaxis"
"CCL23","Plasma cells",-0.75815485884995,2.92623974574939e-08,"Cytokine - Heparin-binding","Chemotaxis"
"CCL28","Bone marrow stromal cells",0.858898735,0.002113989,"Cytokine","Chemotaxis"
"CCL28","Osteogenic precursor cells",1.51791610594404,0.0428497159140534,"Cytokine","Chemotaxis"
"CCL28","Plasma cells",-1.16755705808385,3.43471885294266e-12,"Cytokine","Chemotaxis"
"CCL3","Macrophages",-2.63360774039398,0.0794091629812398,"Cytokine","Chemotaxis"
"CCL3L3","Macrophages",-2.63360774039398,0.0794091629812398,NA,NA
"CCL4","Regulatory T cells",3.97744431003655,0.0271692998160697,"Cytokine","Chemotaxis"
"CCL7","Macrophages",3.94553623712959,0.0735114167260721,"Cytokine - Heparin-binding","Chemotaxis"
"CCL8","Plasma cells",-1.19895797069186,4.08087650369642e-17,"Cytokine - Heparin-binding","Chemotaxis"
"CCL8","Macrophages",2.97017188153684,0.0562233550930243,"Cytokine - Heparin-binding","Chemotaxis"
"CD14","Plasma cells",-1.06808952615797,1.05965928383254e-21,NA,"Immunity"
"CD14","Osteocytes",0.602335266914871,0.0786166192531585,NA,"Immunity"
"CD2","Regulatory T cells",0.375409473905229,0.0217059459446316,NA,"Cell adhesion"
"CD2","Plasma cells",-0.881788196452168,1.16620473183723e-15,NA,"Cell adhesion"
"CD22","Whole bone marrow",-0.959647268532726,1.60777115157559e-07,NA,"Cell adhesion"
"CD22","Plasma cells",-2.01562360893812,1.2490722384135e-26,NA,"Cell adhesion"
"CD24","Plasma cells",-2.09869354775998,2.16057212778621e-31,NA,NA
"CD24","Whole bone marrow",-1.34239814144218,4.04258840033637e-13,NA,NA
"CD24","Osteocytes",-0.771741205303428,0.00528238829037512,NA,NA
"CD244","Whole bone marrow",-0.77658783673733,7.73736088587516e-07,NA,"Immunity"
"CD244","Plasma cells",-1.99176687042754,2.11563594794363e-31,NA,"Immunity"
"CD320","Plasma cells",1.2333567526574,5.84549330881786e-14,"Growth factor",NA
"CD320","Whole bone marrow",1.34956513289107,1.29716654408657e-20,"Growth factor",NA
"CD34","Plasma cells",-1.90703347735523,4.52366713818552e-21,NA,"Cell adhesion"
"CD40LG","Plasma cells",-1.22349789125593,1.92312888666755e-14,"Cytokine",NA
"CD55","Regulatory T cells",-1.04715499715554,0.000283878252903094,"Blood group antigen - Host cell receptor for virus entry - Receptor","Immunity"
"CD96","Plasma cells",-1.09349470738067,2.58248843620214e-13,NA,"Cell adhesion"
"CDH1","Plasma cells",-0.806507054572223,6.5884401730822e-09,NA,"Cell adhesion"
"CDH11","Plasma cells",-1.84696926791169,1.12535342142789e-22,NA,"Cell adhesion"
"CDH11","Endothelial cells",1.22731067406044,0.00471631820995204,NA,"Cell adhesion"
"CDH23","Plasma cells",-0.967666687298112,1.3694984018566e-10,NA,"Cell adhesion - Hearing - Sensory transduction"
"CDHR1","Adipocytes",-0.986234655601033,0.058953566649375,NA,"Cell adhesion"
"CEACAM1","Plasma cells",-0.79367893412951,6.93659387098092e-10,NA,NA
"CEACAM1","Whole bone marrow",-0.994804445649603,3.17870119514646e-12,NA,NA
"CFH","Whole bone marrow",0.558851493946822,3.22525165516239e-08,NA,"Complement alternate pathway - Immunity - Innate immunity"
"CGN","Whole bone marrow",0.762886663322391,9.13802979853707e-06,NA,NA
"CHL1","Plasma cells",-1.71400248652493,3.11778676406453e-22,NA,"Cell adhesion - Neurogenesis"
"CLCF1","Bone marrow stromal cells",-1.125954331,0.002113563,"Cytokine",NA
"CLSTN1","Bone marrow stromal cells",0.907874521,0.004950296,NA,"Cell adhesion"
"CLSTN1","Whole bone marrow",0.411907674540686,2.83765475848503e-14,NA,"Cell adhesion"
"CNTN4","Whole bone marrow",1.30430401139183,1.567882473727e-10,NA,"Cell adhesion"
"COL11A1","Endothelial cells",4.82093733062086,0.00233689413675772,NA,NA
"COL11A1","Osteocytes",-1.05094514235274,0.00200699763521342,NA,NA
"COL18A1","Plasma cells",-1.73431268540984,3.05716216072659e-22,NA,"Cell adhesion"
"COL18A1","Neutrophils",-1.01822753616371,0.0386066736433973,NA,"Cell adhesion"
"COL18A1","Endothelial cells",-3.57078023145323,4.61235326887043e-06,NA,"Cell adhesion"
"COL18A1","Whole bone marrow",-0.481054772646271,1.18624419243549e-08,NA,"Cell adhesion"
"COL1A1","Osteocytes",-0.943241233445407,0.0170091490038655,NA,NA
"COL1A1","Endothelial cells",7.22406926431155,0.000164775028228098,NA,NA
"COL1A2","Endothelial cells",7.69578933302426,1.2819923017348e-10,NA,NA
"COL1A2","Osteocytes",-0.855399254720682,0.00140252762108661,NA,NA
"COL3A1","Endothelial cells",6.49151035593444,4.4224410618445e-07,NA,NA
"COL3A1","Plasma cells",-0.48627373764884,7.66462173874901e-07,NA,NA
"COL3A1","Osteocytes",-1.15705171370862,0.00126081105534512,NA,NA
"COL4A1","Endothelial cells",3.67691999474003,0.000665300882380794,NA,"Angiogenesis"
"COL4A2","Endothelial cells",3.42349987245528,0.000656823550234592,NA,"Angiogenesis"
"COL4A4","Whole bone marrow",1.65554486285653,5.80162551426177e-19,NA,NA
"COL4A5","Bone marrow stromal cells",0.962175174,0.000872327,NA,NA
"COL4A5","Endothelial cells",-3.54486666361654,0.000187383390579578,NA,NA
"COL4A5","Whole bone marrow",0.72164734362623,1.15921807013534e-06,NA,NA
"COL4A6","Endothelial cells",-1.34073058158631,0.00471321767745489,NA,"Cell adhesion"
"COL5A2","Osteocytes",-0.653156411540756,0.00564114887956719,NA,NA
"COL5A3","Osteocytes",-0.573877738184688,0.0183420681003501,NA,NA
"COL5A3","Bone marrow stromal cells",0.146013699,0.003295559,NA,NA
"COL6A1","Endothelial cells",3.60424847345771,0.000113755367876139,NA,"Cell adhesion"
"COL6A2","Endothelial cells",5.74912179552589,5.79599622574382e-05,NA,"Cell adhesion"
"COL6A2","Bone marrow stromal cells",-0.7683222,0.004497458,NA,"Cell adhesion"
"COL6A3","Bone marrow stromal cells",-0.993930221,0.001736634,"Protease inhibitor - Serine protease inhibitor","Cell adhesion"
"COL6A3","Endothelial cells",6.07684306390591,8.37764958266347e-09,"Protease inhibitor - Serine protease inhibitor","Cell adhesion"
"COL7A1","Endothelial cells",0.820360364692559,0.0035748175893358,"Protease inhibitor - Serine protease inhibitor","Cell adhesion"
"COL7A1","Bone marrow stromal cells",-0.970930978,0.000818052,"Protease inhibitor - Serine protease inhibitor","Cell adhesion"
"COLQ","Regulatory T cells",-1.07445703283894,0.00422222508723518,NA,"Neurotransmitter degradation"
"CP","Plasma cells",-1.55219648471219,3.14293703462777e-16,NA,"Copper transport - Ion transport - Transport"
"CRH","Whole bone marrow",-1.38994071207401,1.14437573812833e-12,NA,NA
"CRTAM","Plasma cells",-0.511351868374116,7.04130047765241e-11,NA,"Cell adhesion"
"CSF1","Endothelial cells",0.894813974449981,0.00110677503618481,"Cytokine - Growth factor","Immunity"
"CSF1","Regulatory T cells",0.752622208969531,0.00404865953978773,"Cytokine - Growth factor","Immunity"
"CSF1","Plasma cells",-0.454576003759174,2.74164743278579e-07,"Cytokine - Growth factor","Immunity"
"CTHRC1","Bone marrow stromal cells",-0.402687604,0.004454557,NA,NA
"CTHRC1","Whole bone marrow",1.33224531937087,1.30650744870537e-09,NA,NA
"CTNNB1","Neutrophils",0.857031457576742,0.0412395927569657,"Activator","Cell adhesion - Neurogenesis - Transcription - Wnt signaling pathway"
"CXCL1","Bone marrow stromal cells",-0.976618835,0.000967974,"Cytokine - Growth factor",NA
"CXCL1","Whole bone marrow",-0.839428587736039,5.05091783307327e-15,"Cytokine - Growth factor",NA
"CXCL1","Plasma cells",-0.543928551444321,6.27886274257992e-08,"Cytokine - Growth factor",NA
"CXCL10","Whole bone marrow",0.629938727283538,2.68110946772479e-06,"Cytokine","Chemotaxis"
"CXCL10","Regulatory T cells",3.88377717027004,5.61953471068405e-05,"Cytokine","Chemotaxis"
"CXCL11","Osteocytes",-0.731878504733245,0.0249508114241842,"Cytokine","Chemotaxis"
"CXCL11","Whole bone marrow",1.33282187864478,2.14953908883127e-07,"Cytokine","Chemotaxis"
"CXCL12","Endothelial cells",4.5567261676393,0.00041002981700575,"Cytokine - Growth factor","Chemotaxis"
"CXCL12","Plasma cells",-1.45257043532052,6.22949488196289e-23,"Cytokine - Growth factor","Chemotaxis"
"CXCL12","Bone marrow stromal cells",0.728623678,0.000879102,"Cytokine - Growth factor","Chemotaxis"
"CXCL12","Whole bone marrow",-0.481364199657243,4.03141001905187e-07,"Cytokine - Growth factor","Chemotaxis"
"CXCL12","Adipocytes",0.660228647109539,0.0661717174350257,"Cytokine - Growth factor","Chemotaxis"
"CXCL9","Plasma cells",-0.58004235946197,3.90619777338599e-07,"Cytokine",NA
"CXCL9","Whole bone marrow",0.740511400237477,1.22718757700666e-06,"Cytokine",NA
"DCN","Plasma cells",-1.2792000317342,8.7198195625882e-16,NA,NA
"DCN","Endothelial cells",4.97068869837614,6.61449149241702e-05,NA,NA
"DKK1","Plasma cells",1.3316464064711,3.07034886025718e-16,NA,"Wnt signaling pathway"
"DKK1","Whole bone marrow",1.8274723624545,2.31227965434233e-22,NA,"Wnt signaling pathway"
"DKK2","Endothelial cells",0.504272106406113,0.00978643818446484,NA,"Wnt signaling pathway"
"DLL1","Natural killer cells",-1.19210081492199,0.0475896116003134,NA,"Notch signaling pathway"
"DLL1","Regulatory T cells",3.6222768248243,0.0419316202040443,NA,"Notch signaling pathway"
"DSC1","Plasma cells",-0.780465492968748,1.33130605977201e-10,NA,"Cell adhesion"
"DSC2","Plasma cells",-1.17960916124466,9.28311421452655e-21,NA,"Cell adhesion"
"DSC2","Osteocytes",-0.595313578302893,0.0345590595299287,NA,"Cell adhesion"
"DSC3","Plasma cells",-0.646019432424919,4.73157670122632e-08,NA,"Cell adhesion"
"DSG1","Plasma cells",-0.505497433009976,1.7471970027317e-07,NA,"Cell adhesion"
"DSG3","Neutrophils",2.00878634127574,0.00843216036710177,NA,"Cell adhesion"
"DSG3","Plasma cells",-0.560463608102692,3.48078138789194e-08,NA,"Cell adhesion"
"EBI3","Plasma cells",-0.744973626226635,7.94590711444921e-11,"Cytokine",NA
"EBI3","Regulatory T cells",1.27767490325849,0.00319383416800274,"Cytokine",NA
"ECM1","Bone marrow stromal cells",0.70424173,0.001742068,NA,"Angiogenesis - Biomineralization - Mineral balance - Osteogenesis"
"ECM1","Macrophages",3.22726702487135,0.0764965621237478,NA,"Angiogenesis - Biomineralization - Mineral balance - Osteogenesis"
"ECM1","Endothelial cells",1.00099821595689,0.000405252080473899,NA,"Angiogenesis - Biomineralization - Mineral balance - Osteogenesis"
"EDF1","Whole bone marrow",0.466289056535826,4.88181940315737e-08,"Activator - Calmodulin-binding","Transcription"
"EDF1","Plasma cells",0.762790375802692,9.12058684910081e-07,"Activator - Calmodulin-binding","Transcription"
"EDF1","Regulatory T cells",0.472503162208918,0.0102464677717161,"Activator - Calmodulin-binding","Transcription"
"EDIL3","Osteocytes",-1.06665004583805,0.0270362736115744,NA,"Cell adhesion"
"EDN1","Endothelial cells",-2.67358826821089,0.000541057805043913,"Vasoactive - Vasoconstrictor",NA
"EFNA1","Osteocytes",-0.720749718384348,0.00638096157947973,NA,"Angiogenesis"
"EFNA1","Endothelial cells",-0.911676817313809,0.00842919284462574,NA,"Angiogenesis"
"EFNA1","Plasma cells",-0.989278649102278,1.56894159804936e-09,NA,"Angiogenesis"
"EFNA2","Osteocytes",-0.447774169691756,0.0570502908895396,NA,NA
"EFNA4","Neutrophils",-2.16493533474847,0.0545626128097357,NA,NA
"EFNA4","Endothelial cells",-0.763534747240593,0.0016472011461707,NA,NA
"EFNB2","Adipocytes",-1.26740757132724,0.0296460691099504,"Host cell receptor for virus entry - Receptor","Angiogenesis - Neurogenesis"
"EGF","Whole bone marrow",-0.67499252863273,5.65912725244094e-08,"Growth factor",NA
"EGF","Osteocytes",-1.72397075165713,8.61479330548998e-05,"Growth factor",NA
"EGF","Plasma cells",-1.5001313798983,1.09628696250534e-20,"Growth factor",NA
"EREG","Plasma cells",-0.75398511686371,8.38688148218212e-09,"Growth factor - Mitogen","Angiogenesis"
"EREG","Bone marrow stromal cells",-1.228775191,0.000655704,"Growth factor - Mitogen","Angiogenesis"
"EREG","Adipocytes",1.08583450867805,0.0490242888751016,"Growth factor - Mitogen","Angiogenesis"
"F10","Macrophages",2.63842753075053,0.0729169661050017,"Hydrolase - Protease - Serine protease",NA
"F13A1","Plasma cells",-1.03165639513274,8.15652279726728e-11,"Acyltransferase - Transferase",NA
"F2","Whole bone marrow",0.665726411504627,5.36028703498334e-06,"Hydrolase - Protease - Serine protease","Acute phase - Blood coagulation - Hemostasis - Thrombophilia"
"F7","Macrophages",3.51654408786828,0.0578505819458216,"Hydrolase - Protease - Serine protease",NA
"F8","Endothelial cells",1.17513782331443,0.000471160575640123,NA,"Acute phase - Blood coagulation - Hemophilia - Hemostasis"
"F8","Natural killer cells",0.661676036137211,0.0810887444948765,NA,"Acute phase - Blood coagulation - Hemophilia - Hemostasis"
"F9","Plasma cells",-0.635829544906698,1.20567092011946e-12,"Hydrolase - Protease - Serine protease","Blood coagulation - Hemophilia - Hemostasis - Thrombophilia"
"FARP2","Macrophages",-3.11737652931274,0.0750623272622575,"Guanine-nucleotide releasing factor",NA
"FASLG","Plasma cells",-0.700304019499521,2.02002081306543e-08,"Cytokine - Repressor","Apoptosis - Transcription"
"FAT4","Adipocytes",-0.775259037206844,0.098912717845159,NA,"Cell adhesion"
"FBLN1","Plasma cells",-0.730546678484813,7.57827209689162e-07,NA,NA
"FBLN2","Plasma cells",0.701161372383893,3.48412287261169e-08,NA,NA
"FBLN2","Whole bone marrow",1.03130443673532,2.89967660049739e-10,NA,NA
"FBN1","Plasma cells",-0.774371030180146,1.95704333460265e-09,"Heparin-binding",NA
"FBN1","Osteocytes",-0.655250238716368,0.0278885695262457,"Heparin-binding",NA
"FGA","Plasma cells",-0.376841007028892,5.0574555938002e-07,NA,"Immunity"
"FGF1","Osteocytes",-0.600643466887548,0.0743899415049858,"Growth factor - Heparin-binding - Mitogen","Angiogenesis"
"FGF2","Bone marrow stromal cells",-0.779464872,0.006358882,"Growth factor - Heparin-binding - Mitogen","Angiogenesis"
"FGF2","Whole bone marrow",0.924443982855641,2.92621979004082e-07,"Growth factor - Heparin-binding - Mitogen","Angiogenesis"
"FGF5","Osteocytes",0.944462700329927,0.0139462208619894,"Growth factor - Mitogen",NA
"FGF5","Bone marrow stromal cells",-0.174913009,0.000479602,"Growth factor - Mitogen",NA
"FGF6","Macrophages",3.63716335657425,0.0967677234108517,"Growth factor - Mitogen","Angiogenesis"
"FGF7","Bone marrow stromal cells",1.504031185,0.000417442,"Growth factor - Heparin-binding - Mitogen",NA
"FGF7","Whole bone marrow",0.43289928507701,5.10537745892275e-06,"Growth factor - Heparin-binding - Mitogen",NA
"FGF7","Endothelial cells",3.79375888811737,0.000137346524035942,"Growth factor - Heparin-binding - Mitogen",NA
"FGG","Plasma cells",-0.395001352092691,2.47144375964758e-07,NA,NA
"FGL1","Adipocytes",1.04711807403188,0.0727048403933696,NA,NA
"FGL1","Plasma cells",-0.232380923539295,3.73284947004157e-07,NA,NA
"FN1","Endothelial cells",2.19859344706789,0.000505356474025613,"Heparin-binding","Acute phase - Angiogenesis - Cell adhesion"
"FN1","Bone marrow stromal cells",-0.633002454,0.004858728,"Heparin-binding","Acute phase - Angiogenesis - Cell adhesion"
"FN1","Osteocytes",-1.04198991114301,0.00327272700265718,"Heparin-binding","Acute phase - Angiogenesis - Cell adhesion"
"FST","Osteocytes",-0.463208581407283,0.0649232512278002,NA,NA
"FST","Endothelial cells",3.09822616379811,0.00221706169462004,NA,NA
"FYN","Plasma cells",-0.734439659143918,4.64549816695353e-07,"Kinase - Transferase - Tyrosine-protein kinase",NA
"FZD6","Plasma cells",0.588286165415081,5.52675290192345e-07,"G-protein coupled receptor - Receptor - Transducer","Wnt signaling pathway"
"FZD6","Whole bone marrow",0.93577967468544,2.76136782201556e-12,"G-protein coupled receptor - Receptor - Transducer","Wnt signaling pathway"
"GAD1","Whole bone marrow",-1.18619436171892,9.83202019703205e-07,"Decarboxylase - Lyase","Neurotransmitter biosynthesis"
"GALC","Regulatory T cells",0.9011753606025,0.0236850032887621,"Glycosidase - Hydrolase","Lipid metabolism - Sphingolipid metabolism"
"GAS6","Endothelial cells",3.55932331113437,6.61449149241702e-05,NA,"Growth regulation"
"GAS6","Whole bone marrow",0.986383556013584,3.70560892847193e-15,NA,"Growth regulation"
"GDF15","Macrophages",2.48564461304465,0.0959695616266118,"Cytokine - Growth factor",NA
"GDF5","Bone marrow stromal cells",-0.418567388,0.006225514,"Cytokine - Growth factor","Chondrogenesis"
"GDNF","Bone marrow stromal cells",-0.574432426,0.007050194,"Growth factor",NA
"GMFG","Bone marrow stromal cells",0.838005108,2.2e-05,"Growth factor",NA
"GMFG","Whole bone marrow",-0.48761497033297,5.2225850583426e-09,"Growth factor",NA
"GNAI2","Endothelial cells",-0.742139302665331,0.00981134733322856,NA,"Cell cycle"
"GNAS","Bone marrow stromal cells",0.149098957,0.008862638,NA,NA
"GNAS","Plasma cells",0.864334688235168,1.80483623073879e-11,NA,NA
"GNRH1","Whole bone marrow",-0.591596384055869,5.88649339055705e-08,NA,NA
"GPI","Whole bone marrow",-0.440994345932198,2.90227559396805e-10,"Cytokine - Growth factor","Gluconeogenesis - Glycolysis"
"GPI","Bone marrow stromal cells",-0.24431423,0.007002808,"Cytokine - Growth factor","Gluconeogenesis - Glycolysis"
"GPI","Osteogenic precursor cells",0.871369100935471,0.0904609254822673,"Cytokine - Growth factor","Gluconeogenesis - Glycolysis"
"GREM1","Osteocytes",-0.646561947481176,0.0114803726297856,"Cytokine",NA
"GREM1","Endothelial cells",4.00264052911954,0.000948646767193557,"Cytokine",NA
"GRN","Regulatory T cells",1.66217347514844,0.0161704508039561,"Cytokine",NA
"GRN","Whole bone marrow",-0.328553163291541,6.87557542442813e-06,"Cytokine",NA
"GRN","Endothelial cells",-0.739435593556598,0.00585811189668882,"Cytokine",NA
"GSTP1","Regulatory T cells",0.324375099863281,0.0331319994010712,NA,NA
"GZMB","Regulatory T cells",2.86700693947289,9.0329416635454e-06,"Hydrolase - Protease - Serine protease","Apoptosis"
"GZMB","Whole bone marrow",-0.602028266701144,1.03022217911034e-07,"Hydrolase - Protease - Serine protease","Apoptosis"
"HBEGF","Bone marrow stromal cells",-0.746672551,0.006406638,"Growth factor - Heparin-binding",NA
"HGF","Macrophages",2.22446989943249,0.0943182604192084,"Growth factor - Serine protease homolog",NA
"HGF","Plasma cells",0.936577423717238,1.9175548175592e-08,"Growth factor - Serine protease homolog",NA
"HGF","Whole bone marrow",1.63846689791881,5.16024867157455e-12,"Growth factor - Serine protease homolog",NA
"HLA-B","Whole bone marrow",0.386719281777534,1.919225325906e-06,NA,"Immunity - MHC I"
"HLA-E","Macrophages",-3.11911881980606,0.0210078703053148,NA,"Immunity - MHC I"
"HLA-E","Bone marrow stromal cells",1.469955813,3.1e-05,NA,"Immunity - MHC I"
"HLA-E","Plasma cells",0.972430912360005,2.70457837328967e-14,NA,"Immunity - MHC I"
"HLA-E","Regulatory T cells",0.991968591428044,0.000128862532654581,NA,"Immunity - MHC I"
"HLA-E","Whole bone marrow",0.375518516783938,1.06269740741952e-08,NA,"Immunity - MHC I"
"HLA-E","Regulatory T cells",0.991968591428044,0.000128862532654581,NA,"Immunity - MHC I"
"HLA-G","Bone marrow stromal cells",0.631472512,0.001843672,NA,"Immunity - MHC I"
"HMGB1","Whole bone marrow",-0.696618329330034,4.91676701456468e-19,NA,"Autophagy - Chemotaxis - DNA damage - Immunity"
"HSP90AA1","Natural killer cells",-0.654972466893753,0.0622035513664473,"Chaperone","Stress response"
"HSP90AA1","Whole bone marrow",-0.353252224814545,1.11702374484101e-06,"Chaperone","Stress response"
"HSP90B1","Whole bone marrow",0.853476219917917,5.04349682650134e-12,"Chaperone",NA
"IBSP","Plasma cells",-0.297665028096177,9.82130827860161e-09,NA,"Biomineralization - Cell adhesion"
"IBSP","Bone marrow stromal cells",-0.587750504,0.009692291,NA,"Biomineralization - Cell adhesion"
"ICAM1","Regulatory T cells",0.612011675379268,0.00661609688189501,"Host cell receptor for virus entry - Receptor","Cell adhesion"
"ICAM2","Whole bone marrow",0.733977236897724,4.8739188287156e-13,NA,"Cell adhesion"
"ICAM2","Endothelial cells",-4.47475909016043,2.3500770271091e-07,NA,"Cell adhesion"
"ICAM3","Plasma cells",0.799364337921285,3.87279052386475e-12,NA,"Cell adhesion - Phagocytosis"
"ICAM4","Whole bone marrow",-0.63745240425164,2.36827516948795e-07,"Blood group antigen","Cell adhesion"
"IFNG","Plasma cells",-0.905896735087088,1.87552499646847e-08,"Cytokine","Antiviral defense - Growth regulation"
"IGF1","Whole bone marrow",1.49361355035922,9.77526073854104e-19,"Growth factor",NA
"IGF1","Plasma cells",1.48135209265347,3.00920116262675e-24,"Growth factor",NA
"IGF2","Adipocytes",-1.50307238663062,0.0047486989870277,"Growth factor - Mitogen","Carbohydrate metabolism - Glucose metabolism - Osteogenesis"
"IGF2","Whole bone marrow",-0.94227229967799,1.33613646093923e-06,"Growth factor - Mitogen","Carbohydrate metabolism - Glucose metabolism - Osteogenesis"
"IGFBP4","Bone marrow stromal cells",0.855894671,0.00483558,"Growth factor binding",NA
"IGFBP4","Plasma cells",-1.20939171348505,3.27532883313617e-16,"Growth factor binding",NA
"IGFBP4","Endothelial cells",2.35776779313833,6.79822754790869e-07,"Growth factor binding",NA
"IHH","Adipocytes",0.939765696567868,0.0957662734607957,"Hydrolase",NA
"IL12A","Whole bone marrow",1.46055614827597,1.97345660299811e-18,"Cytokine - Growth factor",NA
"IL15","Whole bone marrow",0.848389436594003,1.05980615574534e-13,"Cytokine",NA
"IL15","Osteocytes",-0.457291087640474,0.0613840080367621,"Cytokine",NA
"IL16","Bone marrow stromal cells",-0.533227507,0.002380769,"Cytokine","Chemotaxis - Transcription"
"IL16","Macrophages",-1.76829313793088,0.0451308170238743,"Cytokine","Chemotaxis - Transcription"
"IL18","Whole bone marrow",-0.58645515601264,2.49751183099935e-08,"Cytokine",NA
"IL18","Plasma cells",-1.82898552670841,6.63146352421043e-29,"Cytokine",NA
"IL1A","Adipocytes",0.766420957880555,0.0957662734607957,"Cytokine - Mitogen - Pyrogen","Inflammatory response - Pyrogen"
"IL1B","Macrophages",-5.09793793871704,0.0944279224032865,"Cytokine - Mitogen - Pyrogen","Inflammatory response - Pyrogen"
"IL1RN","Regulatory T cells",2.58751455440299,0.0343814603234826,NA,NA
"IL2","Plasma cells",-0.45383706379949,3.00621701418803e-10,"Cytokine - Growth factor",NA
"IL21","Plasma cells",-0.25876427557998,4.15484029539345e-09,"Cytokine",NA
"IL22","Plasma cells",-0.997143440965511,4.28917726354772e-11,"Cytokine",NA
"IL26","Plasma cells",-0.988384181222463,1.55280895894192e-10,"Cytokine",NA
"IL4","Plasma cells",-0.847314738359998,3.45446577271419e-11,"Cytokine - Growth factor","B-cell activation"
"IL6","Osteocytes",-0.405670473257953,0.0469231501006072,"Cytokine - Growth factor","Acute phase"
"IL7","Whole bone marrow",-0.582122146686553,1.86282076240362e-07,"Cytokine - Growth factor",NA
"INHA","Macrophages",5.40679178656407,0.0534280580870252,"Growth factor",NA
"INHBB","Plasma cells",-0.962308280243988,1.18869798492603e-09,"Growth factor",NA
"INSL3","Macrophages",-9.79903825670219,0.0719301761879476,NA,NA
"ITPR1","Macrophages",2.40328241279264,0.0504092936604233,"Calcium channel - Ion channel - Ligand-gated ion channel","Apoptosis - Calcium channel - Calcium transport - Ion channel - Ion transport - Ligand-gated ion channel - Transport"
"IZUMO1","Plasma cells",-1.21525821446465,2.62257697490055e-09,NA,"Fertilization"
"JAG2","Endothelial cells",-2.30557108143672,0.000126953403697248,NA,"Notch signaling pathway"
"JAM2","Bone marrow stromal cells",1.113005218,0.001436838,NA,NA
"JAM3","Bone marrow stromal cells",0.949859964,0.001836952,NA,"Angiogenesis - Cell adhesion - Differentiation - Spermatogenesis"
"JAML","Whole bone marrow",-0.888554467864278,2.36300459020748e-14,NA,"Cell adhesion"
"JAML","Plasma cells",-1.38875761812972,6.45383645889619e-13,NA,"Cell adhesion"
"KITLG","Plasma cells",-1.26622915388079,2.86797819815328e-16,"Growth factor","Cell adhesion"
"KNG1","Plasma cells",-0.247336594987133,6.05883684508741e-09,"Protease inhibitor - Thiol protease inhibitor - Vasoactive - Vasodilator",NA
"L1CAM","Regulatory T cells",-0.468482644753268,0.0245672895127641,NA,"Cell adhesion - Neurogenesis"
"L1CAM","Osteocytes",-0.798118869921471,0.00391269069171305,NA,"Cell adhesion - Neurogenesis"
"LAMA3","Endothelial cells",-1.48384483776465,0.000394341257271378,NA,"Cell adhesion"
"LAMA4","Endothelial cells",-3.09085466279731,0.00671904661679075,NA,"Cell adhesion"
"LAMA4","Bone marrow stromal cells",0.829105523,0.004031877,NA,"Cell adhesion"
"LAMA5","Endothelial cells",-1.89080954396472,3.38287401467055e-05,NA,"Cell adhesion"
"LAMA5","Osteocytes",0.498499958975712,0.023119341725688,NA,"Cell adhesion"
"LAMA5","Bone marrow stromal cells",0.462759702,0.007544888,NA,"Cell adhesion"
"LAMA5","Whole bone marrow",0.446946182967299,9.76132884418297e-07,NA,"Cell adhesion"
"LAMB1","Endothelial cells",-1.78772609912964,0.000547556749426074,NA,"Cell adhesion"
"LAMB3","Osteocytes",0.395298583476584,0.0602435266625501,NA,"Cell adhesion"
"LAMC1","Macrophages",3.17770625131909,0.0600194590313505,NA,"Cell adhesion"
"LAMC1","Bone marrow stromal cells",0.656472715,0.008917496,NA,"Cell adhesion"
"LAMC1","Regulatory T cells",0.640240482125533,0.00178912168449907,NA,"Cell adhesion"
"LAMC1","Plasma cells",1.12568376046519,1.54552137664683e-11,NA,"Cell adhesion"
"LAMC1","Whole bone marrow",1.53477217344337,1.75747702869854e-30,NA,"Cell adhesion"
"LAMC2","Endothelial cells",-3.89505632533617,5.10121467323717e-07,"Heparin-binding","Cell adhesion"
"LCN2","Plasma cells",-1.3690363794745,3.20735094765574e-24,NA,"Apoptosis - Immunity - Ion transport - Iron transport - Transport"
"LCN2","Whole bone marrow",-1.0033269711629,7.84680978567365e-13,NA,"Apoptosis - Immunity - Ion transport - Iron transport - Transport"
"LGALS3BP","Regulatory T cells",1.82034423947476,0.000128862532654581,NA,"Cell adhesion"
"LIF","Endothelial cells",1.54923982926778,0.0032484725969944,"Cytokine - Growth factor",NA
"LIF","Bone marrow stromal cells",-0.145613223,0.004990593,"Cytokine - Growth factor",NA
"LIF","Macrophages",0.325673285259469,0.0231914383059414,"Cytokine - Growth factor",NA
"LIN7C","Plasma cells",1.18423321461554,9.87141981276162e-14,NA,"Exocytosis"
"LPL","Osteocytes",-0.362209895599871,0.0935350442689996,"Heparin-binding",NA
"LPL","Plasma cells",-1.38315273163603,5.55619288632176e-14,"Heparin-binding",NA
"LRPAP1","Plasma cells",0.592283320604442,3.97044563963362e-07,"Heparin-binding",NA
"LRPAP1","Macrophages",2.62877838669932,0.0559443733897557,"Heparin-binding",NA
"LTB","Regulatory T cells",0.44444687728009,0.0244974422066799,"Cytokine",NA
"LTB","Whole bone marrow",-0.835824252738348,1.37586542582131e-14,"Cytokine",NA
"LTBP1","Bone marrow stromal cells",-0.868034778,0.001454443,"Growth factor binding",NA
"LTBP3","Osteocytes",0.592792297216863,0.0134046524495466,"Growth factor binding",NA
"LTBP3","Natural killer cells",-0.795196260726986,0.0403426222174159,"Growth factor binding",NA
"LYN","Macrophages",-3.22684318970602,0.0630598162084578,"Kinase - Transferase - Tyrosine-protein kinase","Immunity"
"LYN","Bone marrow stromal cells",0.531341536,0.007549622,"Kinase - Transferase - Tyrosine-protein kinase","Immunity"
"MAP7","Plasma cells",-0.846871153776711,5.21635943750409e-07,NA,NA
"MDK","Whole bone marrow",0.764151017823678,2.96092254156108e-07,"Growth factor - Heparin-binding - Mitogen",NA
"MFAP5","Endothelial cells",5.35257190340387,4.64684601035966e-05,NA,NA
"MFAP5","Plasma cells",-0.691403575213498,2.01311079236718e-11,NA,NA
"MFGE8","Endothelial cells",2.56717015322452,2.41692722121361e-07,NA,"Angiogenesis - Cell adhesion - Fertilization"
"MFGE8","Macrophages",3.52007687450204,0.0509134317884687,NA,"Angiogenesis - Cell adhesion - Fertilization"
"MMP2","Bone marrow stromal cells",-0.42991778,0.004537949,"Hydrolase - Metalloprotease - Protease","Angiogenesis - Collagen degradation"
"MMP2","Plasma cells",-1.05875330275071,1.92741374575442e-16,"Hydrolase - Metalloprotease - Protease","Angiogenesis - Collagen degradation"
"MMP9","Adipocytes",-1.1016261947704,0.0343274289541772,"Hydrolase - Metalloprotease - Protease","Collagen degradation"
"MMP9","Plasma cells",-0.867172588060962,6.28383535265073e-14,"Hydrolase - Metalloprotease - Protease","Collagen degradation"
"MMP9","Whole bone marrow",-0.836836276391271,1.03594764720436e-11,"Hydrolase - Metalloprotease - Protease","Collagen degradation"
"MX1","Regulatory T cells",3.25628117745533,0.000143944971833754,NA,"Antiviral defense - Immunity"
"MYOC","Plasma cells",-0.832749263924172,5.27127957595213e-08,NA,NA
"NAMPT","Regulatory T cells",1.3134796576894,2.54244433490148e-05,"Cytokine - Glycosyltransferase - Transferase","Biological rhythms - Pyridine nucleotide biosynthesis"
"NCAM1","Plasma cells",1.19634586350926,2.61469673452877e-13,"Host cell receptor for virus entry - Receptor","Cell adhesion"
"NECTIN1","Plasma cells",-1.08671391531713,7.8305590295451e-11,"Host cell receptor for virus entry - Receptor","Cell adhesion"
"NECTIN2","Plasma cells",-0.601113126162527,8.92020864656436e-08,"Host cell receptor for virus entry - Receptor","Cell adhesion"
"NECTIN2","Endothelial cells",-0.917566143245011,0.000658285525909364,"Host cell receptor for virus entry - Receptor","Cell adhesion"
"NECTIN3","Whole bone marrow",1.0472640793701,2.79416685392347e-13,NA,"Cell adhesion"
"NECTIN3","Bone marrow stromal cells",-0.00152698,0.002538715,NA,"Cell adhesion"
"NENF","Regulatory T cells",1.46665953061151,0.0487824698173699,NA,NA
"NFASC","Endothelial cells",3.30414875213641,1.60457753630472e-06,NA,"Cell adhesion"
"NGF","Endothelial cells",1.75319012745042,0.000656823550234592,"Growth factor - Metalloenzyme inhibitor - Metalloprotease inhibitor - Protease inhibitor",NA
"NID1","Plasma cells",-1.47498770277831,9.91336226352584e-14,NA,"Cell adhesion"
"NID2","Adipocytes",-0.597194641659778,0.0957662734607957,NA,"Cell adhesion"
"NLGN1","Endothelial cells",-1.85097763026299,0.00198090733707831,NA,"Biological rhythms - Cell adhesion"
"NLGN2","Bone marrow stromal cells",0.992127092,0.003777433,NA,"Cell adhesion"
"NLGN4X","Whole bone marrow",1.42688970965116,2.40986628240784e-10,NA,"Cell adhesion"
"NMB","Plasma cells",0.828154900383082,2.00238653629596e-08,NA,"Immunity"
"NMB","Bone marrow stromal cells",1.052466586,0.000313922,NA,"Immunity"
"NMU","Bone marrow stromal cells",0.800863852,0.009952093,"Neuropeptide",NA
"NPY","Macrophages",5.03468875643357,0.0582697709849389,"Neuropeptide",NA
"NPY","Plasma cells",-0.937719088663751,1.18340295786398e-15,"Neuropeptide",NA
"NR1D1","Plasma cells",1.27304023776211,3.28710732154907e-07,"Activator - Repressor","Biological rhythms - Transcription"
"NR1D2","Whole bone marrow",0.679186958852958,5.3672657815826e-08,"Activator - Repressor","Biological rhythms - Transcription"
"NR2F1","Bone marrow stromal cells",3.241024375,0.001224066,"Activator - Repressor","Transcription"
"NR2F1","Whole bone marrow",-0.371646778740143,1.35402646525765e-08,"Activator - Repressor","Transcription"
"NRG1","Bone marrow stromal cells",-1.171349877,0.001169033,"Growth factor",NA
"NRG2","Plasma cells",0.929016569464665,2.30935593687288e-08,"Growth factor",NA
"NRG3","Whole bone marrow",2.05492057705807,2.69499076703209e-18,"Growth factor",NA
"NRG3","Plasma cells",1.16302371994108,1.61832829654612e-08,"Growth factor",NA
"NRG4","Plasma cells",-0.874619122026543,5.55979351939449e-09,"Growth factor",NA
"NTF3","Endothelial cells",1.15926127541034,0.00123044955486486,"Growth factor",NA
"NTN1","Plasma cells",-0.68003762214639,9.94209280378071e-07,NA,"Apoptosis"
"NTN4","Bone marrow stromal cells",0.304959039,0.00459279,NA,NA
"NTNG2","Whole bone marrow",-0.937662815084378,2.0902638501554e-14,NA,NA
"NTNG2","Regulatory T cells",0.736650734361172,0.0062486996527294,NA,NA
"NTNG2","Plasma cells",-0.963481403721877,7.32903462974354e-11,NA,NA
"NTS","Plasma cells",-0.53190840389911,6.92161619593326e-12,NA,NA
"NUCB2","Whole bone marrow",-0.429401304054331,2.48413006452806e-11,"Guanine-nucleotide releasing factor",NA
"NUCB2","Plasma cells",-1.23884931123328,2.71118669254201e-10,"Guanine-nucleotide releasing factor",NA
"OLFM2","Bone marrow stromal cells",0.271576604,0.005536483,NA,NA
"OMG","Macrophages",-2.52418972554328,0.0715570753573183,NA,"Cell adhesion"
"OXT","Whole bone marrow",0.765722965745153,2.1784710209853e-06,NA,NA
"PACS2","Regulatory T cells",-0.548051177710216,0.00484920187633696,NA,"Apoptosis"
"PCSK9","Bone marrow stromal cells",0.572770688,0.004311276,"Hydrolase - Protease - Serine protease","Apoptosis - Lipid metabolism - Steroid metabolism"
"PDGFC","Bone marrow stromal cells",-0.3084437,0.006147823,"Growth factor - Mitogen",NA
"PDGFC","Plasma cells",-0.638336677020132,3.55704142418028e-08,"Growth factor - Mitogen",NA
"PDGFC","Macrophages",4.14078196585167,0.0509134317884687,"Growth factor - Mitogen",NA
"PDGFD","Macrophages",2.50394755912706,0.0774417483658986,"Growth factor - Mitogen",NA
"PENK","Regulatory T cells",1.94771234353343,0.0121574973743233,"Endorphin - Neuropeptide - Opioid peptide",NA
"PF4","Whole bone marrow",-1.03549467906277,2.79292614230527e-10,"Cytokine - Heparin-binding","Chemotaxis"
"PF4","Plasma cells",-0.765802583202353,3.35088729445871e-07,"Cytokine - Heparin-binding","Chemotaxis"
"PGF","Osteogenic precursor cells",1.25233027821547,0.0984355114389098,"Growth factor - Heparin-binding - Mitogen","Angiogenesis"
"PGF","Osteocytes",0.424974966099398,0.0856731652306432,"Growth factor - Heparin-binding - Mitogen","Angiogenesis"
"PGF","Hematopoietic stem cells",-0.550772587043582,0.061578048215149,"Growth factor - Heparin-binding - Mitogen","Angiogenesis"
"PGF","Bone marrow stromal cells",0.728969055,0.009804342,"Growth factor - Heparin-binding - Mitogen","Angiogenesis"
"PKD2","Bone marrow stromal cells",0.471446733,0.005944745,"Calcium channel - Ion channel - Potassium channel - Voltage-gated channel","Calcium channel - Calcium transport - Ion channel - Ion transport - Potassium channel - Potassium transport - Transport - Voltage-gated channel - Wnt signaling pathway"
"PKM","Bone marrow stromal cells",0.086673089,0.001961124,"Allosteric enzyme","Glycolysis - Translation regulation"
"PLAT","Osteocytes",0.745692487510109,0.00214426904955841,"Hydrolase - Protease - Serine protease","Plasminogen activation"
"PLAU","Osteocytes",0.623443508596467,0.0184905930031683,"Hydrolase - Protease - Serine protease","Blood coagulation - Fibrinolysis - Hemostasis - Plasminogen activation"
"PLAU","Macrophages",2.77587339233243,0.0699523414942842,"Hydrolase - Protease - Serine protease","Blood coagulation - Fibrinolysis - Hemostasis - Plasminogen activation"
"PLCB2","Plasma cells",-1.5329743316319,2.77558811911642e-21,NA,NA
"PLCB2","Regulatory T cells",-0.299320908028493,0.035515018169108,NA,NA
"PNOC","Whole bone marrow",1.32802842065809,1.33460100044887e-21,"Neuropeptide - Neurotransmitter - Opioid peptide",NA
"PODXL","Endothelial cells",-4.55506478438978,4.0072587873938e-06,NA,"Cell adhesion"
"PODXL","Whole bone marrow",0.479034081933921,2.48220981850339e-08,NA,"Cell adhesion"
"PROC","Bone marrow stromal cells",0.746622669,0.007066772,"Hydrolase - Protease - Serine protease","Blood coagulation - Hemostasis - Thrombophilia"
"PROK1","Whole bone marrow",0.651622326679035,6.85755861225211e-06,"Growth factor - Mitogen","Angiogenesis"
"PROK2","Whole bone marrow",-1.28257072506942,7.1069655612586e-17,"Neuropeptide","Biological rhythms"
"PROK2","Plasma cells",-0.998073856436907,1.22282102949799e-13,"Neuropeptide","Biological rhythms"
"PROS1","Plasma cells",-1.10018635715987,2.85887826403716e-09,NA,"Blood coagulation - Fibrinolysis - Hemostasis - Thrombophilia"
"PROS1","Bone marrow stromal cells",0.8260531,0.006311379,NA,"Blood coagulation - Fibrinolysis - Hemostasis - Thrombophilia"
"PROS1","Whole bone marrow",-0.463446665718017,3.95683774692502e-08,NA,"Blood coagulation - Fibrinolysis - Hemostasis - Thrombophilia"
"PSAP","Endothelial cells",-0.802129922474249,0.000638008153567051,NA,"Lipid metabolism - Sphingolipid metabolism"
"PSAP","Macrophages",2.85420541869055,0.0603655404885779,NA,"Lipid metabolism - Sphingolipid metabolism"
"PSPN","Neutrophils",-1.3738806864243,0.0811924353560205,"Growth factor",NA
"PTGS2","Bone marrow stromal cells",-0.991527773,0.000335174,"Dioxygenase - Oxidoreductase","Fatty acid biosynthesis - Fatty acid metabolism - Lipid biosynthesis - Lipid metabolism - Prostaglandin biosynthesis - Prostaglandin metabolism"
"PTGS2","Whole bone marrow",-1.27033601094563,4.00369817183893e-07,"Dioxygenase - Oxidoreductase","Fatty acid biosynthesis - Fatty acid metabolism - Lipid biosynthesis - Lipid metabolism - Prostaglandin biosynthesis - Prostaglandin metabolism"
"PTHLH","Whole bone marrow",1.4182400601605,4.67384331799783e-10,NA,NA
"PTHLH","Bone marrow stromal cells",-1.115461897,0.001827597,NA,NA
"PTHLH","Endothelial cells",-3.25840184748499,8.0687529143433e-05,NA,NA
"RARRES2","Plasma cells",-0.955890496864127,1.44044606563224e-08,NA,"Chemotaxis"
"RBP4","Plasma cells",-0.701724224607149,1.16768163413012e-08,NA,"Sensory transduction"
"RELN","Endothelial cells",-1.41860920995273,0.000750326531029659,"Hydrolase - Protease - Serine protease","Cell adhesion"
"RGMA","Plasma cells",-0.996779923760479,1.82973316400891e-07,NA,NA
"RGMB","Osteocytes",0.448136414405809,0.0459278985615549,NA,NA
"RGMB","Plasma cells",0.924918013231893,1.67211862409132e-07,NA,NA
"RLN3","Plasma cells",-0.368055215773834,1.19336204857443e-07,NA,NA
"RNASE2","Plasma cells",-1.26199159752898,4.15513943540181e-29,"Hydrolase","Chemotaxis"
"RNASE2","Whole bone marrow",-0.749248251053034,5.25764858161229e-07,"Hydrolase","Chemotaxis"
"RNF4","Macrophages",2.90356212997065,0.0786690274691296,"Activator","Transcription - Ubl conjugation pathway"
"RNF4","Bone marrow stromal cells",-1.102480553,0.001882864,"Activator","Transcription - Ubl conjugation pathway"
"RPS19","Bone marrow stromal cells",0.994815014,0.000462251,"Ribonucleoprotein - Ribosomal protein",NA
"RPS19","Plasma cells",1.26661921468501,2.02710112039909e-31,"Ribonucleoprotein - Ribosomal protein",NA
"RPS19","Whole bone marrow",0.6053216997724,8.76733654180593e-12,"Ribonucleoprotein - Ribosomal protein",NA
"RSPO4","Bone marrow stromal cells",1.200808063,0.009491337,"Heparin-binding","Wnt signaling pathway"
"RTN4","Whole bone marrow",-0.639975487165066,3.13473434445305e-09,NA,"Neurogenesis"
"S100A10","Endothelial cells",-0.914721747189247,0.0027470159508506,NA,NA
"S100A10","Macrophages",4.10696388042515,0.0517050544488702,NA,NA
"S100A10","Regulatory T cells",0.443561168402992,0.0255863630999067,NA,NA
"S100A8","Plasma cells",-0.913101526390889,5.86125447827457e-12,NA,"Apoptosis - Autophagy - Chemotaxis - Immunity"
"S100A9","Plasma cells",-1.12567633363354,5.08484433174421e-15,"Antioxidant","Apoptosis - Autophagy - Chemotaxis - Immunity"
"SCG5","Bone marrow stromal cells",-0.7728996,0.001959962,"Chaperone - Neuropeptide",NA
"SCT","Plasma cells",-0.848088051571519,9.93751110212011e-08,NA,NA
"SEMA3A","Osteogenic precursor cells",-0.721678292998637,0.0428497159140534,NA,"Neurogenesis"
"SEMA3A","Adipocytes",-1.80130419748763,0.00262127687624204,NA,"Neurogenesis"
"SEMA3A","Osteocytes",0.625700132182223,0.0255034338512822,NA,"Neurogenesis"
"SEMA3C","Osteocytes",-0.64562925825177,0.0723387101660626,NA,"Neurogenesis"
"SEMA3F","Endothelial cells",-2.84851660458619,9.32953756928716e-07,NA,NA
"SEMA4C","Bone marrow stromal cells",-0.223296874,0.007722381,NA,"Neurogenesis"
"SEMA4D","Macrophages",1.86846816964975,0.0834564734603848,NA,"Neurogenesis"
"SEMA6A","Bone marrow stromal cells",0.866150436,0.005672144,NA,"Neurogenesis"
"SEMA6A","Plasma cells",-1.04923209856393,3.54160243352863e-10,NA,"Neurogenesis"
"SEMA7A","Regulatory T cells",1.97351451648525,0.042925047369143,NA,"Neurogenesis"
"SEMA7A","Bone marrow stromal cells",-0.344892092,0.004897522,NA,"Neurogenesis"
"SERPINA1","Plasma cells",-0.926365442990531,7.15512200803265e-13,"Protease inhibitor - Serine protease inhibitor","Acute phase"
"SERPINE1","Osteocytes",0.558536228315777,0.0156444814661213,"Protease inhibitor - Serine protease inhibitor",NA
"SERPINE2","Osteocytes",0.49279703246725,0.0206235835955896,"Heparin-binding - Protease inhibitor - Serine protease inhibitor","Neurogenesis"
"SERPINE2","Endothelial cells",1.16866773331828,0.00551155109907009,"Heparin-binding - Protease inhibitor - Serine protease inhibitor","Neurogenesis"
"SERPINE2","Natural killer cells",-1.18499088882489,0.0989579862189032,"Heparin-binding - Protease inhibitor - Serine protease inhibitor","Neurogenesis"
"SFRP1","Endothelial cells",-2.5483768082136,0.00070329053753005,NA,"Wnt signaling pathway"
"SFRP1","Plasma cells",-0.966264789126062,1.52908967504044e-11,NA,"Wnt signaling pathway"
"SHBG","Adipocytes",0.6120349805659,0.0957662734607957,NA,NA
"SIGLEC15","Bone marrow stromal cells",-0.926819183,0.00622711,NA,NA
"SIGLEC9","Plasma cells",-0.986869299813542,2.27949102032602e-13,NA,"Cell adhesion"
"SLAMF1","Whole bone marrow",1.37646527584568,1.29862520748026e-13,"Host cell receptor for virus entry - Receptor","Cell adhesion - Immunity - Phagocytosis"
"SLIT2","Whole bone marrow",0.632496330382127,8.64178803137097e-08,NA,NA
"SLIT2","Bone marrow stromal cells",-1.253383978,0.007124226,NA,NA
"SLIT3","Endothelial cells",3.14553332423547,1.68121207663113e-05,NA,"Neurogenesis"
"SLPI","Whole bone marrow",-0.833813235713917,1.99486196138332e-12,"Protease inhibitor - Serine protease inhibitor","Immunity"
"SLPI","Plasma cells",-0.932740629021619,2.61842059284862e-11,"Protease inhibitor - Serine protease inhibitor","Immunity"
"SLPI","Natural killer cells",0.470242595748245,0.0853267106813129,"Protease inhibitor - Serine protease inhibitor","Immunity"
"SNX2","Regulatory T cells",0.355970046948504,0.0165254053371846,NA,NA
"SORBS1","Plasma cells",-1.05222785313797,6.93842009651938e-13,NA,NA
"SORT1","Endothelial cells",2.18461801918875,4.22184478970956e-05,NA,"Endocytosis - Osteogenesis"
"SPINK1","Plasma cells",-0.514147802426794,2.83079492693979e-07,"Protease inhibitor - Serine protease inhibitor",NA
"SPP1","Osteocytes",1.70460785548977,3.37131005960185e-05,"Cytokine","Biomineralization - Cell adhesion"
"TAC3","Plasma cells",-0.635662021798896,4.96282289840741e-07,"Neuropeptide",NA
"TCTN1","Bone marrow stromal cells",0.997012364,0.004941778,NA,"Cilium biogenesis/degradation"
"TCTN1","Endothelial cells",0.679048213787045,0.00185453772958534,NA,"Cilium biogenesis/degradation"
"TF","Plasma cells",-1.89771994269857,3.87386760992991e-28,NA,"Ion transport - Iron transport - Transport"
"TFPI","Bone marrow stromal cells",1.143540964,0.000672539,"Protease inhibitor - Serine protease inhibitor",NA
"TFPI","Osteocytes",0.468476121676813,0.0481314982547688,"Protease inhibitor - Serine protease inhibitor",NA
"TGFA","Endothelial cells",-1.10146770225359,0.00784069938520573,"Growth factor - Mitogen",NA
"TGFB2","Osteocytes",-1.61504292919256,2.46206397522853e-05,"Growth factor - Mitogen",NA
"TGM2","Macrophages",3.43205757791104,0.0470869275056093,"Acyltransferase - Hydrolase - Transferase",NA
"TGM2","Plasma cells",-0.898449395533283,6.40923475996821e-08,"Acyltransferase - Hydrolase - Transferase",NA
"TGM2","Osteocytes",0.757527700824095,0.00541766517008284,"Acyltransferase - Hydrolase - Transferase",NA
"THBS1","Bone marrow stromal cells",0.931737662,0.003541549,"Heparin-binding","Cell adhesion - Unfolded protein response"
"THBS2","Endothelial cells",5.19620720969223,4.29837962407186e-07,"Heparin-binding","Cell adhesion"
"THY1","Whole bone marrow",0.731029110195278,5.18380584009949e-09,NA,NA
"THY1","Endothelial cells",4.44159301504382,5.95143333609241e-08,NA,NA
"TIMP1","Whole bone marrow",0.563519077931883,3.48035975486732e-06,"Growth factor - Metalloenzyme inhibitor - Metalloprotease inhibitor - Protease inhibitor",NA
"TIMP3","Plasma cells",-1.44787354263652,3.35249858925835e-18,"Metalloenzyme inhibitor - Metalloprotease inhibitor - Protease inhibitor","Sensory transduction"
"TIMP3","Endothelial cells",2.52820461426562,0.000352494486290996,"Metalloenzyme inhibitor - Metalloprotease inhibitor - Protease inhibitor","Sensory transduction"
"TNC","Plasma cells",-0.760613554679291,5.78994553501021e-09,NA,"Cell adhesion"
"TNC","Osteocytes",0.878892341783655,0.0490383338432118,NA,"Cell adhesion"
"TNC","Bone marrow stromal cells",-1.403882502,8.2e-05,NA,"Cell adhesion"
"TNC","Adipocytes",-1.47000220386749,0.072524539669334,NA,"Cell adhesion"
"TNF","Regulatory T cells",1.03349906622918,0.00810737142184107,"Cytokine",NA
"TNFSF10","Regulatory T cells",0.63988487940423,0.000964532810719927,"Cytokine","Apoptosis"
"TNFSF11","Plasma cells",-0.865375071973874,4.90059888798972e-07,"Cytokine",NA
"TNFSF11","Natural killer cells",-1.74144025578271,0.0378405967771143,"Cytokine",NA
"TNFSF11","Whole bone marrow",0.82265156087252,2.78608893304817e-07,"Cytokine",NA
"TNFSF12","Neutrophils",-1.05030734433838,0.0612134195596464,"Cytokine","Angiogenesis - Apoptosis"
"TNFSF13","Whole bone marrow",-0.522302253867119,9.2924671913153e-09,"Cytokine",NA
"TNFSF13B","Bone marrow stromal cells",1.0644451,0.001621354,"Cytokine",NA
"TNFSF13B","Whole bone marrow",-0.522723312024139,8.87126307255524e-08,"Cytokine",NA
"TNFSF13B","Neutrophils",-1.11106680580149,0.0229294654144395,"Cytokine",NA
"TNFSF13B","Plasma cells",-1.13136835644291,1.22542249297283e-15,"Cytokine",NA
"TNFSF14","Whole bone marrow",-1.24550993578669,2.95925260212894e-12,"Cytokine",NA
"TNFSF8","Regulatory T cells",-0.826207667158188,0.0175588590046576,"Cytokine",NA
"VEGFA","Hematopoietic stem cells",0.935828664586829,0.095985304599252,"Growth factor - Heparin-binding - Mitogen","Angiogenesis"
"VEGFA","Endothelial cells",2.8127496877107,5.24479724952997e-05,"Growth factor - Heparin-binding - Mitogen","Angiogenesis"
"VEGFA","Osteogenic precursor cells",2.06956674369333,0.058609573608025,"Growth factor - Heparin-binding - Mitogen","Angiogenesis"
"VEGFA","Bone marrow stromal cells",-0.201407347,0.007050194,"Growth factor - Heparin-binding - Mitogen","Angiogenesis"
"VEGFA","Osteocytes",0.750835886379042,0.00529155787433422,"Growth factor - Heparin-binding - Mitogen","Angiogenesis"
"VEGFB","Macrophages",5.468741750853,0.0364514689510682,"Growth factor - Heparin-binding - Mitogen",NA
"VEGFB","Plasma cells",0.770098905046735,1.63870816670484e-09,"Growth factor - Heparin-binding - Mitogen",NA
"VEGFB","Bone marrow stromal cells",0.906578798,0.008356083,"Growth factor - Heparin-binding - Mitogen",NA
"VEGFC","Endothelial cells",1.42457080712541,0.00132704035075442,"Growth factor - Mitogen","Angiogenesis"
"WNT16","Regulatory T cells",-4.21147101197528,0.0327138952278626,NA,"Wnt signaling pathway"
"WNT5A","Endothelial cells",3.20548575627877,4.04550003354803e-05,NA,"Chondrogenesis - Wnt signaling pathway"
"WNT5A","Whole bone marrow",2.16705259776511,1.23418061288045e-18,NA,"Chondrogenesis - Wnt signaling pathway"
"WNT5A","Plasma cells",1.00230239558415,1.16018525459454e-08,NA,"Chondrogenesis - Wnt signaling pathway"
"WNT5A","Bone marrow stromal cells",-1.183385441,9.67e-05,NA,"Chondrogenesis - Wnt signaling pathway"
"WNT7B","Osteocytes",0.414806034418802,0.0411547729541457,NA,"Wnt signaling pathway"
