hgnc_symbol	ENTREZID	cell_type	sensory	ligand	num_sources_extracell	sources_extracell	sn_nb_ec1	sn_nb_ec1_r	sn_nb_r	logFC	AveExpr	adj.P.Val	P.Value	t	B	diseases_mm_conf	diseases_mm_source	diseases_mm_conf_tm	num_sources_bone	num_sources_pain	sources_bone	sources_pain	query.term	display.name	target..development.level	target..family	stringdb..database.identifier
ABHD6	57406	true	true	false	1	location_membrane_predicted				-0.739438227162736	6.58355925336821	0.0682438488063061	0.000418714056524167	-5.10062074876023	0.377618336637909	0		0	0	0			Q9BV23	ABHD6	Tchem	Enzyme	9606.ENSP00000420315
C5orf34	375444	true	true	false	0					-0.533273244987443	8.28392806907145	0.0889367859680787	0.000882461638164715	-4.61302822997988	-0.315228136441061	0		0	0	0			Q96MH7	C5orf34	Tdark		9606.ENSP00000303490
CSRP2	1466	true	true	false	0					0.866111007106051	9.44163808877972	0.0995289021652305	0.0016877810441317	4.20564294762415	-0.923140084924656	0		0	0	0			Q16527	CSRP2	Tbio		9606.ENSP00000310901
DDX5	1655	true	true	false	1	human_compartment_extra_region_GO0005576	true	true	true	-0.809315840638053	9.26225923233207	0.0953703977012023	0.00126643990863774	-4.38432147671599	-0.653406899411798	0		0	1	0	go_terms_genes_bone		P17844	DDX5	Tbio	Enzyme	9606.ENSP00000225792
SLC2A1	6513	true	true	false	3	human_compartment_plasma_membr_GO0005886 | location_membrane_predicted | surfaceome_insilico_fulllist	true			1.74472442411072	9.33553295925984	0.0428497159140534	3.82267085045676e-05	6.84374854601159	2.53105108000957	0		1.607	1	3	C0029453_disease_gda_osteopenia	C0030193_disease_gda_pain | C0563625_disease_gda_analgesia | pain_gene_resource	P11166	SLC2A1	Tchem	Transporter	9606.ENSP00000416293
ERRFI1	54206	true	true	false	1	human_compartment_plasma_membr_GO0005886	true	true	true	0.74341624061646	13.1449779602118	0.0850375567835774	0.000758172062206183	4.71054350625885	-0.173549196555174	0		0	0	0			Q9UJM3	ERRFI1	Tbio		9606.ENSP00000366702
FAM117B	150864	true	true	false	0					1.3417255822738	7.92291019947406	0.0559242982191174	0.0001667137497036	5.73618851505215	1.22098552086594	0		0	0	0			Q6P1L5	FAM117B	Tdark		9606.ENSP00000376071
MIF	4282	true	true	false	3	human_compartment_extra_region_GO0005576 | human_compartment_extra_space_GO0005615 | location_secreted_all	true	true	true	0.456578835220119	13.8182087167445	0.0903211437753194	0.000960511531930109	4.55895703116627	-0.394442389872444	0		1.289	1	2	C0029453_disease_gda_osteopenia	pain_genes_PMID_27548044 | pain_related_genes	P14174	MIF	Tchem		9606.ENSP00000215754
NCOR2	9612	true	true	false	0		true	true	true	0.421831603817296	11.395936242195	0.0873143762772258	0.000804400882615678	4.67242055659269	-0.228755606619537	0		1.502	0	0			Q9Y618	NCOR2	Tchem	TF	9606.ENSP00000384018
KAT6B	23522	true	true	false	0		true			0.533886186927882	10.0003820022171	0.0428497159140534	8.53132348238849e-05	6.22497761197563	1.82357755114436	0		0	0	0			Q8WYB5	KAT6B	Tbio	Epigenetic	9606.ENSP00000287239
MRC1	4360	true	true	false	2	location_membrane_predicted | surfaceome_insilico_fulllist				-0.853215219327708	5.69908923815307	0.063873064073423	0.000306427468143161	-5.31170120768248	0.665270264129229	0		1.394	0	0			P22897	MRC1	Tbio		9606.ENSP00000455897
KDM2B	84678	true	true	false	0					0.344908809195122	9.5999668761116	0.0904609254822673	0.000967000597766752	4.55467243973732	-0.400739100258596	0		1.029	0	0			Q8NHM5	KDM2B	Tchem	Epigenetic	9606.ENSP00000366271
XYLT2	64132	true	true	false	3	data_SPDI_secreted_transmembrane | human_compartment_extra_space_GO0005615 | location_secreted_all	true	true	true	0.43050447730106	7.87827882213599	0.0807191503595902	0.000665507944168384	4.79498129226316	-0.0521131302391087	0		0	1	0	C0029453_disease_gda_osteopenia		Q9H1B5	XYLT2	Tbio	Enzyme	9606.ENSP00000017003
RASSF4	83937	true	true	false	0					1.86547071500867	7.29895593122337	0.058609573608025	0.000248253960899783	5.45652182183082	0.85827723592621	0		0	0	0			Q9H2L5	RASSF4	Tbio		9606.ENSP00000339692
KAT14	57325	true	true	false	0		true			-0.664593466582802	7.70861731013633	0.0428497159140534	5.04566182862603e-05	-6.62548978544524	2.28837978215728	0		0	0	0			Q9H8E8	CSRP2BP	Tbio		9606.ENSP00000392318
PTPN4	5775	true	true	false	1	human_compartment_plasma_membr_GO0005886				-0.4547203713438	4.68748829928462	0.0581089219222893	0.000200548479455701	-5.60544527886788	1.05305968484488	0		0	0	0			P29074	PTPN4	Tbio	Enzyme	9606.ENSP00000263708
ETFBKMT	254013	true	true	false	0					-0.508433026679724	6.65932707921665	0.0904609254822673	0.000985789700656226	-4.54243563845529	-0.418738444179052	0		0	0	0			Q8IXQ9	METTL20	Tbio	Enzyme	9606.ENSP00000350353
SNPH	9751	true	true	false	1	location_membrane_predicted				-0.480655791076359	7.5137794857326	0.0870538829606128	0.000784494775026134	-4.68854430948324	-0.205377930326423	0		0	0	0			O15079	SNPH	Tbio		9606.ENSP00000371297
TMEM63A	9725	true	true	false	3	human_compartment_extra_space_GO0005615 | location_membrane_predicted | surfaceome_insilico_fulllist				0.535192697565423	8.05339181962334	0.0634171979972329	0.000294864739992886	5.33800795624601	0.700593401858137	0		0	0	0			O94886	TMEM63A	Tdark	IC	9606.ENSP00000355800
ZNF365	22891	true	true	false	0					-0.407045246621688	5.7116575607326	0.0873143762772258	0.000807502363273026	-4.66994646241982	-0.232346478482957	0		0	0	0			Q70YC5	ZNF365	Tbio		9606.ENSP00000387091
PLOD2	5352	true	true	false	3	location_membrane_predicted | location_secreted_all | matrisomedb_human_healthy	true			0.724399470884963	13.3856202174731	0.0325162286453399	2.09427046743261e-06	9.44823227595307	4.9189557893653	0		0	2	0	C0029453_disease_gda_osteopenia | glad4u_osteoclastogenesis		O00469	PLOD2	Tbio	Enzyme	9606.ENSP00000282903
PAQR5	54852	true	true	false	1	location_membrane_predicted	true			0.627439694378483	7.5344579138948	0.0671808465171165	0.000403149864584459	5.1260031771776	0.41260524615148	0		0	0	0			Q9NXK6	PAQR5	Tbio		9606.ENSP00000378803
TBC1D22A	25771	true	true	false	0					0.522986795396859	10.2065988081116	0.0903211437753194	0.000951780517066841	4.56477044538233	-0.385903526432207	0		0	0	0			Q8WUA7	TBC1D22A	Tbio		9606.ENSP00000336724
GBP1	2633	true		false	2	human_compartment_plasma_membr_GO0005886 | location_secreted_all				-0.58626607048156	9.44264451241261	0.0423353560465312	1.93917042099862e-05	-7.39788087069584	3.11491507241915	0		0	0	1		human_pain_genetics	P32455	GBP1	Tbio		9606.ENSP00000359504
OSMR	9180	true	true	false	3	location_membrane_predicted | location_secreted_all | surfaceome_insilico_fulllist	true	true	true	0.762576939482287	9.26730468416069	0.0581089219222893	0.000192884251488347	5.63287600526674	1.08852970433821	0		0	0	0			Q99650	OSMR	Tbio		9606.ENSP00000274276
CROT	54677	true	true	false	0					-0.599861659664052	9.43365588022214	0.0428497159140534	8.21844832976339e-05	-6.25294944466998	1.85687486923691	0		0	0	1		C0030193_disease_gda_pain	Q9UKG9	CROT	Tbio	Enzyme	9606.ENSP00000413575
SLC16A3	9123	true	true	false	2	human_compartment_plasma_membr_GO0005886 | location_membrane_predicted	true	true	true	0.816583560601606	11.1685827983682	0.0456896760858179	0.00010269288580619	6.08730755808133	1.6578398732779	0		1.194	0	1		C0151825_disease_gda_bone_pain	O15427	SLC16A3	Tchem	Transporter	9606.ENSP00000463978
CNOT8	9337	true	true	false	0		true			0.815624039288881	10.4823902209931	0.066360368285628	0.000349901280386304	5.22147750831117	0.543235823527055	0		0	0	0			Q9UFF9	CNOT8	Tbio		9606.ENSP00000430493
CDIP1	29965	true	true	false	1	location_membrane_predicted	true			0.325840758415968	7.90260485580457	0.0903211437753194	0.000922792985571848	4.58448355040965	-0.356988287737093	0		0	0	0			Q9H305	CDIP1	Tbio	TF	9606.ENSP00000382508
SLC35G1	159371	true	true	false	4	human_compartment_extra_region_GO0005576 | human_compartment_extra_space_GO0005615 | human_compartment_plasma_membr_GO0005886 | location_membrane_predicted				-1.08433729965638	5.0712752874745	0.0790937129984729	0.00055032665292697	-4.9192705995492	0.124509742415652	0		0	0	2		C0030193_disease_gda_pain | C0563625_disease_gda_analgesia	Q2M3R5	SLC35G1	Tbio	Transporter	9606.ENSP00000400932
RIOK3	8780	true	true	false	0					0.623257519517711	9.1943581025034	0.0984355114389098	0.00156722649454434	4.2514934224894	-0.853477394093536	0		0	0	0			O14730	RIOK3	Tchem	Kinase	9606.ENSP00000341874
ZHX1	11244	true		false	0					-0.473097242249933	9.78892543277244	0.0904609254822673	0.00100711382688826	-4.52884285300904	-0.438759934466262	0		1.271	0	0			Q9UKY1	ZHX1	Tbio	TF	9606.ENSP00000297857
FBXW2	26190	true	true	false	0		true			-0.434854416202178	9.25887251639464	0.0915703122985216	0.00110085828352339	-4.47248752193979	-0.522076637574102	0		0	0	0			Q9UKT8	FBXW2	Tbio		9606.ENSP00000476369
SANBR	84542	true		false	0					-0.747947486383776	8.38907741636033	0.0763051055790632	0.000523038543658615	-4.95277895472053	0.171690043270649	0		0	0	0			Q6NSI8	KIAA1841	Tdark		9606.ENSP00000385579
HAS2	3037	true	true	true	1	location_membrane_predicted				0.673437861571198	11.6744058563996	0.0796110607726074	0.00060973217812057	4.85204937604652	0.0293003200150466	0		1.027	1	0	glad4u_bone_degradation		Q92819	HAS2	Tbio	Enzyme	9606.ENSP00000306991
SEMA4B	10509	true	true	true	3	data_SPDI_secreted_transmembrane | human_compartment_plasma_membr_GO0005886 | surfaceome_insilico_fulllist				0.78969402292382	8.09403936425864	0.0903211437753194	0.000936521653288666	4.57506694112315	-0.370792924507303	0		0	0	2		glad4u_axon_growth | go_terms_genes_neuron	Q9NPR2	SEMA4B	Tbio		9606.ENSP00000394720
GLRX	2745	true	true	false	1	human_compartment_plasma_membr_GO0005886	true			0.956612060703556	12.2579948473562	0.099152641000931	0.00165396985276215	4.21814616965177	-0.904113362266521	1.207	TIGA	0	0	0			P35754	GLRX	Tbio		9606.ENSP00000369314
PIK3R3	8503	true	true	false	0		true	true	true	-0.960842819450547	6.51086497584611	0.0724133740157999	0.000474313466787309	-5.01750790003601	0.262300300675038	0		0	0	0			Q92569	PIK3R3	Tbio	Enzyme	9606.ENSP00000262741
CBLB	868	true	true	false	0		true	true	true	0.722894130057647	9.36745592826192	0.0953703977012023	0.00128682560014059	4.37431603188741	-0.66838569097978	0		0	0	0			Q13191	CBLB	Tbio	Enzyme	9606.ENSP00000264122
PAQR4	124222	true	true	false	1	location_membrane_predicted				-0.554096343453388	8.23369231305484	0.063873064073423	0.000330244868582746	-5.2606992947754	0.596455060827032	0		0	0	0			Q8N4S7	PAQR4	Tdark		9606.ENSP00000321804
LRRC39	127495	true	true	false	1	data_SPDI_secreted_transmembrane				0.470213196130183	5.30853290185396	0.0806311871850957	0.000643216937220211	4.81715727217894	-0.0204132939897796	0		0	0	0			Q96DD0	LRRC39	Tdark		9606.ENSP00000480740
GAPDH	2597	true	true	false	2	human_compartment_extra_region_GO0005576 | human_compartment_extra_space_GO0005615	true	true	true	0.31709883159211	14.5151130387044	0.0991986657443091	0.00166723754286923	4.21320810941492	-0.911625156904463	0		2.427	0	0			P04406	GAPDH	Tchem	Enzyme	9606.ENSP00000229239
GALNT18	374378	true	true	false	1	location_membrane_predicted				1.19095756244497	7.91011080075318	0.0663668566325995	0.000353568365484788	5.21442065188387	0.533632983489229	0		0	0	0			Q6P9A2	GALNT18	Tbio	Enzyme	9606.ENSP00000227756
PAIP2	51247	true	true	false	0		true			0.552733517983301	11.1456033159025	0.0920706946409027	0.00118608060011387	4.42548663930404	-0.591939971764649	0		0	0	0			Q9BPZ3	PAIP2	Tbio		9606.ENSP00000378275
PITHD1	57095	true	true	false	0					-0.410330332267243	10.4974255213298	0.0552145525925645	0.000156152746762597	-5.78290329578565	1.2802903666513	0		0	0	0			Q9GZP4	PITHD1	Tdark		9606.ENSP00000246151
DDX41	51428	true	true	false	0					1.18418008922754	10.1848291923129	0.0428497159140534	7.10925818575316e-05	6.36223336039845	1.98575286356686	0		0	0	0			Q9UJV9	DDX41	Tbio	Enzyme	9606.ENSP00000422753
KCNK6	9424	true	true	false	1	location_membrane_predicted				0.47612916985658	8.11559257377549	0.0970323686194543	0.00136939209939122	4.3354317912872	-0.726741053007832	0		0	0	0			Q9Y257	KCNK6	Tbio	IC	9606.ENSP00000263372
PIP4K2A	5305	true	true	false	1	human_compartment_plasma_membr_GO0005886	true			-0.483589034286402	7.32224261091896	0.0984355114389098	0.00152332528496144	-4.26911797473593	-0.826780642392237	0		0	0	0			P48426	PIP4K2A	Tbio	Kinase	9606.ENSP00000365757
RBM17	84991	true	true	false	0		true			-0.419023504516224	8.1069467571123	0.0915703122985216	0.00112351097010178	-4.45962935733055	-0.541155514090997	0		0	0	0			Q96I25	RBM17	Tbio		9606.ENSP00000388638
FAM210A	125228	true	true	false	1	location_membrane_predicted				0.786159223802217	9.12402976666523	0.0587876641723405	0.000258997763210396	5.42721251924987	0.819501739343865	0		0	1	0	glad4u_bone_mineral_density		Q96ND0	FAM210A	Tdark		9606.ENSP00000323635
MAMDC4	158056	true	true	false	5	data_SPDI_secreted_transmembrane | human_compartment_extra_region_GO0005576 | human_compartment_plasma_membr_GO0005886 | location_membrane_predicted | surfaceome_insilico_fulllist				0.355344742633682	6.8397160533572	0.0953703977012023	0.00129754495959402	4.36912166779657	-0.676167951433202	0		0	0	0			Q6UXC1	MAMDC4	Tdark		9606.ENSP00000319388
ZDHHC21	340481	true	true	false	1	location_membrane_predicted				-0.814016164337501	7.17341069126319	0.058609573608025	0.000250036048850265	-5.45156762083126	0.851733136626477	0		0	0	0			Q8IVQ6	ZDHHC21	Tbio	Enzyme	9606.ENSP00000370303
FAM219A	203259	true	true	false	0					0.860363662642861	8.27588249972771	0.0920412045659289	0.00117199813103417	4.43300265877955	-0.580745143190817	0		0	0	0			Q8IW50	FAM219A	Tdark		9606.ENSP00000392452
FGF11	2256	true		true	1	human_compartment_extra_region_GO0005576				0.860517025391385	6.92209799783041	0.0986513068402887	0.00163614956220592	4.22484453229825	-0.893929387396986	0		0	0	0			Q92914	FGF11	Tbio		9606.ENSP00000293829
SLC8A3	6547	true	true	false	3	human_compartment_plasma_membr_GO0005886 | location_membrane_predicted | surfaceome_insilico_fulllist	true			0.33676970962294	6.66999766852741	0.0915703122985216	0.00110301100548423	4.47125363981211	-0.523906355901453	0		0	0	0			P57103	SLC8A3	Tchem	Transporter	9606.ENSP00000370669
DPH7	92715	true	true	false	0					-0.305614971910014	7.91475499312932	0.0984355114389098	0.00153910075010951	-4.2627240024398	-0.836460662301568	0		0	0	0			Q9BTV6	DPH7	Tbio	Enzyme	9606.ENSP00000277540
RDH10	157506	true	true	false	2	data_SPDI_secreted_transmembrane | location_membrane_predicted				-1.06864882227535	8.0039428903676	0.0428497159140534	5.6955558811764e-05	-6.53167856171078	2.18179681223858	0		0	0	0			Q8IZV5	RDH10	Tbio	Enzyme	9606.ENSP00000240285
PHTF1	10745	true	true	false	1	location_membrane_predicted				-0.526986459952672	6.48408607719707	0.058609573608025	0.000220555620610233	-5.53881199821943	0.96636995694992	0		0	0	0			Q9UMS5	PHTF1	Tdark		9606.ENSP00000358617
MXI1	4601	true	true	false	0		true	true	true	1.66847682102705	11.4989496416299	0.0807191503595902	0.000655424802823814	4.80491329429563	-0.03790569128412	0		0	0	0			P50539	MXI1	Tbio	TF	9606.ENSP00000331152
SLC30A4	7782	true	true	false	2	human_compartment_plasma_membr_GO0005886 | location_membrane_predicted				-0.475318601977598	9.38888018696526	0.0915703122985216	0.0011020463508204	-4.47180623934278	-0.523086879363207	0		0	0	0			O14863	SLC30A4	Tbio	Transporter	9606.ENSP00000261867
ZNF667	63934	true	true	false	0					1.15778825730337	6.42997883235112	0.0806311871850957	0.000638381174590411	4.82207563173196	-0.0133935902633082	0		0	0	0			Q5HYK9	ZNF667	Tbio	TF	9606.ENSP00000439402
PLAA	9373	true	true	false	1	human_compartment_extra_space_GO0005615	true	true	true	-0.706526290545252	7.55421121017071	0.0986513068402887	0.00163459171951445	-4.22543373977701	-0.89303388416924	0		0	0	0			Q9Y263	PLAA	Tchem	Enzyme	9606.ENSP00000380460
TMEM50B	757	true	true	false	2	data_SPDI_secreted_transmembrane | location_membrane_predicted				-0.482385898214249	9.91804595278201	0.047264710960434	0.000115242931076553	-6.00263809942426	1.55436545539336	0		0	0	0			P56557	TMEM50B	Tdark		9606.ENSP00000439768
PPFIA4	8497	true	true	false	0		true	true	true	2.01475647940962	7.56263329471243	0.0872919047452646	0.000795008239938658	4.67997524493594	-0.217796918627894	0		0	0	0			O75335	PPFIA4	Tdark		9606.ENSP00000272198
AKIP1	56672	true	true	false	0					-0.428720277029296	9.68765245675707	0.0954919812715413	0.00130453526327242	-4.36575861401212	-0.681208690611919	0		0	0	0			Q9NQ31	AKIP1	Tbio	Enzyme	9606.ENSP00000310459
PDE1C	5137	true	true	false	0				true	-1.0453911445657	7.00809607477683	0.0796110607726074	0.000592002794169876	-4.87135674414879	0.0567229299226426	0		0	0	0			Q14123	PDE1C	Tclin	Enzyme	9606.ENSP00000379496
NCKIPSD	51517	true	true	false	1	location_membrane_predicted	true	true	true	0.484048185304779	8.47750556401661	0.063873064073423	0.000319531812884904	5.28313768086889	0.62678453223847	0		0	0	0			Q9NZQ3	NCKIPSD	Tbio		9606.ENSP00000294129
RAB33A	9363	true	true	false	1	human_compartment_plasma_membr_GO0005886				1.64515975402999	6.54105116004765	0.0984355114389098	0.0015610215938656	4.25395271550796	-0.849749468889506	0		0	0	0			Q14088	RAB33A	Tbio	Enzyme	9606.ENSP00000257017
GOLIM4	27333	true	true	false	1	location_membrane_predicted	true			-0.635805607320653	7.88650059917358	0.0920706946409027	0.00118718324505814	-4.42490211870106	-0.592810955925201	0		0	0	0			O00461	GOLIM4	Tbio		9606.ENSP00000417354
PDK3	5165	true	true	false	0		true			1.37662695904783	7.43565912768255	0.0671808465171165	0.000383152353465545	5.16019142348048	0.459558873478244	0		0	0	0			Q15120	PDK3	Tchem	Kinase	9606.ENSP00000387536
RNF44	22838	true	true	false	0					0.585393313922647	7.92008614313766	0.078080487364338	0.000538950732454447	4.9330203076463	0.143892108604572	0		0	0	0			Q7L0R7	RNF44	Tdark		9606.ENSP00000274811
FGD6	55785	true	true	false	0					-0.57603131199395	5.41453308456376	0.0796110607726074	0.000584157132946911	-4.88009742497661	0.0691172492188574	0		0	0	0			Q6ZV73	FGD6	Tdark		9606.ENSP00000344446
GSE1	23199	true	true	false	0		true			0.6305499503731	9.09798346926879	0.058609573608025	0.000239044031596274	5.48274604288606	0.892848285915849	0		0	0	0			Q14687	GSE1	Tdark		9606.ENSP00000253458
TNIP1	10318	true	true	false	1	human_compartment_plasma_membr_GO0005886	true	true	true	0.498195672299085	10.4297443433036	0.0903211437753194	0.000934266683275521	4.57660359032687	-0.368539256197579	0		0	0	0			Q15025	TNIP1	Tbio		9606.ENSP00000317891
HDAC3	8841	true	true	false	0		true	true	true	0.446016990259423	9.64769896225893	0.0970323686194543	0.0013699203583741	4.33519103448819	-0.727103073803537	0		1.184	1	0	glad4u_osteoblast_differentiation		O15379	HDAC3	Tclin	Epigenetic	9606.ENSP00000302967
FAM13A	10144	true	true	false	0					1.76498437286623	10.8613079307734	0.0889367859680787	0.000880080585537954	4.61475632703014	-0.312704136178231	0		0	0	0			O94988	FAM13A	Tbio		9606.ENSP00000264344
RAB11FIP2	22841	true	true	false	1	human_compartment_plasma_membr_GO0005886	true			-0.520409786403127	9.1830006791624	0.0904609254822673	0.000999942066825974	-4.53338018994157	-0.432073439407493	0		0	0	0			Q7L804	RAB11FIP2	Tbio		9606.ENSP00000347839
MAP3K3	4215	true	true	false	0		true	true	true	-0.432069681872722	9.21929783112972	0.0915703122985216	0.00110582896318672	-4.46964229707378	-0.526296163793356	0		0	0	0			Q99759	MAP3K3	Tchem	Kinase	9606.ENSP00000354927
RPIA	22934	true	true	false	0					-0.437512085428269	9.55031852574189	0.0984355114389098	0.00154766648407201	-4.25928101698296	-0.841675569296528	0		0	0	0			P49247	RPIA	Tbio	Enzyme	9606.ENSP00000283646
MESD	23184	true		false	3	data_SPDI_secreted_transmembrane | human_compartment_extra_region_GO0005576 | location_secreted_all	true	true	true	-0.382865622889284	11.2040573858849	0.0991986657443091	0.00166900257291978	-4.21255430105413	-0.9126199946637	0		0	1	0	glad4u_bone_mineral_density		Q14696	MESDC2	Tbio		9606.ENSP00000261758
DESI2	51029	true	true	false	0					-0.363332932076011	9.25317122043487	0.0932358218860028	0.00122380708070164	-4.40580608955211	-0.621294343019009	0		0	0	0			Q9BSY9	DESI2	Tbio	Enzyme	9606.ENSP00000306528
KLHL42	57542	true	true	false	0		true			-0.856749847360179	9.86062324183906	0.0796110607726074	0.000598469017156937	-4.86424477718383	0.0466288258711032	0		0	0	0			Q9P2K6	KLHL42	Tdark		9606.ENSP00000370671
EBF3	253738	true	true	false	0					-0.820453573312163	7.64499532348113	0.0423353560465312	2.59560643344353e-05	-7.15616433065247	2.86580028200277	0		0	0	1		pain_genes_PMID_28848388	Q9H4W6	EBF3	Tbio	TF	9606.ENSP00000357637
GBE1	2632	true	true	false	0					0.407760222554426	13.5467279100802	0.058609573608025	0.000243883989361327	5.46883289337513	0.874521221303174	0		0	0	1		glad4u_axon_guidance	Q04446	GBE1	Tbio	Enzyme	9606.ENSP00000410833
CCSAP	126731	true	true	false	0					0.471565963364256	8.81101765850081	0.0671808465171165	0.000404726962163706	5.12338413292502	0.409000186531394	0		0	0	0			Q6IQ19	CCSAP	Tbio		9606.ENSP00000284617
ZNF217	7764	true	true	false	0		true	true	true	0.583217925569226	11.0564338392382	0.0423353560465312	2.36082394699802e-05	7.23414756617569	2.94709718457943	0		0	0	0			O75362	ZNF217	Tbio	TF	9606.ENSP00000360526
LMO3	55885	true	true	false	0					-0.964995285182121	7.81552047222574	0.0903211437753194	0.000948345070857744	-4.56707334999512	-0.38252244823618	0		0	0	0			Q8TAP4	LMO3	Tbio		9606.ENSP00000442786
SHMT2	6472	true	true	false	1	human_compartment_extra_region_GO0005576				0.435630437770959	10.2627401484654	0.0903211437753194	0.00094394721655973	4.57003429164435	-0.378176484895941	0		0	0	0			P34897	SHMT2	Tbio	Enzyme	9606.ENSP00000333667
ERGIC2	51290	true	true	false	1	location_membrane_predicted	true			-0.370485648643898	7.09873707302879	0.0995289021652305	0.00170612786315449	-4.19896802342072	-0.933306776924232	0		0	0	0			Q96RQ1	ERGIC2	Tbio		9606.ENSP00000353270
PPME1	51400	true	true	false	0		true			0.498659985931472	9.61712350791231	0.0850375567835774	0.000741115009842932	4.72523519249034	-0.152336690246067	0		0	0	0			Q9Y570	PPME1	Tchem	Enzyme	9606.ENSP00000381461
PTPRF	5792	true	true	false	4	human_compartment_plasma_membr_GO0005886 | location_membrane_predicted | location_secreted_all | surfaceome_insilico_fulllist	true	true	true	1.69961555887604	9.22739737816137	0.0794438808835966	0.000559785758311221	4.90806555036801	0.108691284276718	0		0	0	1		go_terms_genes_neuron	P10586	PTPRF	Tchem	Enzyme	9606.ENSP00000353030
HOXA4	3201	true		false	0					0.609287597289847	7.19214610698873	0.0428497159140534	6.13090542682412e-05	6.47506983564327	2.11680986481594	0		0	0	0			Q00056	HOXA4	Tbio	TF	9606.ENSP00000353151
HSBP1L1	440498	true	true	false	0					0.648640760234275	8.21458589901442	0.0984355114389098	0.00144639240431128	4.30133174912922	-0.778102463113044	0		0	0	0			C9JCN9	HSBP1L1	Tdark		9606.ENSP00000414236
FAM120C	54954	true	true	false	0					-0.547450746906557	7.49701330783418	0.047264710960434	0.00011554502248021	-6.000723903444	1.55201246200174	0		0	0	0			Q9NX05	FAM120C	Tbio		9606.ENSP00000364324
NOL3	8996	true	true	false	0					1.01369275727632	8.53567876802925	0.058609573608025	0.000230299514702336	5.50866375703951	0.926901208976362	0		0	0	4		C0020429_disease_gda_hyperalgesia | C0030193_disease_gda_pain | C0151825_disease_gda_bone_pain | C0563625_disease_gda_analgesia	O60936	NOL3	Tbio		9606.ENSP00000457243
DARS1	1615	true		false	0		true			0.642550217694509	11.0811588458771	0.0423353560465312	1.85629345204456e-05	7.43458254233262	3.15200465477785	0		0	0	0			P14868	DARS	Tbio	Enzyme	9606.ENSP00000264161
TRPT1	83707	true	true	false	0					0.536879140086899	8.87841142819594	0.0696938158949063	0.000434291825632145	5.07620218237516	0.343857944350214	0		0	0	0			Q86TN4	TRPT1	Tdark	Enzyme	9606.ENSP00000378050
C4orf47	441054	true	true	false	0					2.66308417882879	8.26103645756564	0.0984355114389098	0.00159664384729335	4.23997154999166	-0.870954545857384	0		0	0	0			A7E2U8	C4orf47	Tdark		9606.ENSP00000368127
ARID3A	1820	true	true	false	0		true			0.622357903512563	7.13995297912178	0.0987618294767783	0.0016427166536498	4.22236718876871	-0.897695108865227	0		0	0	0			Q99856	ARID3A	Tbio	TF	9606.ENSP00000263620
ZSWIM5	57643	true	true	false	0					0.921268449830179	6.07159018252257	0.0747104184326584	0.000501364134817955	4.98074522596236	0.210924073071085	0		0	0	0			Q9P217	ZSWIM5	Tdark		9606.ENSP00000352614
SPRED3	399473	true	true	false	2	human_compartment_plasma_membr_GO0005886 | location_membrane_predicted	true			0.330191538478507	7.7326440778888	0.0915703122985216	0.00110837591071801	4.46818964444088	-0.528450960315904	0		0	0	0			Q2MJR0	SPRED3	Tbio		9606.ENSP00000345405
GPR39	2863	true	true	false	3	human_compartment_plasma_membr_GO0005886 | location_membrane_predicted | surfaceome_insilico_fulllist	true			-0.736216710015772	6.6592295108399	0.0970323686194543	0.00137821578113484	-4.33142311777328	-0.732769936090576	0		0	0	0			O43194	GPR39	Tchem	GPCR	9606.ENSP00000327417
B3GALT6	126792	true	true	false	0					-0.521050396372114	8.15987681913069	0.0920412045659289	0.00116570144999269	-4.43639415457692	-0.575696473969455	0		0	0	0			Q96L58	B3GALT6	Tbio	Enzyme	9606.ENSP00000368496
SIGIRR	59307	true	true	false	4	data_SPDI_secreted_transmembrane | human_compartment_plasma_membr_GO0005886 | location_membrane_predicted | surfaceome_insilico_fulllist	true	true	true	0.411933884566769	9.03945701512803	0.0978144202688574	0.00142065810284075	4.31251128900453	-0.761244841739246	0		0	0	0			Q6IA17	SIGIRR	Tbio		9606.ENSP00000403104
LONP1	9361	true	true	false	0					0.622094726671101	9.35080530957421	0.0456896760858179	0.000102934271691757	6.08557633372958	1.65573595504976	0		0	0	0			P36776	LONP1	Tbio	Enzyme	9606.ENSP00000353826
TMEM107	84314	true	true	false	2	data_SPDI_secreted_transmembrane | location_membrane_predicted	true	true	true	0.80914780642555	10.0664187900271	0.0970323686194543	0.0013599614061168	4.33974641001681	-0.72025472226658	0		0	0	0			Q6UX40	TMEM107	Tbio		9606.ENSP00000314116
BNIP3	664	true	true	false	1	location_membrane_predicted	true	true	true	1.46244143182809	11.8464964211003	0.0428497159140534	5.84223960224237e-05	6.51209989571787	2.15937783500031	0		1.47	0	2		C0020429_disease_gda_hyperalgesia | go_terms_genes_neuron	Q12983	BNIP3	Tbio		9606.ENSP00000357625
HDHD5	27440	true		false	1	location_secreted_all				0.632979486236945	9.74752594912903	0.058609573608025	0.000247527471375178	5.45855236879759	0.860958226953827	0		0	0	0			Q9BXW7	CECR5	Tdark		9606.ENSP00000337358
TCEA3	6920	true	true	false	0					1.36671114401832	9.08865183528392	0.0915703122985216	0.00112366982784112	4.4595401549611	-0.541287961346468	0		0	0	0			O75764	TCEA3	Tbio		9606.ENSP00000406293
VLDLR	7436	true	true	false	4	human_compartment_extra_space_GO0005615 | human_compartment_plasma_membr_GO0005886 | location_membrane_predicted | surfaceome_insilico_fulllist	true	true	true	2.09033026378092	8.28443598392823	0.0325162286453399	7.79317147093756e-06	8.19169983310245	3.87580130264455	0		0	0	1		go_terms_genes_neuron	P98155	VLDLR	Tbio		9606.ENSP00000371532
TOMM20	9804	true	true	false	2	human_compartment_extra_region_GO0005576 | location_membrane_predicted	true			0.367829957820614	11.5339908590124	0.0986513068402887	0.00162323449206257	4.22974718422831	-0.886479646364927	0		0	0	0			Q15388	TOMM20	Tbio		9606.ENSP00000355566
BEND5	79656	true		false	0					2.81326718149005	6.94842311460291	0.0428497159140534	2.95356605398788e-05	7.0508418698256	2.75458062721847	0		0	0	0			Q7L4P6	BEND5	Tbio		9606.ENSP00000360899
RAB23	51715	true	true	false	1	human_compartment_plasma_membr_GO0005886				-0.727774659305961	9.73601040149603	0.063873064073423	0.000308433936344626	-5.30724418285517	0.659274058556932	0		0	0	1		C0030193_disease_gda_pain	Q9ULC3	RAB23	Tbio	Enzyme	9606.ENSP00000417610
CSTF2T	23283	true	true	false	0		true			-0.505930540347327	8.97598873936448	0.0876891098869981	0.000853268589160225	-4.63456415366377	-0.283807535053194	0		0	0	0			Q9H0L4	CSTF2T	Tbio		9606.ENSP00000332444
BCKDHA	593	true	true	false	0		true			0.616299393447392	8.78412572807936	0.0850375567835774	0.000750964506542026	4.71670842262162	-0.164643757887191	0		0	0	1		C0030193_disease_gda_pain	P12694	BCKDHA	Tbio	Enzyme	9606.ENSP00000269980
TBC1D9	23158	true	true	false	0					-0.467602805409522	10.3341533525611	0.0850375567835774	0.000745358774537759	-4.72154671170329	-0.15765899233149	0		0	0	1		C0030193_disease_gda_pain	Q6ZT07	TBC1D9	Tbio		9606.ENSP00000411197
ZNF703	80139	true	true	false	0					-0.437271835790339	8.17515312003459	0.063873064073423	0.000325316489057488	-5.27092385362879	0.610285909498347	0		0	0	0			Q9H7S9	ZNF703	Tbio		9606.ENSP00000332325
ZMYND19	116225	true	true	false	0					-0.638023170452151	8.5818854886821	0.0760366400524932	0.000513908841309632	-4.96440599227573	0.18801748833353	0		0	0	0			Q96E35	ZMYND19	Tdark		9606.ENSP00000298585
TFR2	7036	true	true	false	2	human_compartment_plasma_membr_GO0005886 | location_membrane_predicted	true	true	true	0.857805450075147	6.39053945465197	0.0920412045659289	0.0011390503314623	4.45096605272218	-0.554024478198303	0		0	1	0	glad4u_bone_degradation		Q9UP52	TFR2	Tbio	Enzyme	9606.ENSP00000420525
CA9	768	true	true	false	3	human_compartment_plasma_membr_GO0005886 | location_membrane_predicted | location_secreted_all	true	true	true	2.7461343842292	8.15384189004727	0.0920412045659289	0.00114382870018036	4.44832712262199	-0.557946793562241	0		1.42	0	0			Q16790	CA9	Tclin	Enzyme	9606.ENSP00000367608
CYB5D1	124637	true	true	false	0					0.389397756069741	9.1006579600874	0.093228495407796	0.00121104986365222	4.41238863065632	-0.611469623173049	0		0	0	0			Q6P9G0	CYB5D1	Tdark		9606.ENSP00000331479
FAIM	55179	true	true	false	0		true	true	true	-0.519704116565833	9.95876131837857	0.0850375567835774	0.000745581294275968	-4.72135392213654	-0.157937239174698	0		0	0	1		glad4u_axon_outgrowth	Q9NVQ4	FAIM	Tbio		9606.ENSP00000342805
CNKSR3	154043	true	true	false	0					-0.861190926414645	9.17708738782028	0.054907768428275	0.000152653176533408	-5.79913336697355	1.30080913640878	0		0	0	1		C0030193_disease_gda_pain	Q6P9H4	CNKSR3	Tbio	Enzyme	9606.ENSP00000475915
ITGAE	3682	true	true	false	4	human_compartment_extra_region_GO0005576 | human_compartment_plasma_membr_GO0005886 | location_membrane_predicted | surfaceome_insilico_fulllist	true	true	true	-0.360596175540456	11.2615939878981	0.0873143762772258	0.000816073270853066	-4.66316128057524	-0.24219946720705	0		1.39	0	0			P38570	ITGAE	Tbio		9606.ENSP00000263087
ENO2	2026	true	true	false	2	human_compartment_extra_region_GO0005576 | human_compartment_extra_space_GO0005615	true			2.38947647640855	9.33354125237075	0.0739785287442016	0.000492064914252552	4.99314017934972	0.228271348844619	0		1.167	0	0			P09104	ENO2	Tbio	Enzyme	9606.ENSP00000437402
EMC7	56851	true	true	false	2	data_SPDI_secreted_transmembrane | location_membrane_predicted	true			-0.393927774372544	6.08575896240555	0.0984355114389098	0.00161369690883459	-4.23339410144056	-0.880940283590862	0		0	0	0			Q9NPA0	EMC7	Tdark		9606.ENSP00000256545
SLF1	84250	true	true	false	1	location_membrane_predicted	true			-0.566084618209656	8.08328801766011	0.0587876641723405	0.000261720955939207	-5.41998968208666	0.809923818363651	0		0	0	0			Q9BQI6	ANKRD32	Tbio		9606.ENSP00000265140
UBR7	55148	true	true	false	0					-0.576000431219514	9.98293626731057	0.0903211437753194	0.000928069923619896	-4.58084664372925	-0.362318284400328	0		0	0	0			Q8N806	UBR7	Tdark	Epigenetic	9606.ENSP00000013070
CENPO	79172	true	true	false	0					-0.576116409079356	7.83848608552146	0.0995289021652305	0.00169945180974586	-4.20138813675227	-0.92961992571638	0		0	0	0			Q9BU64	CENPO	Tbio		9606.ENSP00000370214
TPI1	7167	true	true	false	0		true			0.589463413044108	13.3027424899847	0.0671808465171165	0.000405751445746174	5.12168861367438	0.406665725151251	0		0	0	0			P60174	TPI1	Tbio	Enzyme	9606.ENSP00000229270
WDR26	80232	true	true	false	0		true			0.520508872841514	9.82453183963264	0.0852528838868045	0.000764178376322138	4.7054532831791	-0.180906841179775	0		0	0	0			Q9H7D7	WDR26	Tbio		9606.ENSP00000408108
MIOS	54468	true	true	false	0					-1.05352132997612	8.76198466279454	0.0428497159140534	7.0406820905956e-05	-6.36958199044534	1.99435009378061	0		0	0	0			Q9NXC5	MIOS	Tdark		9606.ENSP00000339881
PANK1	53354	true	true	false	0		true	true	true	-0.896186654820556	7.40400449692659	0.058609573608025	0.000209747320050342	-5.57396558039776	1.01219791665725	0		0	0	0			Q8TE04	PANK1	Tbio	Kinase	9606.ENSP00000302108
PNMA2	10687	true	true	false	1	human_compartment_extra_region_GO0005576				1.31735278612864	10.6823273444325	0.0905569102838066	0.00102253383636796	4.51920160732852	-0.452978573602886	0		0	0	0			Q9UL42	PNMA2	Tbio		9606.ENSP00000429344
ETS1	2113	true	true	false	0		true	true	true	0.566881330772507	12.265679483125	0.0984355114389098	0.00160403800594768	4.23711056543562	-0.875297261010171	0		1.441	0	0			P14921	ETS1	Tbio	TF	9606.ENSP00000376436
ZMYND8	23613	true	true	false	0		true			0.846855969748789	9.43763039913547	0.0806311871850957	0.000637374962818787	4.82310399559812	-0.0119263652756949	0		0	0	0			Q9ULU4	ZMYND8	Tbio	Epigenetic	9606.ENSP00000420095
ATG2B	55102	true	true	false	0		true			-0.452441539320636	8.07844184132802	0.0559242982191174	0.000165733841880444	-5.74038770809914	1.22633138255698	0		0	0	0			Q96BY7	ATG2B	Tbio		9606.ENSP00000353010
CRYBG3	131544	true	true	false	0					0.493185175235753	9.56778503278477	0.0984355114389098	0.00157740658635677	4.24748066152218	-0.859562034327748	0		0	0	0			Q68DQ2	CRYBG3	Tdark	Enzyme	9606.ENSP00000374273
RAPGEF4	11069	true	true	false	0		true			1.85785408683397	4.98024518387615	0.0790937129984729	0.000553527087421007	4.91545669701176	0.119127893776446	0		0	0	1		C0020429_disease_gda_hyperalgesia	Q8WZA2	RAPGEF4	Tchem		9606.ENSP00000380271
SLC6A8	6535	true	true	false	3	human_compartment_plasma_membr_GO0005886 | location_membrane_predicted | surfaceome_insilico_fulllist				0.950252977476205	8.22772049680771	0.058609573608025	0.000226733232488302	5.51953713026813	0.941153827917738	0		0	0	1		C0030193_disease_gda_pain	P48029	SLC6A8	Tbio	Transporter	9606.ENSP00000253122
TRIM27	5987	true	true	false	0		true			-0.541400512180331	9.79692559179195	0.0920412045659289	0.00117151104342776	-4.43326432569028	-0.580355556159923	0		0	0	0			P14373	TRIM27	Tbio		9606.ENSP00000366404
KLF7	8609	true	true	false	0					0.682843687749523	10.0536423988356	0.0970323686194543	0.00136034830331556	4.33956878256606	-0.720521701465179	0		0	0	4		go_terms_genes_neuron | pain_genes_PMID_23567662 | pain_genes_PMID_27548044 | pain_related_genes	O75840	KLF7	Tbio	TF	9606.ENSP00000309570
MYRIP	25924	true	true	false	0		true	true	true	-0.760970202394277	5.2085132769585	0.0455963501968243	9.6167165595833e-05	-6.13584129648713	1.7166218562323	0		0	0	0			Q8NFW9	MYRIP	Tbio		9606.ENSP00000301972
PGF	5228	true	true	true	2	human_compartment_extra_space_GO0005615 | location_secreted_all	true	true	true	1.25233027821547	8.06396512401155	0.0984355114389098	0.00157835305944855	4.24710896722904	-0.860125761104062	0		1.312	0	1		C0030193_disease_gda_pain	P49763	PGF	Tclin		9606.ENSP00000451040
TCF19	6941	true	true	false	0					-0.765869295921348	8.69772545570833	0.0986513068402887	0.00163264892842253	-4.2261693697303	-0.891915911846287	1.713	TIGA	0	0	0			Q9Y242	TCF19	Tbio	Epigenetic	9606.ENSP00000365433
PRPS1	5631	true	true	false	1	location_membrane_predicted				-0.419208946297738	9.03049696501823	0.0807191503595902	0.000669370770405959	-4.79121856605787	-0.0574998196037946	0		0	0	1		C0030193_disease_gda_pain	P60891	PRPS1	Tbio	Kinase	9606.ENSP00000361512
FITM2	128486	true	true	false	1	location_membrane_predicted				-0.421640488018278	9.20937071864872	0.0663668566325995	0.000356297955270403	-5.20921832941293	0.526548383903015	0		0	0	0			Q8N6M3	FITM2	Tdark		9606.ENSP00000380037
GPS2	2874	true	true	false	0				true	-0.329758380404035	8.30093031042633	0.0984355114389098	0.00147230471662064	-4.29028436122711	-0.794778955459643	0		0	0	0			Q13227	GPS2	Tbio		9606.ENSP00000370104
NAP1L3	4675	true	true	false	0					-0.814742419474262	9.50362095428417	0.0806311871850957	0.000637827593691935	-4.82264118700684	-0.0125866590165593	0		0	0	0			Q99457	NAP1L3	Tbio		9606.ENSP00000362171
NPEPPS	9520	true	true	false	3	human_compartment_extra_region_GO0005576 | human_compartment_extra_space_GO0005615 | human_compartment_plasma_membr_GO0005886	true			0.62140725938473	10.6804649010579	0.0671808465171165	0.000391309743709438	5.1460210276667	0.44012131493079	0		0	0	4		C0030193_disease_gda_pain | pain_genes_PMID_23567662 | pain_genes_PMID_27548044 | pain_related_genes	P55786	NPEPPS	Tchem	Enzyme	9606.ENSP00000320324
ZNF30	90075	true		false	0					-0.88442561734636	6.79943431445059	0.0806311871850957	0.000645451455273271	-4.81489781782797	-0.0236394199683092	0		0	0	0			P17039	ZNF30	Tdark	TF	9606.ENSP00000403441
ZNF618	114991	true	true	false	0					-0.616601173561941	7.20238026482329	0.0559242982191174	0.000170078836769357	-5.72196671785157	1.20285824094552	0		0	0	0			Q5T7W0	ZNF618	Tdark		9606.ENSP00000288466
HACD1	9200	true	true	false	1	location_membrane_predicted				-0.549163178199708	10.5632492934304	0.054907768428275	0.000152421144731177	-5.80022352084252	1.30218577903259	0		0	0	0			B0YJ81	PTPLA	Tbio	Enzyme	9606.ENSP00000355308
NFIB	4781	true	true	false	0					-0.769560960867462	9.53053409049456	0.0953703977012023	0.00129830279681437	-4.36875614908997	-0.676715729385322	0		0	0	0			O00712	NFIB	Tbio	TF	9606.ENSP00000370340
AK4	205	true	true	false	1	location_secreted_all				1.16528885404679	11.2154934691546	0.0581089219222893	0.000198203998513395	5.61371559332805	1.06376716668691	0		0	0	0			P27144	AK4	Tbio	Kinase	9606.ENSP00000378743
FAM177A1	283635	true	true	false	1	location_secreted_all				-0.382337261509756	10.2206882714723	0.0984355114389098	0.00147682226407488	-4.28837931438677	-0.797656521500564	0		0	0	0			Q8N128	FAM177A1	Tdark		9606.ENSP00000280987
PLEKHA8	84725	true	true	false	0		true			0.683602587954523	9.10110720002925	0.0970323686194543	0.00135854176129705	4.34039863584359	-0.719274448443922	0		0	0	0			Q96JA3	PLEKHA8	Tbio		9606.ENSP00000397947
AGPAT5	55326	true	true	false	1	location_membrane_predicted				0.649195242112818	7.88116214537694	0.0671808465171165	0.000403973762721121	5.12463359363791	0.410720186838076	0		0	0	0			Q9NUQ2	AGPAT5	Tbio	Enzyme	9606.ENSP00000285518
DHCR24	1718	true	true	false	1	location_membrane_predicted	true			-0.69070915749742	9.02505775431286	0.0984355114389098	0.00150698950168695	-4.27581285203597	-0.816651480323508	0		0	0	0			Q15392	DHCR24	Tbio	Enzyme	9606.ENSP00000360316
AUNIP	79000	true	true	false	0					-0.60980306174828	6.41453134681091	0.063873064073423	0.000323992209643463	-5.27369940091659	0.614037371533501	0		0	0	0			Q9H7T9	AUNIP	Tbio	Enzyme	9606.ENSP00000443647
WDR5B	54554	true	true	false	0					-0.605181764225725	7.63433890131803	0.0984355114389098	0.00161131970208317	-4.23430660832905	-0.879554562119404	0		0	0	0			Q86VZ2	WDR5B	Tdark		9606.ENSP00000330381
TMEM104	54868	true	true	false	3	human_compartment_plasma_membr_GO0005886 | location_membrane_predicted | surfaceome_insilico_fulllist				-0.468778993379543	7.9000611028019	0.0915703122985216	0.00105358519265287	-4.50024441856548	-0.480978497948942	0		0	0	0			Q8NE00	TMEM104	Tdark		9606.ENSP00000334849
TBL2	26608	true	true	false	1	location_secreted_all				0.360087620594128	5.91052347763666	0.0915703122985216	0.00108718330164101	4.48038560266713	-0.510370196671948	0		0	2	0	C0029453_disease_gda_osteopenia | C0029464_disease_gda_osteosclerosis		Q9Y4P3	TBL2	Tbio		9606.ENSP00000307260
GALNT7	51809	true	true	false	1	human_compartment_extra_region_GO0005576				-0.873637382422477	8.26849909476313	0.0970323686194543	0.00139429115187391	-4.32418890500222	-0.743655963766828	0		0	0	0			Q86SF2	GALNT7	Tbio	Enzyme	9606.ENSP00000265000
SEMA3A	10371	true	true	true	4	human_compartment_extra_space_GO0005615 | human_compartment_plasma_membr_GO0005886 | location_secreted_all | matrisomedb_human_healthy	true	true	true	-0.721678292998637	6.4201154421712	0.0428497159140534	8.22821832808985e-05	-6.2520587896743	1.85581660010862	0		1.361	6	4	C0029453_disease_gda_osteopenia | C0238790_disease_gda_bone_destruction | C2674432_disease_gda_reduced_bone_mineral_density | glad4u_bone_degradation | glad4u_bone_formation | glad4u_osteoblast_differentiation	glad4u_axon_growth | glad4u_axon_guidance | glad4u_bone_pain | go_terms_genes_neuron	Q14563	SEMA3A	Tbio		9606.ENSP00000265362
SAP30	8819	true	true	false	1	location_secreted_all	true		true	0.782784467608982	10.7979714951368	0.053985000435163	0.00014232456255076	5.84946451527243	1.36416026754706	0		0	0	0			O75446	SAP30	Tbio	Enzyme	9606.ENSP00000296504
PLIN2	123	true	true	false	1	human_compartment_plasma_membr_GO0005886	true	true	true	1.13279821052552	12.2815043378921	0.0984355114389098	0.0014992080588299	4.27902879733311	-0.811788179575688	0		0	0	0			Q99541	PLIN2	Tbio		9606.ENSP00000276914
FUS	2521	true	true	false	1	human_compartment_extra_region_GO0005576	true			-0.66430696340538	9.19868565450546	0.0428497159140534	8.3502439343282e-05	-6.2410294338225	1.84270095449985	0		0	0	3		C0030193_disease_gda_pain | glad4u_axon_degeneration | glad4u_axon_loss	P35637	FUS	Tbio		9606.ENSP00000254108
HIBCH	26275	true	true	false	0		true			-0.372169356842118	10.0553994887174	0.0796110607726074	0.000610572798562803	-4.851148782397	0.0280196899759764	0		0	0	0			Q6NVY1	HIBCH	Tbio	Enzyme	9606.ENSP00000352706
SPAG4	6676	true	true	false	1	location_membrane_predicted	true			2.45797269431975	8.50275437347319	0.0872163658436575	0.000790139638790685	4.6839284214577	-0.21206618088695	0		0	0	0			Q9NPE6	SPAG4	Tbio		9606.ENSP00000363391
MRPL15	29088	true	true	false	0		true			-0.587995508720349	11.2621314676704	0.0915703122985216	0.00105802331414188	-4.49758316236553	-0.484913683927823	0		0	0	0			Q9P015	MRPL15	Tdark		9606.ENSP00000260102
RNF24	11237	true	true	false	1	location_membrane_predicted				0.675423076710098	9.49187488046718	0.0671808465171165	0.000389958185113136	5.14834699029717	0.443314159429661	0		0	1	0	tissue_category_rna_bone		Q9Y225	RNF24	Tbio		9606.ENSP00000388550
GPR155	151556	true	true	false	3	human_compartment_extra_space_GO0005615 | location_membrane_predicted | surfaceome_insilico_fulllist				1.42972053577096	7.18339892874141	0.0984355114389098	0.00153958621983911	4.26252833057478	-0.836756989736634	0		0	0	0			Q7Z3F1	GPR155	Tbio		9606.ENSP00000376335
NRN1	51299	true	true	false	2	location_membrane_predicted | surfaceome_insilico_fulllist				1.73422497084927	9.42303384149056	0.0796110607726074	0.000609555614698258	4.8522387036018	0.0295695238277638	0		0	0	3		glad4u_axon_growth | pain_genes_PMID_23567662 | pain_genes_PMID_27548044	Q9NPD7	NRN1	Tbio		9606.ENSP00000480483
SPRING1	79794	true		false	1	location_secreted_all				-0.617386419757775	9.73584215764346	0.0984355114389098	0.00155670502681277	-4.25566964204279	-0.847147383150096	0		0	0	0			Q9H741	C12orf49	Tdark		9606.ENSP00000261318
C1QTNF2	114898	true	true	false	2	data_SPDI_secreted_transmembrane | location_secreted_all				-0.792364635331208	5.67325589763558	0.0984355114389098	0.00150862738289919	-4.27513816698107	-0.817671962563677	0		0	0	0			Q9BXJ5	C1QTNF2	Tdark		9606.ENSP00000377545
GRAMD1C	54762	true	true	false	3	data_SPDI_secreted_transmembrane | human_compartment_plasma_membr_GO0005886 | location_membrane_predicted				0.973210291915245	7.07787596029894	0.0904609254822673	0.000978072958705322	4.54743126129631	-0.411387439817813	0		0	0	0			Q8IYS0	GRAMD1C	Tdark		9606.ENSP00000350881
LSM5	23658	true	true	false	1	human_compartment_extra_region_GO0005576	true			-0.673958179672884	7.88947559744944	0.0671808465171165	0.000373000852387607	-5.17828131440117	0.484323707848318	0		0	0	0			Q9Y4Y9	LSM5	Tbio		9606.ENSP00000410758
SUOX	6821	true	true	false	0		true			-0.400852966902937	7.30996793662377	0.0970323686194543	0.00139225890044559	-4.32509859395676	-0.74228663730995	0		0	0	0			P51687	SUOX	Tbio	Enzyme	9606.ENSP00000377668
ATPSCKMT	134145	true		false	1	location_membrane_predicted				-0.650388598459433	8.87375156169838	0.0984355114389098	0.00153195999447131	-4.26560965300161	-0.832091252995027	0		0	0	3		C0030193_disease_gda_pain | glad4u_nociception | go_terms_genes_neuron	Q6P4H8	FAM173B	Tbio		9606.ENSP00000422338
ESYT1	23344	true	true	false	1	location_membrane_predicted	true			0.298259876767201	10.2126649118433	0.0915703122985216	0.00107411487874105	4.48803194740193	-0.49904609635933	0		0	0	0			Q9BSJ8	ESYT1	Tbio		9606.ENSP00000267113
SLC35E1	79939	true		false	2	human_compartment_plasma_membr_GO0005886 | location_membrane_predicted				0.683390278635297	9.40336170794827	0.0325162286453399	7.04173070759141e-06	8.28375042253775	3.95864157357508	0		0	0	0			Q96K37	SLC35E1	Tdark	Transporter	9606.ENSP00000470652
ZNF641	121274	true	true	false	0					-0.580323838093072	7.88738158939492	0.0915703122985216	0.00109980720681621	-4.47309089607338	-0.521181982588391	0		0	0	0			Q96N77	ZNF641	Tdark	TF	9606.ENSP00000437832
ADORA2B	136	true	true	false	2	location_membrane_predicted | surfaceome_insilico_fulllist	true			1.23812939271438	8.76815320321811	0.0325162286453399	5.58013095391313e-06	8.49793901923473	4.14728454403006	0		0	2	0	C0029453_disease_gda_osteopenia | glad4u_osteoblast_differentiation		P29275	ADORA2B	Tclin	GPCR	9606.ENSP00000304501
SPDL1	54908	true	true	false	0		true			-0.726874285057878	10.3967155086163	0.0995289021652305	0.00169280611955214	-4.2038071798144	-0.925935540264234	0		1.493	0	0			Q96EA4	SPDL1	Tbio		9606.ENSP00000265295
AMPD2	271	true	true	false	0		true			0.457040670468031	9.5095072082378	0.0876891098869981	0.000852543577269141	4.63510887106408	-0.283013761217409	0		0	1	0	tissue_category_rna_bone		Q01433	AMPD2	Tchem	Enzyme	9606.ENSP00000256578
DOCK6	57572	true	true	false	0		true			0.412457906374429	7.75530297493715	0.0984355114389098	0.00157590278159639	4.24807171077476	-0.858665666136723	0		0	0	0			Q96HP0	DOCK6	Tbio		9606.ENSP00000294618
LANCL3	347404	true		false	0					0.839632703411805	5.59995782467855	0.0671808465171165	0.000404864919911194	5.12315554700908	0.408685488111641	0		0	0	0			Q6ZV70	LANCL3	Tdark		9606.ENSP00000367882
PFKFB4	5210	true	true	false	0		true			2.15791353157597	9.05769862007336	0.0423353560465312	2.02213508521765e-05	7.36280022427468	3.07928401956677	0		0	0	0			Q16877	PFKFB4	Tchem	Enzyme	9606.ENSP00000232375
ISM2	145501	true	true	false	3	human_compartment_extra_region_GO0005576 | location_secreted_all | matrisomedb_human_healthy				0.619384186806391	6.06552593025474	0.0577749894931135	0.000188318439532725	5.6497772352745	1.11032125366381	0		0	0	0			Q6H9L7	ISM2	Tdark		9606.ENSP00000341490
SPIN4	139886	true		false	0					-0.709438037746272	9.15713120541822	0.0904609254822673	0.00101369030345296	-4.52471202525479	-0.444850180525023	0		0	0	0			Q56A73	SPIN4	Tdark		9606.ENSP00000334163
ANO6	196527	true	true	false	2	location_membrane_predicted | surfaceome_insilico_fulllist	true			0.557652308074115	11.5552902295067	0.0850375567835774	0.000749327080784438	4.71811771432989	-0.162608851115941	0		1.33	0	0			Q4KMQ2	ANO6	Tbio	IC	9606.ENSP00000409126
DPYSL4	10570	true	true	false	0					2.17362967915503	7.76581502208844	0.0428497159140534	8.62663248197797e-05	6.21667531617743	1.81367016388219	0		0	0	3		glad4u_axon_growth | pain_genes_PMID_23567662 | pain_genes_PMID_27548044	O14531	DPYSL4	Tbio	Enzyme	9606.ENSP00000339850
DNAJC21	134218	true	true	false	0					-0.624831272715976	7.04114178259513	0.0889367859680787	0.000874765305048011	-4.61863190345461	-0.30704533148273	0		0	2	0	C0029453_disease_gda_osteopenia | C2674432_disease_gda_reduced_bone_mineral_density		Q5F1R6	DNAJC21	Tdark		9606.ENSP00000371451
SIN3A	25942	true	true	false	0		true	true	true	0.325132475111108	8.50862621202498	0.0876891098869981	0.000849594382619293	4.63732972803124	-0.279777972393192	0		1.091	0	1		C0020429_disease_gda_hyperalgesia	Q96ST3	SIN3A	Tbio		9606.ENSP00000378402
BNIP3L	665	true	true	false	1	location_membrane_predicted	true			1.25855905256725	12.2578429097408	0.0629112327925003	0.00028794269399628	5.35428854943162	0.722395462239189	0		1.081	0	0			O60238	BNIP3L	Tbio		9606.ENSP00000370003
BCKDK	10295	true	true	false	0					0.762227966410926	8.68237413950235	0.0873143762772258	0.000828695547065991	4.65330491010255	-0.25652541213447	0		0	0	0			O14874	BCKDK	Tbio	Kinase	9606.ENSP00000378405
PRADC1	84279	true	true	false	2	data_SPDI_secreted_transmembrane | location_secreted_all				-0.500114390201073	9.03399419927489	0.0807191503595902	0.000668644952396451	-4.79192381624231	-0.0564900124923353	0		0	0	0			Q9BSG0	PRADC1	Tdark	Enzyme	9606.ENSP00000258083
FAM217B	63939	true	true	false	0					-0.572080233951413	8.4048544532267	0.0820023206629759	0.000691803683092885	-4.76981213563995	-0.0881891521963984	0		0	0	0			Q9NTX9	FAM217B	Tdark		9606.ENSP00000351040
ATG4A	115201	true	true	false	0		true			-0.591601067893424	8.19361311452053	0.058609573608025	0.000218857383903907	-5.54421190536617	0.973423088458766	0		0	0	0			Q8WYN0	ATG4A	Tbio	Enzyme	9606.ENSP00000361306
FANCB	2187	true	true	false	1	human_compartment_extra_space_GO0005615	true			-0.804259619787814	5.17168777692086	0.0833588988762373	0.000715168094426049	-4.74828515654008	-0.119126733456239	0		0	2	0	C2674432_disease_gda_reduced_bone_mineral_density | tissue_category_rna_bone		Q8NB91	FANCB	Tbio		9606.ENSP00000381378
ZNRF3	84133	true	true	false	1	location_membrane_predicted	true	true	true	-0.548075203865631	7.31496909905804	0.0461622239964371	0.000106211616902933	-6.06249323217441	1.62763653845149	0		0	0	0			Q9ULT6	ZNRF3	Tbio	Enzyme	9606.ENSP00000443824
ZNF653	115950	true	true	false	0					0.438414444554727	5.49124545278008	0.09716438920002	0.00140190207790269	4.32079441205705	-0.748766675269272	0		0	0	0			Q96CK0	ZNF653	Tbio	TF	9606.ENSP00000293771
NT5C	30833	true	true	false	1	human_compartment_extra_space_GO0005615				0.533691101101279	7.04530977951609	0.0595761333576964	0.000268438142825398	5.40251103398516	0.786709605097994	0		0	0	0			Q8TCD5	NT5C	Tbio	Enzyme	9606.ENSP00000245552
BCL3	602	true	true	false	1	human_compartment_plasma_membr_GO0005886	true	true	true	0.85021607214541	7.64060069037582	0.063873064073423	0.000323788644339855	5.27412712413273	0.614615371593694	0		0	0	0			P20749	BCL3	Tbio		9606.ENSP00000164227
ALDOC	230	true		false	2	human_compartment_extra_region_GO0005576 | human_compartment_extra_space_GO0005615	true			2.11878596597589	8.91596967553991	0.0905569102838066	0.0010244190790422	4.51803341825685	-0.45470237479641	0		0	0	0			P09972	ALDOC	Tbio	Enzyme	9606.ENSP00000226253
DSCC1	79075	true	true	false	0		true			-0.928207153949812	8.31084539382155	0.0876891098869981	0.000846900126549271	-4.63936574625976	-0.276812187254539	0		0	0	0			Q9BVC3	DSCC1	Tbio		9606.ENSP00000322180
GPR146	115330	true	true	false	2	location_membrane_predicted | surfaceome_insilico_fulllist				1.46543988860309	5.75445440622066	0.0559242982191174	0.000176217822169305	5.69678110409883	1.17067312341654	0		0	0	0			Q96CH1	GPR146	Tdark	GPCR	9606.ENSP00000380283
APOBEC3G	60489	true		false	0					0.624045135503831	8.84753632440539	0.0915703122985216	0.0010502191573293	4.50227071696645	-0.477982960965974	1.909	TIGA	1.271	0	0			Q9HC16	APOBEC3G	Tbio		9606.ENSP00000385057
NIM1K	167359	true	true	false	1	location_membrane_predicted				1.59433522956919	6.73543514765216	0.058609573608025	0.000211999120899002	5.56648439897959	1.00246252450441	0		0	0	0			Q8IY84	NIM1K	Tchem	Kinase	9606.ENSP00000420849
INSIG1	3638	true	true	false	1	location_membrane_predicted	true	true	true	0.741021771664289	8.31123243091147	0.0995289021652305	0.00168520139235022	4.20658758085747	-0.921701811824793	0		0	0	0			O15503	INSIG1	Tbio		9606.ENSP00000344741
COBLL1	22837	true	true	false	2	human_compartment_extra_region_GO0005576 | human_compartment_extra_space_GO0005615	true			-0.911333708698997	7.76363424190127	0.058609573608025	0.000224394931748481	-5.52676612925933	0.95061842873824	0		0	0	0			Q53SF7	COBLL1	Tbio		9606.ENSP00000341360
AK2	204	true	true	false	0					0.70127050793602	10.4302185914942	0.0428497159140534	6.699300759271e-05	6.40734788574167	2.03839628758131	0		0	0	0			P54819	AK2	Tbio	Kinase	9606.ENSP00000346921
PTPN21	11099	true	true	false	0		true	true	true	-0.53647261417251	8.79756082713863	0.0559242982191174	0.00017474164558924	-5.70275048972592	1.17831112390456	0		0	0	0			Q16825	PTPN21	Tbio	Enzyme	9606.ENSP00000452414
SPSB2	84727	true	true	false	0					-0.762801786273983	7.72116068002704	0.0428497159140534	8.19542595177842e-05	-6.25505272341176	1.8593734581144	0		0	0	0			Q99619	SPSB2	Tbio		9606.ENSP00000428338
JADE2	23338	true	true	false	0					-0.672425836701109	9.37034548631168	0.0970323686194543	0.00138081742082246	-4.33024632666702	-0.734540237619751	0		0	0	0			Q9NQC1	JADE2	Tbio	Epigenetic	9606.ENSP00000354425
RFTN1	23180	true	true	false	0					-0.415714621268755	11.2379014108166	0.0984355114389098	0.00145895796873918	-4.29594880212292	-0.786225996971845	0		0	0	0			Q14699	RFTN1	Tbio		9606.ENSP00000334153
RNASEH1	246243	true	true	false	1	location_secreted_all				-0.803181063318675	7.07569832219196	0.0581089219222893	0.000198436356679864	-5.61289127598336	1.06270044903913	0		0	0	0			O60930	RNASEH1	Tchem	Enzyme	9606.ENSP00000313350
RNF181	51255	true		false	0		true			0.370721302569175	11.9012721108953	0.0984355114389098	0.00160548895152154	4.23655078523275	-0.876147095088591	0		0	0	0			Q9P0P0	RNF181	Tbio	Enzyme	9606.ENSP00000306906
TMOD2	29767	true	true	false	0		true			-1.02740996121842	6.26976835606339	0.0671808465171165	0.000366294409171073	-5.19052213770106	0.501049986735532	0		0	0	0			Q9NZR1	TMOD2	Tbio		9606.ENSP00000249700
HMGCL	3155	true	true	false	1	location_secreted_all				0.616528162797406	10.1038034591365	0.0915703122985216	0.00111451829199878	4.46470077403412	-0.533627519876262	0		0	0	0			P35914	HMGCL	Tbio	Enzyme	9606.ENSP00000363614
GALNT10	55568	true	true	false	1	location_secreted_all				-0.696457155672304	10.1666462012652	0.0953703977012023	0.00128414090987212	-4.37562411178664	-0.666426551589407	0		0	0	0			Q86SR1	GALNT10	Tbio	Enzyme	9606.ENSP00000297107
ARHGAP18	93663	true	true	false	0					-0.72840821795354	9.8833687027008	0.0428497159140534	7.38315810781862e-05	-6.3336237225655	1.95219959397134	0		0	0	0			Q8N392	ARHGAP18	Tbio	Enzyme	9606.ENSP00000357131
SPECC1L	23384	true	true	false	0					-0.517380014783843	9.80430159081915	0.0984355114389098	0.00151132970700166	-4.27402669286915	-0.819353247337474	0		0	0	1		human_pain_genetics	Q69YQ0	SPECC1L	Tbio		9606.ENSP00000325785
CCNQ	92002	true		false	0					-0.651866320819805	8.99711351050174	0.0903211437753194	0.000949558703555929	-4.56625880223865	-0.383718255081392	0		0	0	0			Q8N1B3	FAM58A	Tdark		9606.ENSP00000402949
ZNF383	163087	true	true	false	0					0.65594376122626	6.78777127816195	0.0833588988762373	0.000715235495103369	4.74822413990439	-0.119214531048166	0		0	0	0			Q8NA42	ZNF383	Tdark	TF	9606.ENSP00000340132
PTOV1	53635	true	true	false	1	data_SPDI_secreted_transmembrane				0.391915166860597	9.22604954272896	0.0876891098869981	0.00084095649595932	4.64388161573938	-0.270236472470787	0		0	0	0			Q86YD1	PTOV1	Tbio		9606.ENSP00000375717
RHPN2	85415	true	true	false	0		true			0.751418326221972	5.42707632412948	0.0920412045659289	0.00117797917836751	4.42979891519695	-0.585515940193209	0		0	0	0			Q8IUC4	RHPN2	Tbio		9606.ENSP00000254260
WASF1	8936	true	true	false	0		true		true	0.403346007919424	10.0896500199094	0.0997643879592787	0.00172155975770973	4.19341171076669	-0.941774537912656	0		0	0	1		glad4u_axon_sprouting	Q92558	WASF1	Tbio		9606.ENSP00000376368
EXO1	9156	true	true	false	0		true			-0.774213190168384	7.91418402060726	0.0984355114389098	0.00156603647709711	-4.25196428803101	-0.852763563374547	0		0	1	0	tissue_category_rna_bone		Q9UQ84	EXO1	Tbio	Enzyme	9606.ENSP00000355506
MBLAC2	153364	true	true	false	1	human_compartment_extra_space_GO0005615				-0.432160823312662	9.00125427410277	0.0560979576362075	0.000180163127294886	-5.68108600872008	1.15056225858778	0		0	0	0			Q68D91	MBLAC2	Tdark	Enzyme	9606.ENSP00000314776
CCL28	56477	true	true	true	3	human_compartment_extra_region_GO0005576 | human_compartment_extra_space_GO0005615 | location_secreted_all	true	true	true	1.51791610594404	7.84568641703947	0.0428497159140534	6.72791517095102e-05	6.40410373987347	2.03462161414664	0		0	0	0			Q9NRJ3	CCL28	Tbio		9606.ENSP00000354416
RAB20	55647	true	true	false	0					1.91868200199992	9.03160166580289	0.0984355114389098	0.00157421959695961	4.24873396628993	-0.857661368832699	0		0	0	0			Q9NX57	RAB20	Tbio	Enzyme	9606.ENSP00000267328
TTC13	79573	true	true	false	1	location_membrane_predicted				-0.695024056482616	9.26232858099523	0.0559242982191174	0.000176924728331979	-5.69394142873251	1.16703757795581	0		0	0	0			Q8NBP0	TTC13	Tdark		9606.ENSP00000355621
ALDOA	226	true	true	false	1	location_membrane_predicted	true			0.846064540276652	10.8865778999833	0.0707897405572327	0.000446250659365535	5.05808040416801	0.318738678889593	0		0	0	0			P04075	ALDOA	Tbio	Enzyme	9606.ENSP00000378669
SOCS3	9021	true	true	false	0		true	true	true	1.2018594004701	10.3848740432993	0.0897966968129715	0.000895298290532934	4.60379590961864	-0.328720612823861	0		1.751	2	1	C0029453_disease_gda_osteopenia | C0238790_disease_gda_bone_destruction	C0030193_disease_gda_pain	O14543	SOCS3	Tbio		9606.ENSP00000330341
KIAA1191	57179	true	true	false	0					0.532742817533615	11.5129120104173	0.0903211437753194	0.000957497667082125	4.56095743425934	-0.391503554249962	0		0	0	0			Q96A73	KIAA1191	Tdark	Enzyme	9606.ENSP00000298569
FIGN	55137	true	true	false	0					-0.912527469103859	5.85540189960893	0.0423353560465312	2.63809619693656e-05	-7.14286768890691	2.85184959201418	0		0	0	0			Q5HY92	FIGN	Tbio	Enzyme	9606.ENSP00000333836
NFIA	4774	true	true	false	0					-0.541986356526204	9.06565292460148	0.0463736343354058	0.000108920912780888	-6.04398091439406	1.60503790454016	0		0	0	0			Q12857	NFIA	Tbio	TF	9606.ENSP00000360231
MRAP2	112609	true	true	false	2	human_compartment_plasma_membr_GO0005886 | location_membrane_predicted				-0.953158358442059	7.77958484901363	0.0970323686194543	0.00138656625842248	-4.32765422965042	-0.738440377803634	0		0	0	0			Q96G30	MRAP2	Tbio		9606.ENSP00000257776
HABP4	22927	true	true	false	0		true			-0.618433897607964	7.83636895863883	0.0920412045659289	0.00113542416729241	-4.45297646449261	-0.551037067209529	0		0	0	0			Q5JVS0	HABP4	Tbio		9606.ENSP00000364398
PGK1	5230	true	true	false	1	human_compartment_extra_space_GO0005615	true			1.38398685024978	5.82260696534752	0.0436925968452839	9.00576006301987e-05	6.18459825642935	1.77528630725391	0		1.009	0	0			P00558	PGK1	Tchem	Kinase	9606.ENSP00000362413
KDM4B	23030	true	true	false	0		true	true	true	0.743923884080591	10.1214320689866	0.0984355114389098	0.00151750819898069	4.27149329226646	-0.823186102528292	0		1.128	1	0	C0238790_disease_gda_bone_destruction		O94953	KDM4B	Tchem	Epigenetic	9606.ENSP00000159111
RXYLT1	10329	true		false	1	human_compartment_plasma_membr_GO0005886				-0.960983560117335	8.08812490741423	0.0984355114389098	0.00160895837406887	-4.23521442166884	-0.878176087570028	0		0	0	0			Q9Y2B1	TMEM5	Tbio		9606.ENSP00000261234
TEX2	55852	true	true	false	1	location_membrane_predicted				-0.792581554671264	8.96051611497474	0.0428497159140534	6.65707217673387e-05	-6.41216285903486	2.04399557165834	0		0	0	0			Q8IWB9	TEX2	Tbio		9606.ENSP00000258991
ANKRD44	91526	true	true	false	0		true			-0.655832019745016	7.33184721279423	0.0796110607726074	0.000583492258585687	-4.88084386604309	0.0701751206199512	0		0	0	0			Q8N8A2	ANKRD44	Tdark	Enzyme	9606.ENSP00000282272
ZNF395	55893	true	true	false	0					1.97072327265519	11.3899880536733	0.0477004156850729	0.000123469583309076	5.95234181775273	1.4923384596985	0		0	0	0			Q9H8N7	ZNF395	Tbio		9606.ENSP00000340494
UBE2D2	7322	true		false	2	human_compartment_extra_region_GO0005576 | human_compartment_extra_space_GO0005615	true			-0.380508322418504	7.77198701179135	0.0932358218860028	0.00122455254514259	-4.40542368004503	-0.621865308284549	0		1.073	0	0			P62837	UBE2D2	Tbio		9606.ENSP00000381717
DMAC1	90871	true		false	1	location_membrane_predicted				-0.566554490757643	7.65508679234583	0.0995289021652305	0.00171272533205435	-4.19658614757105	-0.936936191738783	0		0	0	0			Q96GE9	TMEM261	Tbio		9606.ENSP00000350961
BARD1	580	true	true	false	0		true			-0.681135518269544	8.73492034044157	0.0796110607726074	0.000584508210047692	-4.87970364145959	0.0685591341443832	0		1.047	0	0			Q99728	BARD1	Tbio		9606.ENSP00000260947
MT3	4504	true		false	1	human_compartment_plasma_membr_GO0005886				1.45331127013158	7.99036872626039	0.063873064073423	0.000310306518824316	5.30311236906714	0.653712375679756	0		0	0	1		glad4u_axon_outgrowth	P25713	MT3	Tbio		9606.ENSP00000200691
WDR54	84058	true	true	false	0					1.00427074052956	11.1154235896346	0.0428497159140534	3.24545798809316e-05	6.97468801489828	2.67313416505276	0		0	0	0			Q9H977	WDR54	Tdark		9606.ENSP00000006526
BET1L	51272	true		false	1	location_membrane_predicted	true			0.324135147442414	8.94433493310015	0.0984355114389098	0.00154619541757077	4.25987088317479	-0.840782007656196	0		0	0	0			Q9NYM9	BET1L	Tbio		9606.ENSP00000372210
HSD11B1L	374875	true		false	2	location_membrane_predicted | location_secreted_all				0.391384273169575	7.1257208249297	0.0984355114389098	0.00160420950081337	4.2370443743539	-0.875397747083912	0		0	0	0			Q7Z5J1	HSD11B1L	Tdark	Enzyme	9606.ENSP00000480443
WDR45B	56270	true	true	false	0					0.431605500765681	11.2310506938457	0.0984355114389098	0.00154391688940398	4.26078568989954	-0.839396308606616	0		0	0	0			Q5MNZ6	WDR45B	Tbio		9606.ENSP00000376139
RAD51D	5892	true		false	0					-0.502487160926813	5.69705377527666	0.0903211437753194	0.000950463974519454	-4.56565193210814	-0.384609246385658	0		0	0	0			O75771	RAD51D			9606.ENSP00000466399
PHF21A	51317	true	true	false	0		true			1.12252602833106	10.0477830311424	0.0543233208052357	0.000145820437402608	5.83200302316217	1.3422296081455	0		0	0	0			Q96BD5	PHF21A	Tbio	Epigenetic	9606.ENSP00000398824
HAUS8	93323	true	true	false	0					-0.594374645587811	7.26528350734724	0.0671808465171165	0.000381144719001449	-5.16372820664632	0.464405017103759	0		0	0	0			Q9BT25	HAUS8	Tbio		9606.ENSP00000253669
NAV1	89796	true	true	false	0					0.670235770016566	11.2812717449816	0.0428497159140534	7.58705417365889e-05	6.31305738359843	1.92799814119513	0		0	0	1		glad4u_axon_growth	Q8NEY1	NAV1	Tbio		9606.ENSP00000356265
SMAD3	4088	true	true	false	2	human_compartment_extra_space_GO0005615 | human_compartment_plasma_membr_GO0005886	true	true	true	0.527055978307557	10.1141370318564	0.0915703122985216	0.00107072812123045	4.49002956581166	-0.496089155583293	0		1.712	7	2	C0029453_disease_gda_osteopenia | C0029464_disease_gda_osteosclerosis | glad4u_bone_degradation | glad4u_bone_formation | glad4u_osteoblast_differentiation | glad4u_osteoclastogenesis | go_terms_genes_bone	C0030193_disease_gda_pain | human_pain_genetics	P84022	SMAD3	Tbio	TF	9606.ENSP00000332973
PHPT1	29085	true	true	false	1	human_compartment_extra_region_GO0005576				0.315387695289608	7.26953472528544	0.0995289021652305	0.00170636098874025	4.1988836936535	-0.93343526171394	0		0	0	0			Q9NRX4	PHPT1	Tbio	Enzyme	9606.ENSP00000247665
KCTD11	147040	true	true	false	0		true			1.19334883832502	8.7746422927017	0.0873143762772258	0.000822690429686127	4.65797417491239	-0.249736827874211	0		0	0	0			Q693B1	KCTD11	Tbio		9606.ENSP00000328352
STAT5A	6776	true	true	false	1	human_compartment_extra_region_GO0005576	true	true	true	-0.321286791663411	8.4144459823217	0.0904609254822673	0.00101466094156124	-4.52410474409383	-0.445745745114565	0		2.17	1	0	glad4u_bone_degradation		P42229	STAT5A	Tchem	TF	9606.ENSP00000341208
NPL	80896	true	true	false	0					-0.581194177924397	4.6790859973376	0.0640383810480524	0.000334588415983018	-5.25182198901009	0.584432346261622	0		0	0	0			Q9BXD5	NPL	Tbio	Enzyme	9606.ENSP00000258317
VANGL1	81839	true	true	true	1	location_membrane_predicted	true			-0.729655110051082	8.26016680476187	0.0927053578872501	0.00119981049897217	-4.41824883490638	-0.602728584380676	0		0	0	0			Q8TAA9	VANGL1	Tbio		9606.ENSP00000347672
POLE2	5427	true	true	false	0					-0.925283587428462	9.22881854432976	0.0903211437753194	0.000961139580007713	-4.55854100967446	-0.39505365539506	0		0	1	0	tissue_category_rna_bone		P56282	POLE2	Tbio	Enzyme	9606.ENSP00000216367
FAM98A	25940	true	true	false	0					-0.646593446663417	11.5818415594941	0.0984355114389098	0.00144230444733616	-4.30309359708233	-0.775444546020633	0		0	0	0			Q8NCA5	FAM98A	Tdark		9606.ENSP00000238823
FAM162A	26355	true	true	false	1	location_membrane_predicted				1.73592769273738	12.676188619479	0.0428497159140534	4.46644687378663e-05	6.72078948412373	2.39524488079487	0		0	0	0			Q96A26	FAM162A	Tbio		9606.ENSP00000419088
DDR1	780	true	true	false	5	human_compartment_extra_space_GO0005615 | human_compartment_plasma_membr_GO0005886 | location_membrane_predicted | location_secreted_all | surfaceome_insilico_fulllist			true	0.456914677162346	8.16289319605262	0.0709316339403483	0.000452205316559597	5.04924872397877	0.30647682339018	0		1.017	0	1		C0030193_disease_gda_pain	Q08345	DDR1	Tchem	Kinase	9606.ENSP00000427552
TXNRD1	7296	true	true	false	0		true			-0.487273227729581	11.4547405949324	0.058609573608025	0.00022895452702376	-5.51274327220749	0.932250901086618	0		1.272	0	0			Q16881	TXNRD1	Tclin	Enzyme	9606.ENSP00000434516
ACVR2B	93	true	true	false	3	human_compartment_plasma_membr_GO0005886 | location_membrane_predicted | surfaceome_insilico_fulllist	true	true	true	0.549052463251405	6.93869501568932	0.0428497159140534	7.59318028629558e-05	6.3124486894	1.92728082185122	0		1.101	3	0	glad4u_bone_degradation | glad4u_bone_formation | go_terms_genes_bone		Q13705	ACVR2B	Tchem	Kinase	9606.ENSP00000340361
TSEN34	79042	true	true	false	0					0.406597709772088	10.2168597413507	0.0915703122985216	0.00105349863082134	4.50029644171673	-0.480901582577724	0		0	0	0			Q9BSV6	TSEN34	Tdark	Enzyme	9606.ENSP00000397402
BEST1	7439	true	true	false	1	location_membrane_predicted	true			0.419303738517137	6.16780367245879	0.0970323686194543	0.00138110726546119	4.33011536671755	-0.734737259524969	0		0	2	0	C0029453_disease_gda_osteopenia | C0029464_disease_gda_osteosclerosis		O76090	BEST1	Tbio	IC	9606.ENSP00000399709
ENO1	2023	true	true	false	2	human_compartment_extra_space_GO0005615 | human_compartment_plasma_membr_GO0005886	true	true	true	0.561002067828939	12.8966010018459	0.0428497159140534	5.25132503466432e-05	6.59445931248629	2.25327769938152	0		1.128	0	1		C0030193_disease_gda_pain	P06733	ENO1	Tchem	Enzyme	9606.ENSP00000234590
PRPF4B	8899	true	true	false	0		true			-0.565483423979499	10.3501421045605	0.0984355114389098	0.00153618385077903	-4.26390104646613	-0.834678252904892	0		0	0	0			Q13523	PRPF4B	Tchem	Kinase	9606.ENSP00000337194
GPD1L	23171	true	true	false	1	human_compartment_extra_space_GO0005615				-0.764828001109329	8.81965964118171	0.0671808465171165	0.000368299068608666	-5.18683831866214	0.496018945074518	0		0	0	0			Q8N335	GPD1L	Tbio	Enzyme	9606.ENSP00000282541
FBXO41	150726	true	true	false	0					0.498303428503213	6.39365531925063	0.063873064073423	0.0003047161015307	5.31552737966092	0.670415083409075	0		0	0	0			Q8TF61	FBXO41	Tdark		9606.ENSP00000428646
SLC6A6	6533	true	true	false	3	human_compartment_plasma_membr_GO0005886 | location_membrane_predicted | surfaceome_insilico_fulllist				1.7930959185507	9.95945888019515	0.063873064073423	0.00033066297190728	5.25983938114297	0.595291044042502	0		0	0	1		pain_genes_PMID_27548044	P31641	SLC6A6	Tbio	Transporter	9606.ENSP00000480890
EGLN1	54583	true		false	0		true			1.0452515114394	9.04215240779298	0.0397784984638697	1.1440465477098e-05	7.85012515699962	3.55881847853544	0		1.111	1	0	C0029453_disease_gda_osteopenia		Q9GZT9	EGLN1	Tclin		9606.ENSP00000355601
UBE2R2	54926	true	true	false	0		true			0.447212525592583	9.13614738090267	0.0833588988762373	0.000708685720501151	4.7541821842679	-0.11064428733831	0		0	0	0			Q712K3	UBE2R2	Tbio		9606.ENSP00000263228
C4orf3	401152	true	true	false	2	human_compartment_plasma_membr_GO0005886 | location_membrane_predicted				0.769733064880405	12.8517509936054	0.0474718718983288	0.000120283338656981	5.97138307281603	1.51586997063086	0		0	0	0			Q8WVX3	ENSP00000382026			9606.ENSP00000382026
SLC44A2	57153	true	true	false	3	human_compartment_extra_region_GO0005576 | location_membrane_predicted | surfaceome_insilico_fulllist				0.404528069281232	8.41124504244419	0.0920412045659289	0.00115652581755967	4.44137104703664	-0.568290939402993	0		0	0	0			Q8IWA5	SLC44A2	Tbio	Transporter	9606.ENSP00000336888
MAP4K1	11184	true	true	false	0		true	true	true	0.407533124039381	6.16333558725208	0.0904609254822673	0.000995317786948506	4.53632408315393	-0.427736868004149	0		0	0	0			Q92918	MAP4K1	Tchem	Kinase	9606.ENSP00000465039
POLD4	57804	true	true	false	0					0.658539943336738	9.80894246020856	0.0671808465171165	0.000402458558866283	5.12715465010807	0.414189859758824	0		0	0	0			Q9HCU8	POLD4	Tdark	Enzyme	9606.ENSP00000311368
GYS1	2997	true	true	false	0		true			1.63963024859408	9.17129118404074	0.0474718718983288	0.000120602493078872	5.96945154566176	1.5134856913331	0		0	0	0			P13807	GYS1	Tchem	Enzyme	9606.ENSP00000317904
TAF9B	51616	true	true	false	0		true			-1.04983584927171	8.82625621298213	0.0807191503595902	0.000663596234600066	-4.79685203639403	-0.0494358502612666	0		0	0	0			Q9HBM6	TAF9B	Tbio		9606.ENSP00000339917
ELAC1	55520	true		false	0					-0.930632237113009	7.73214510212799	0.0707897405572327	0.00044790747548436	-5.05561056163314	0.315310878830462	0		0	0	0			Q9H777	ELAC1	Tbio	Enzyme	9606.ENSP00000269466
RWDD4	201965	true	true	false	0					-0.604036151897862	10.7592813849734	0.0428497159140534	6.09102618612475e-05	-6.48007251866713	2.1225734092878	0		0	0	0			Q6NW29	RWDD4	Tdark		9606.ENSP00000388920
FZD3	7976	true	true	true	3	human_compartment_plasma_membr_GO0005886 | location_membrane_predicted | surfaceome_insilico_fulllist	true			0.70902221875554	5.81448061452243	0.0696938158949063	0.0004333783687138	5.07760814664309	0.345804502558717	0		0	0	1		glad4u_axon_growth	Q9NPG1	FZD3	Tbio	GPCR	9606.ENSP00000437489
NEXN	91624	true	true	false	1	human_compartment_plasma_membr_GO0005886	true	true	true	-0.828307278290149	10.6088982964439	0.0428497159140534	5.41826102085543e-05	-6.57021913345213	2.22575182174969	0		0	0	1		go_terms_genes_neuron	Q0ZGT2	NEXN	Tbio		9606.ENSP00000333938
SCRN3	79634	true	true	false	0					-0.587876254883769	6.04351809419384	0.0873143762772258	0.000815159281451044	-4.66388124174715	-0.241153636489319	0		0	0	0			Q0VDG4	SCRN3	Tbio	Enzyme	9606.ENSP00000272732
SYTL3	94120	true	true	true	1	human_compartment_plasma_membr_GO0005886	true			0.74536442793132	7.0356241496001	0.0807191503595902	0.000656854537298437	4.80349517201412	-0.0399332846981029	0		0	0	0			Q4VX76	SYTL3	Tbio		9606.ENSP00000483936
ELL2	22936	true	true	false	0					0.827078621624924	10.1187661917347	0.0978144202688574	0.00142002265712401	4.31279002949663	-0.760824765668657	1.207	TIGA	1.565	0	0			O00472	ELL2	Tbio	Enzyme	9606.ENSP00000237853
ENY2	56943	true	true	false	0		true			-0.427553391263229	7.44937734005104	0.0724133740157999	0.00047553600997817	-5.01579884353702	0.259916876371375	0		0	0	0			Q9NPA8	ENY2	Tbio		9606.ENSP00000429986
CHSY3	337876	true	true	false	1	location_secreted_all	true			-0.968358892761826	9.42947182710552	0.0806311871850957	0.000635814966524491	-4.82470174455266	-0.00964711093804738	0		0	0	0			Q70JA7	CHSY3	Tdark	Enzyme	9606.ENSP00000302629
PIH1D1	55011	true	true	false	0		true			0.478789580406081	10.3764675728775	0.0724133740157999	0.000468697382393865	5.0254195560333	0.273327416944208	0		0	0	0			Q9NWS0	PIH1D1	Tbio		9606.ENSP00000262265
SLCO3A1	28232	true	true	false	3	human_compartment_plasma_membr_GO0005886 | location_membrane_predicted | surfaceome_insilico_fulllist				-0.752121137998292	7.38570002058095	0.0629112327925003	0.000289496613367847	-5.3505976660558	0.717456761935087	0		0	0	0			Q9UIG8	SLCO3A1	Tbio	Transporter	9606.ENSP00000320634
ZFAND4	93550	true	true	false	0					-0.777732189490395	6.00577273495928	0.0675546901516944	0.000411247514584661	-5.1126697276996	0.394240031120286	0		0	0	0			Q86XD8	ZFAND4	Tdark		9606.ENSP00000339484
NXPE3	91775	true	true	false	2	data_SPDI_secreted_transmembrane | location_secreted_all				-0.641706815900259	6.78433911116497	0.063873064073423	0.000324921040991117	-5.27175140703772	0.611404576358251	0		0	0	0			Q969Y0	NXPE3	Tdark		9606.ENSP00000396421
STARD7	56910	true	true	false	1	location_secreted_all				-0.387322918743676	11.3569249485513	0.0915703122985216	0.00109520556696256	-4.47573966572779	-0.51725517789582	0		0	0	0			Q9NQZ5	STARD7	Tbio		9606.ENSP00000338030
GLCE	26035	true	true	false	1	location_secreted_all				-0.391660552230658	8.23660046521795	0.0724133740157999	0.000467379553806417	-5.02729064742991	0.275933779016564	0		0	0	0			O94923	GLCE	Tbio	Enzyme	9606.ENSP00000261858
PRKCD	5580	true	true	false	2	human_compartment_extra_region_GO0005576 | human_compartment_extra_space_GO0005615	true	true	true	0.567491167193428	7.61171689101152	0.0984355114389098	0.00152499999923505	4.26843589890959	-0.827812972144715	0		1.57	0	4		C0030193_disease_gda_pain | pain_genes_PMID_23567662 | pain_genes_PMID_27548044 | pain_related_genes	Q05655	PRKCD	Tclin	Kinase	9606.ENSP00000378217
STRADA	92335	true	true	false	0		true			-0.415519490425723	8.66592023892113	0.0995289021652305	0.00171125534257587	-4.19711602079897	-0.93612872048306	0		0	0	0			Q7RTN6	STRADA	Tbio	Kinase	9606.ENSP00000336655
SERPINB6	5269	true	true	false	1	matrisomedb_human_healthy	true			0.307296312200235	10.6469347627245	0.0796110607726074	0.000581589163326052	4.88298543306627	0.0732096817395176	0		0	0	0			P35237	SERPINB6	Tbio		9606.ENSP00000484343
PSMC3IP	29893	true	true	false	0					-0.70754853762991	8.24386759602665	0.0796110607726074	0.000572762502705993	-4.89301636449575	0.0874132339350018	0		0	1	0	C0029453_disease_gda_osteopenia		Q9P2W1	PSMC3IP	Tbio		9606.ENSP00000377384
RRAGD	58528	true	true	false	0		true			2.1977388805274	6.25400933034023	0.0953703977012023	0.00129672232049372	4.36951869626039	-0.675572974786438	0		0	0	0			Q9NQL2	RRAGD	Tbio		9606.ENSP00000358423
TPMT	7172	true	true	false	0					-0.640485936129347	7.43510733887883	0.0850375567835774	0.000754614662863366	-4.71357850161005	-0.169164269596366	0		0	0	0			P51580	TPMT	Tchem	Enzyme	9606.ENSP00000312304
STIM2	57620	true	true	false	1	location_membrane_predicted	true	true	true	-0.36840365000598	6.09184575400592	0.094085220241761	0.00124472825168853	-4.39516606764345	-0.637188975719236	0		0	0	0			Q9P246	STIM2	Tbio		9606.ENSP00000417569
WDR73	84942	true	true	false	0					1.57955288599258	6.45046772713611	0.0587876641723405	0.000262067527946873	5.41907621431959	0.808711876915242	0		0	0	0			Q6P4I2	WDR73	Tbio		9606.ENSP00000387982
CAMK2G	818	true	true	false	1	location_membrane_predicted	true	true	true	-0.457178949131377	8.35747476576937	0.0963226274830534	0.00132050002205701	-4.35814857158278	-0.692621349774619	0		0	0	2		pain_genes_PMID_23567662 | pain_genes_PMID_27548044	Q13555	CAMK2G	Tchem	Kinase	9606.ENSP00000319060
ANGPTL4	51129	true	true	true	3	data_SPDI_secreted_transmembrane | location_secreted_all | matrisomedb_human_healthy	true	true	true	2.02934473276923	9.50372013951885	0.0428497159140534	4.78359023420051e-05	6.66706587619297	2.33517527275627	0		0	2	0	C0238790_disease_gda_bone_destruction | glad4u_bone_destruction		Q9BY76	ANGPTL4	Tbio		9606.ENSP00000301455
MLLT1	4298	true	true	false	0		true			0.372318583284232	10.7092365217407	0.0763051055790632	0.000522960274665975	4.95287771451318	0.1718288229149	0		1.176	0	0			Q03111	MLLT1	Tbio		9606.ENSP00000252674
PAQR7	164091	true	true	false	1	location_membrane_predicted				0.442735412553705	8.11620157866295	0.0814841461125394	0.000683526295163187	4.77762395626663	-0.0769810568867983	0		0	0	0			Q86WK9	PAQR7	Tbio		9606.ENSP00000363414
PPP1R16A	84988	true	true	false	1	human_compartment_plasma_membr_GO0005886				0.514901292843614	6.67912061120642	0.0806311871850957	0.000637310198948321	4.82317024423254	-0.0118318505513511	0		0	0	0			Q96I34	PPP1R16A	Tdark	Enzyme	9606.ENSP00000292539
STAT3	6774	true	true	false	1	human_compartment_extra_region_GO0005576	true	true	true	0.447514902678318	10.7584834935136	0.0991986657443091	0.00166733036826597	4.21317370661038	-0.911677502840293	0		2.833	2	3	C0029453_disease_gda_osteopenia | C0238790_disease_gda_bone_destruction	C0020429_disease_gda_hyperalgesia | C0030193_disease_gda_pain | C0151825_disease_gda_bone_pain	P40763	STAT3	Tchem	TF	9606.ENSP00000264657
SLC35D1	23169	true	true	false	1	location_membrane_predicted				-0.586428982031991	9.26650408397488	0.0903211437753194	0.000919399578035406	-4.58683394571247	-0.353544827952959	0		0	0	0			Q9NTN3	SLC35D1	Tbio	Transporter	9606.ENSP00000235345
ABHD15	116236	true	true	false	3	data_SPDI_secreted_transmembrane | human_compartment_extra_region_GO0005576 | location_secreted_all				-0.783004148256317	6.94207746916151	0.0970323686194543	0.00135856978802561	-4.34038575261298	-0.719293810897057	0		0	0	0			Q6UXT9	ABHD15	Tdark	Enzyme	9606.ENSP00000302657
KISS1R	84634	true	true	false	2	location_membrane_predicted | surfaceome_insilico_fulllist				2.50575167889487	6.60017970326742	0.0915703122985216	0.00109790530695157	4.47418423633574	-0.51956097238553	0		0	2	0	C0029453_disease_gda_osteopenia | C2674432_disease_gda_reduced_bone_mineral_density		Q969F8	KISS1R	Tchem	GPCR	9606.ENSP00000234371
TRIT1	54802	true	true	false	0					0.509776594167203	9.78488602934726	0.0559242982191174	0.000173115449278098	5.70938932698901	1.18679868412155	0		0	0	0			Q9H3H1	TRIT1	Tbio	Enzyme	9606.ENSP00000321810
RARA	5914	true	true	false	0		true	true	true	0.617631363289687	7.44472831589913	0.0428497159140534	6.17884334995216e-05	6.46910236091857	2.10992959596541	0		1.73	0	1		C0151825_disease_gda_bone_pain	P10276	RARA	Tclin	NR	9606.ENSP00000254066
EPOR	2057	true	true	false	4	human_compartment_plasma_membr_GO0005886 | location_membrane_predicted | location_secreted_all | surfaceome_insilico_fulllist	true	true	true	0.717274048131126	6.97608764339357	0.0984355114389098	0.00153862336533877	4.26291647889698	-0.83616917947429	0		1.408	1	0	glad4u_bone_degradation		P19235	EPOR	Tclin		9606.ENSP00000222139
PRELID2	153768	true	true	false	0					0.734226542945009	8.84965782578873	0.0809633987274058	0.000675277124847503	4.78550954552333	-0.0656772330101418	0		0	0	0			Q8N945	PRELID2	Tdark		9606.ENSP00000335675
OGA	10724	true		false	0		true			0.605557712152279	9.62982369045256	0.0920412045659289	0.00115011298995894	4.44487417110735	-0.56308063102854	0		0	0	0			O60502	MGEA5	Tchem	Enzyme	9606.ENSP00000354850
KDM5B	10765	true	true	false	0		true	true	true	0.780919533075748	9.30610570690008	0.058609573608025	0.000234274025103398	5.49675571537653	0.911269477323404	0		1.2	0	0			Q9UGL1	KDM5B	Tchem	TF; Epigenetic	9606.ENSP00000356234
ADAT1	23536	true	true	false	0					-0.926469033503388	8.29434465976494	0.0456896760858179	0.00010105411911274	-6.09917755837709	1.67225197238995	0		0	0	0			Q9BUB4	ADAT1	Tbio	Enzyme	9606.ENSP00000310015
CEP250	11190	true	true	false	1	human_compartment_extra_region_GO0005576				0.614239989515625	7.92137231296333	0.058609573608025	0.000249175324398164	5.45395570843424	0.85488812484328	0		0	0	0			Q9BV73	CEP250	Tbio		9606.ENSP00000380661
PYGL	5836	true	true	false	2	human_compartment_extra_space_GO0005615 | human_compartment_plasma_membr_GO0005886				1.23558059291232	10.7102298951903	0.0915703122985216	0.00112003471587473	4.46158469453616	-0.53825254735046	0		0	0	0			P06737	PYGL	Tchem	Enzyme	9606.ENSP00000216392
B4GALT6	9331	true	true	false	1	location_secreted_all				-0.955114914938799	7.17441985083112	0.0932358218860028	0.00122021016787294	-4.40765469651653	-0.618534552247993	0		0	0	0			Q9UBX8	B4GALT6	Tbio	Enzyme	9606.ENSP00000306459
VEGFA	7422	true	true	true	2	location_secreted_all | matrisomedb_human_healthy	true	true	true	2.06956674369333	8.4202495183862	0.058609573608025	0.00022139942611442	5.53614543971966	0.962885196730378	0		2.803	6	5	C0029464_disease_gda_osteosclerosis | C0238790_disease_gda_bone_destruction | glad4u_bone_degradation | glad4u_bone_formation | glad4u_bone_mineral_density | glad4u_osteoclastogenesis	C0020429_disease_gda_hyperalgesia | C0030193_disease_gda_pain | C0563625_disease_gda_analgesia | go_terms_genes_neuron | human_pain_genetics	P15692	VEGFA	Tclin		9606.ENSP00000478570
ANAPC7	51434	true	true	false	0		true			-1.05150872341547	7.0579779760272	0.0984355114389098	0.00157699053826937	-4.24764412407347	-0.859314126680736	0		0	0	0			Q9UJX3	ANAPC7	Tbio	Enzyme	9606.ENSP00000394394
DERA	51071	true	true	false	1	human_compartment_extra_region_GO0005576	true			-0.320399380476712	11.2057080191145	0.0796110607726074	0.000566261321378526	-4.90051004694951	0.0980132415798805	0		0	0	0			Q9Y315	DERA	Tbio	Enzyme	9606.ENSP00000416583
EFR3A	23167	true	true	false	0		true			-0.498215915978635	10.5578548512738	0.058609573608025	0.00023071513377528	-5.50740827958184	0.925254267390032	0		0	0	0			Q14156	EFR3A	Tdark		9606.ENSP00000254624
CADM1	23705	true	true	true	3	human_compartment_plasma_membr_GO0005886 | location_membrane_predicted | surfaceome_insilico_fulllist	true	true	true	2.03336054922876	8.09522173306421	0.0970323686194543	0.00139534611187021	4.32371722739804	-0.744366013865292	0		1.37	0	0			Q9BY67	CADM1	Tbio		9606.ENSP00000329797
DHRS11	79154	true	true	false	3	data_SPDI_secreted_transmembrane | human_compartment_extra_region_GO0005576 | location_secreted_all				-0.497588138194669	5.71136769924495	0.0903211437753194	0.000958817711655633	-4.56008045877504	-0.392791860237484	0		0	0	0			Q6UWP2	DHRS11	Tbio	Enzyme	9606.ENSP00000482704
SMAGP	57228	true	true	false	1	location_membrane_predicted				-0.617209312656685	9.83193603506275	0.0953703977012023	0.00127432415016353	-4.38043184743972	-0.659228124442707	0		0	0	0			Q0VAQ4	SMAGP	Tdark		9606.ENSP00000475068
TLE3	7090	true	true	false	0		true	true	true	0.808027197793098	7.31713695786138	0.0423353560465312	2.55069561521811e-05	7.17047652006401	2.88078740639409	0		0	0	0			Q04726	TLE3	Tbio		9606.ENSP00000452871
C1orf216	127703	true	true	false	0					-0.545848627064212	9.38299250124894	0.0904609254822673	0.00101351397543164	-4.52482241104876	-0.444687399516928	0		0	0	0			Q8TAB5	C1orf216	Tdark		9606.ENSP00000425166
GUCY1B1	2983	true		false	0					-0.960342944082949	7.19531283998692	0.0920412045659289	0.00117196313374104	-4.43302145574911	-0.580717156667178	0		0	0	3		pain_genes_PMID_23567662 | pain_genes_PMID_27548044 | pain_related_genes	Q02153	GUCY1B3	Tclin	Enzyme	9606.ENSP00000264424
DPCD	25911	true		false	0		true			0.867812035894994	9.90245828136216	0.0873143762772258	0.000821367135215709	4.65900794838316	-0.248234311230182	0		0	0	0			Q9BVM2	DPCD	Tbio		9606.ENSP00000359170
FAM126A	84668	true	true	false	1	human_compartment_extra_region_GO0005576	true			-0.636032215628648	9.39773953490108	0.0428497159140534	6.90099959961001e-05	-6.38479139909875	2.01211622013825	0		0	0	0			Q9BYI3	FAM126A	Tbio		9606.ENSP00000403396
EIF4EBP1	1978	true	true	false	1	human_compartment_extra_space_GO0005615	true			0.551995788950324	10.4961026800928	0.0587876641723405	0.000261107094768169	5.42161082392993	0.812074317890878	0		2.048	0	1		C0020429_disease_gda_hyperalgesia	Q13541	EIF4EBP1	Tbio		9606.ENSP00000340691
PFKP	5214	true	true	false	1	human_compartment_extra_space_GO0005615	true			0.557282996129917	12.0093359846104	0.0671808465171165	0.000379010093073733	5.16751053242772	0.469585276752562	0		0	0	0			Q01813	PFKP	Tbio	Kinase	9606.ENSP00000370517
CMKLR2	2825	true		false	3	human_compartment_plasma_membr_GO0005886 | location_membrane_predicted | surfaceome_insilico_fulllist	true			-0.620424469683377	8.42021715933681	0.0970323686194543	0.0013632616339517	-4.33823295600355	-0.722529638573476	0		0	0	0			P46091	GPR1	Tbio	GPCR	9606.ENSP00000480405
PGBD1	84547	true	true	false	0					-0.694495009391436	7.43280796059361	0.0873143762772258	0.000826316461530416	-4.65515046678117	-0.253841762611218	0		0	0	0			Q96JS3	PGBD1	Tbio		9606.ENSP00000259883
PRKD2	25865	true	true	false	0					0.508829686167201	7.54502115444242	0.0984355114389098	0.0015827886254358	4.24537016929562	-0.862763159431815	0		0	0	0			Q9BZL6	PRKD2	Tchem	Kinase	9606.ENSP00000393978
UBR5	51366	true	true	false	0		true			0.328370280906384	10.4098306117336	0.0904609254822673	0.00100773268121577	4.52845292469889	-0.439334707174005	0		0	0	0			O95071	UBR5	Tbio	Enzyme	9606.ENSP00000429084
SLC2A3	6515	true		false	5	human_compartment_extra_region_GO0005576 | human_compartment_extra_space_GO0005615 | human_compartment_plasma_membr_GO0005886 | location_membrane_predicted | surfaceome_insilico_fulllist				1.44506303921433	10.4280461158225	0.0920412045659289	0.0011768588866514	4.43039769121704	-0.584624164100859	0		1.155	1	0	tissue_category_rna_bone		P11169	SLC2A3	Tchem	Transporter	9606.ENSP00000075120
GPI	2821	true	true	true	2	location_membrane_predicted | location_secreted_all	true	true	true	0.871369100935471	11.2255573845154	0.0904609254822673	0.00100805298112994	4.52825120913611	-0.439632054777856	0		1.037	1	1	C0238790_disease_gda_bone_destruction	C0030193_disease_gda_pain	P06744	GPI	Tbio	Enzyme	9606.ENSP00000405573
ADAL	161823	true	true	false	0					-0.526346093113901	6.68696147032901	0.0984355114389098	0.00145979866927634	-4.295590397938	-0.786767025142014	0		0	0	0			Q6DHV7	ADAL	Tbio	Enzyme	9606.ENSP00000398744
NT5DC3	51559	true	true	false	1	location_secreted_all				-0.499958894797115	7.85355176962086	0.0984355114389098	0.00152683029428458	-4.2676913584943	-0.828939920420545	0		0	0	0			Q86UY8	NT5DC3	Tdark	Enzyme	9606.ENSP00000376615
CCNE2	9134	true	true	false	0		true			-1.35766637786641	6.97715061198881	0.0886874312448333	0.000867234012747866	-4.62416611538479	-0.29896887539932	0		1.251	1	0	tissue_category_rna_bone		O96020	CCNE2	Tbio		9606.ENSP00000429089
