hgnc_symbol	ENTREZID	cell_type	sensory	ligand	num_sources_extracell	sources_extracell	sn_nb_ec1	sn_nb_ec1_r	sn_nb_r	logFC	AveExpr	adj.P.Val	P.Value	t	B	diseases_mm_conf	diseases_mm_source	diseases_mm_conf_tm	num_sources_bone	num_sources_pain	sources_bone	sources_pain	query.term	display.name	target..development.level	target..family	stringdb..database.identifier
DCAF4	73828	true	true	false	0		true			-0.644251091134743	6.37502445181826	0.0957662734607957	0.000717559685580405	-4.95213717489112	-0.0748966982831041	0		0	0	0			Q8WV16	DCAF4	Tdark		9606.ENSP00000351147
SALL4	99377	true	true	false	0		true			0.899261247252644	4.94179953260333	0.0589836378827269	0.000170283299603854	6.03549461336566	1.25634488611446	0		1.202	0	0			Q9UJQ4	SALL4	Tbio	TF	9606.ENSP00000217086
TTC21B	73668	true	true	false	0		true			-1.36635317270965	5.28438106742264	0.011724804996795	7.00755353927386e-06	-8.97978164002983	3.9917799966414	0		0	0	0			Q7Z4L5	TTC21B	Tbio		9606.ENSP00000243344
IL1RL1	17082	true		false	3	location_membrane_predicted | location_secreted_all | surfaceome_insilico_fulllist	true	true	true	-2.04604289748563	6.01338326782319	0.00704358388007592	2.20705810872074e-06	-10.2846840620241	4.87987943968189	0		0	1	1	C0029453_disease_gda_osteopenia	pain_genes_PMID_27548044	Q01638	IL1RL1	Tbio		9606.ENSP00000233954
BHLHE40	20893	true	true	false	0		true			-0.586345614887192	9.72920195368967	0.0957662734607957	0.000707872903099178	-4.96182052474197	-0.0621270887877516	0		0	0	0			O14503	BHLHE40	Tbio	TF	9606.ENSP00000256495
MDC1	240087	true	true	false	0		true			-0.770585049881122	6.19747778961288	0.0587890497417294	0.000127352947816031	-6.27011886335345	1.51932094433212	0		1.283	0	0			Q14676	MDC1	Tbio		9606.ENSP00000365588
MB21D2	239796	true	true	false	0					-1.14418216153236	5.00168199642455	0.0672231841193511	0.000267364802185628	-5.68223104435523	0.843664484008194	0		0	0	0			Q8IYB1	MB21D2	Tdark		9606.ENSP00000376246
RFC4	106344	true	true	false	0		true			-0.70507609252289	6.12050188360258	0.0957662734607957	0.000655999517711977	-5.01622073332277	0.00931816248561024	0		0	0	0			P35249	RFC4	Tbio		9606.ENSP00000376272
CCL15	20305,20308	true		true	2	human_compartment_extra_space_GO0005615 | location_secreted_all	true	true	true	0.680209519509487	6.32719517823917	0.0957662734607957	0.000776420781368593	4.89615780746594	-0.149026580012221	0		0	0	0			Q16663	CCL15	Tbio		9606.ENSP00000484078
CACNB3	12297	true	true	false	1	human_compartment_plasma_membr_GO0005886	true	true	true	-0.967691306378265	6.64396084290997	0.0674408118792157	0.000312381487437347	-5.56337260895561	0.70020598903344	0		0	0	4		go_terms_genes_neuron | pain_genes_PMID_23567662 | pain_genes_PMID_27548044 | pain_related_genes	P54284	CACNB3	Tbio	IC	9606.ENSP00000301050
FOXO4	54601	true	true	false	0		true	true	true	-0.797678485294391	4.65075145153135	0.0587890497417294	0.00011755958967905	-6.33577138857304	1.59135168286699	0		1.349	0	0			P98177	FOXO4	Tbio	TF	9606.ENSP00000363377
TMEM247	78469	true	true	false	1	location_membrane_predicted				0.61664917455683	2.96036539306382	0.0871569941985712	0.000520910414574586	5.18293963166151	0.225169061675494	0		0	0	0			A6NEH6	TMEM247	Tdark		9606.ENSP00000388684
FDPS	110196	true	true	false	0					-1.03640583455847	8.68099389966353	0.0880394280320469	0.000530569319248814	-5.1695491366783	0.208005440705026	0		2.119	3	1	glad4u_bone_degradation | glad4u_bone_mineral_density | glad4u_bone_resorption	C0030193_disease_gda_pain	P14324	FDPS	Tclin	Enzyme	9606.ENSP00000349078
UGGT2	66435	true	true	false	1	location_secreted_all				-0.705626912284381	4.40040528428061	0.0957662734607957	0.000729858931082961	-4.94004250132117	-0.0908683083449713	0		0	0	0			Q9NYU1	UGGT2	Tbio	Enzyme	9606.ENSP00000365938
GRK5	14773	true	true	false	1	human_compartment_plasma_membr_GO0005886	true	true	true	-0.938053074338184	6.84451422574572	0.0549790314578298	0.000102900880719102	-6.44605054392858	1.71083620271402	0		0	0	4		human_pain_genetics | pain_genes_PMID_23567662 | pain_genes_PMID_27548044 | pain_related_genes	P34947	GRK5	Tchem	Kinase	9606.ENSP00000376609
EREG	13874	true		true	5	human_compartment_plasma_membr_GO0005886 | location_membrane_predicted | location_secreted_all | matrisomedb_human_healthy | surfaceome_insilico_fulllist	true	true	true	1.08583450867805	4.92353095142905	0.0490242888751016	7.8134139057837e-05	6.67813536335685	1.95621151157967	0		1.058	1	2	tissue_category_rna_bone	C0030193_disease_gda_pain | human_pain_genetics	O14944	EREG	Tbio		9606.ENSP00000244869
CDHR1	170677	true	true	true	3	location_membrane_predicted | location_secreted_all | surfaceome_insilico_fulllist	true	true	true	-0.986234655601033	3.94531499942477	0.058953566649375	0.000161492487584203	-6.07787526948411	1.30449515266436	0		0	0	0			Q96JP9	CDHR1	Tbio		9606.ENSP00000485478
RAB30	75985	true	true	false	0					-0.812931799589756	6.1415433708561	0.0587890497417294	0.000141760403020484	-6.18288391695983	1.42256422798546	0		0	0	0			Q15771	RAB30	Tbio	Enzyme	9606.ENSP00000435189
JCAD	240185	true		false	0					-0.558150053046848	6.99579449560543	0.093817672340798	0.000602773171230349	-5.07706863103652	0.0886408312798128	0		0	0	0			Q9P266	KIAA1462	Tbio		9606.ENSP00000364526
FAT4	329628	true	true	true	2	location_membrane_predicted | surfaceome_insilico_fulllist	true	true	true	-0.775259037206844	4.57960950358048	0.098912717845159	0.000847344729025169	-4.83446317170148	-0.231333856505814	0		0	1	0	C0029453_disease_gda_osteopenia		Q6V0I7	FAT4	Tbio		9606.ENSP00000377862
AVL9	78937	true	true	false	1	location_membrane_predicted				-0.636242078058859	6.11810798519126	0.0851223047721275	0.000493012131597002	-5.22317004182979	0.276553673350961	0		0	0	0			Q8NBF6	AVL9	Tbio		9606.ENSP00000315568
AKR1B10	11997,14187,67861	true	true	false	2	human_compartment_extra_region_GO0005576 | location_secreted_all				-1.2127208408968	4.23898435340779	0.0218997074410961	1.96331673443436e-05	-7.93293148392928	3.14936231821747	0		0	0	0			O60218	AKR1B10	Tchem	Enzyme	9606.ENSP00000352584
ITIH4	16427	true		false	4	human_compartment_extra_region_GO0005576 | human_compartment_extra_space_GO0005615 | location_secreted_all | matrisomedb_human_healthy	true	true	true	1.07582117839598	7.5754568159357	0.0274293387784369	3.41534749208547e-05	7.41089540125932	2.67916421460471	0		1.322	0	2		C0020429_disease_gda_hyperalgesia | C0030193_disease_gda_pain	Q14624	ITIH4	Tbio		9606.ENSP00000266041
DCLK1	13175	true	true	false	1	location_membrane_predicted			true	-0.846576257455835	7.83869196462567	0.0794256357859116	0.000431016448415353	-5.32210717519836	0.401762506238843	0		0	0	0			O15075	DCLK1	Tchem	Kinase	9606.ENSP00000255448
STK40	74178	true	true	false	1	location_membrane_predicted	true			-0.579817899147527	6.46966344746821	0.0757027465022561	0.000394058364043726	-5.38868127525914	0.485088208762841	0		0	0	0			Q8N2I9	STK40	Tbio	Kinase	9606.ENSP00000362222
STMN1	16765	true	true	false	1	human_compartment_extra_space_GO0005615	true			-1.18015937495533	6.26664711311264	0.0674408118792157	0.000310053314262673	-5.56905269223184	0.7071150406128	0		1.116	0	1		C0030193_disease_gda_pain	P16949	STMN1	Tbio		9606.ENSP00000410452
TNC	21923	true	true	true	5	human_compartment_extra_region_GO0005576 | human_compartment_plasma_membr_GO0005886 | location_secreted_all | location_secreted_ecm | matrisomedb_human_healthy	true	true	true	-1.47000220386749	5.8154345741528	0.072524539669334	0.000361071760375738	-5.45405460227297	0.566187466504702	0		0	2	1	glad4u_bone_degradation | go_terms_genes_bone	go_terms_genes_neuron	P24821	TNC	Tbio		9606.ENSP00000265131
SEC24D	69608	true	true	false	0		true			-0.788943454359212	7.35969298576728	0.0957662734607957	0.000735677072754131	-4.93439711967967	-0.0983317290882821	0		0	3	0	C0029453_disease_gda_osteopenia | glad4u_bone_formation | glad4u_osteoclastogenesis		O94855	SEC24D	Tbio		9606.ENSP00000280551
SOCS7	192157	true	true	false	0					-0.68062749795272	5.90716471373874	0.0957662734607957	0.000700857679962146	-4.96892249066902	-0.0527716221125942	0		1.218	0	0			O14512	SOCS7	Tbio		9606.ENSP00000482229
OGFOD1	270086	true	true	false	0					-0.533022174959704	7.2234423669584	0.0999912221954681	0.000861563972498057	-4.82276164420695	-0.247016857536794	0		0	0	0			Q8N543	OGFOD1	Tbio	Enzyme	9606.ENSP00000457258
BBLN	73737	true		false	0					0.795640292457414	9.13958369386112	0.0679288174038788	0.000318025143737654	5.54979129267439	0.68366438728964	0		0	0	0			Q9BUW7	C9orf16	Tdark		9606.ENSP00000362085
SRPX2	68792	true	true	false	2	location_secreted_all | matrisomedb_human_healthy	true	true	true	-0.81677328094301	6.84696848630067	0.0672231841193511	0.000298692644218024	-5.59744686649715	0.741572257377129	0		0	0	0			O60687	SRPX2	Tbio		9606.ENSP00000362095
HPR	15439	true	true	false	2	human_compartment_extra_space_GO0005615 | location_secreted_all	true	true	true	1.16319693716588	11.4616085651208	0.0166656153916772	1.16206103936388e-05	8.45300086400325	3.58375337930686	0		0	0	1		C0030193_disease_gda_pain	P00739	HP	Tbio		9606.ENSP00000348170
FAM149A	212326	true	true	false	0					-0.604250924076766	8.40027031679505	0.0960547805157864	0.000789373383061298	-4.88445083724455	-0.164595891465487	0		0	0	0			A5PLN7	FAM149A	Tdark		9606.ENSP00000227065
FGFR2	14183	true	true	false	4	human_compartment_plasma_membr_GO0005886 | location_membrane_predicted | location_secreted_all | surfaceome_insilico_fulllist	true	true	true	0.664511475885001	6.26315989835554	0.094498834847651	0.000623717130355653	5.0524615680019	0.0566376504215151	0		1.775	7	0	C0029453_disease_gda_osteopenia | glad4u_bone_degradation | glad4u_bone_formation | glad4u_osteoblast_differentiation | glad4u_osteoblast_proliferation | glad4u_osteoclastogenesis | go_terms_genes_bone		P21802	FGFR2	Tclin	Kinase	9606.ENSP00000410294
SOD2	20656	true	true	false	2	human_compartment_extra_region_GO0005576 | human_compartment_extra_space_GO0005615	true			0.885543944969873	9.24414249722873	0.0672231841193511	0.000304061899011046	5.58388449702906	0.725130618188141	0		1.221	1	5	tissue_category_rna_bone	C0030193_disease_gda_pain | human_pain_genetics | pain_genes_PMID_23567662 | pain_genes_PMID_27548044 | pain_related_genes	P04179	SOD2	Tbio	Enzyme	9606.ENSP00000446252
SEMA3A	20346	true	true	true	4	human_compartment_extra_space_GO0005615 | human_compartment_plasma_membr_GO0005886 | location_secreted_all | matrisomedb_human_healthy	true	true	true	-1.80130419748763	6.50151513283207	0.00262127687624204	1.30554680557926e-07	-14.1937151527112	6.75922732647933	0		1.361	6	4	C0029453_disease_gda_osteopenia | C0238790_disease_gda_bone_destruction | C2674432_disease_gda_reduced_bone_mineral_density | glad4u_bone_degradation | glad4u_bone_formation | glad4u_osteoblast_differentiation	glad4u_axon_growth | glad4u_axon_guidance | glad4u_bone_pain | go_terms_genes_neuron	Q14563	SEMA3A	Tbio		9606.ENSP00000265362
FARP1	223254	true	true	false	0					-0.596759112954097	6.86561152946576	0.0947396343563316	0.000632289620666821	-5.04264476385968	0.0438417462171161	0		0	0	0			Q9Y4F1	FARP1	Tbio		9606.ENSP00000471242
CENPE	229841	true	true	false	0		true			-0.940378457154864	4.49483703603465	0.0595889568034754	0.000175104514961901	-6.01324699808958	1.23095315446792	0		1.051	1	0	tissue_category_rna_bone		Q02224	CENPE	Tchem		9606.ENSP00000265148
SLC9A3R2	65962	true	true	false	0		true	true	true	-1.19525807032874	5.54272943162477	0.011197579197521	6.1347430606998e-06	-9.12263528668447	4.09721863805542	0		0	0	0			Q15599	SLC9A3R2	Tbio	Transporter	9606.ENSP00000408005
NID2	18074	true	true	true	3	location_secreted_all | location_secreted_ecm | matrisomedb_human_healthy	true	true	true	-0.597194641659778	7.39650384629105	0.0957662734607957	0.00074672058293618	-4.92381210534993	-0.112339976691073	0		0	0	0			Q14112	NID2	Tbio		9606.ENSP00000216286
CCDC82	66396	true	true	false	0					-0.797389792150808	7.3984136344156	0.0587890497417294	0.000143679837777112	-6.17199322443452	1.41040044870347	0		0	0	0			Q8N4S0	CCDC82	Tdark		9606.ENSP00000278520
CTLA4	12477	true		false	3	location_membrane_predicted | location_secreted_all | surfaceome_insilico_fulllist	true	true	true	0.684125005646464	1.94199174624358	0.0757027465022561	0.000395895426971655	5.38521581285839	0.480769114406301	0		2.575	2	0	C0029453_disease_gda_osteopenia | C0238790_disease_gda_bone_destruction		P16410	CTLA4	Tclin		9606.ENSP00000303939
DEFB104A	246082,360211,442835	true		false	1	location_secreted_all				0.88355122347041	3.27150336390921	0.0672231841193511	0.000299548584612041	5.59526725729181	0.738931981675367	0		0	0	0			Q8WTQ1	DEFB104A	Tbio		9606.ENSP00000320813
HEATR5B	320473	true	true	false	0					-0.607262522680717	6.58759018786636	0.0957662734607957	0.000694393068224559	-4.9755349284829	-0.0440686419988232	0		0	0	0			Q9P2D3	HEATR5B	Tdark		9606.ENSP00000233099
FLRT2	399558	true	true	false	6	data_SPDI_secreted_transmembrane | human_compartment_extra_space_GO0005615 | human_compartment_plasma_membr_GO0005886 | location_membrane_predicted | location_secreted_all | surfaceome_insilico_fulllist	true	true	true	-0.882272369003327	6.28579298381059	0.0672231841193511	0.000275711669968254	-5.65863169608662	0.815367069298365	0		0	0	1		go_terms_genes_neuron	O43155	FLRT2	Tbio		9606.ENSP00000332879
CEMIP	80982	true	true	false	2	human_compartment_plasma_membr_GO0005886 | location_secreted_all				-1.13431779236587	4.01197298736853	0.0672231841193511	0.000267592183595941	-5.68157766559723	0.842882272348941	0		0	0	0			Q8WUJ3	CEMIP	Tbio		9606.ENSP00000378177
MAD2L1	56150	true	true	false	0		true			-0.998454118497155	6.22493296607681	0.0217837710113614	1.84442726961423e-05	-7.99353759278183	3.20168165629255	0		0	0	0			Q13257	MAD2L1	Tbio		9606.ENSP00000296509
FBXO10	269529	true	true	false	0		true			-1.01276396926674	3.83577086531285	0.0672231841193511	0.000284964712048411	-5.63335643286189	0.784957893089944	0		0	0	0			Q9UK96	FBXO10	Tbio		9606.ENSP00000403802
SHCBP1	20419	true	true	false	0		true			-0.989425585253612	4.96829865145674	0.0589836378827269	0.000166743664857554	-6.05226746784027	1.27543558388169	0		0	1	1	tissue_category_rna_bone	C0030193_disease_gda_pain	Q8NEM2	SHCBP1	Tbio		9606.ENSP00000306473
MINDY2	235461	true		false	0					-0.733633323599459	4.90418558120594	0.0672231841193511	0.000271664003601947	-5.66997788102432	0.828983502779302	0		0	0	0			Q8NBR6	FAM63B	Tbio		9606.ENSP00000452885
S1PR1	13609	true	true	false	2	location_membrane_predicted | surfaceome_insilico_fulllist	true	true	true	-1.08840898815477	4.64216168149575	0.0219804905440135	2.08003446725897e-05	-7.87721648387827	3.10085856326296	0		1.206	1	4	C0029453_disease_gda_osteopenia	C0020429_disease_gda_hyperalgesia | C0030193_disease_gda_pain | C0151825_disease_gda_bone_pain | pain_genes_PMID_27548044	P21453	S1PR1	Tclin	GPCR	9606.ENSP00000305416
BCOR	71458	true	true	false	0		true			0.567658063978054	5.71500756924634	0.0957662734607957	0.000673947260611539	4.99689176976477	-0.0160100302922945	0		0	0	1		C0151825_disease_gda_bone_pain	Q6W2J9	BCOR	Tbio		9606.ENSP00000367705
COQ8A	67426	true		false	0					-0.879195334803422	5.11244485760962	0.0794256357859116	0.00043089583313239	-5.32231429733163	0.402022899879608	0		0	0	0			Q8NI60	ADCK3	Tbio	Kinase	9606.ENSP00000355741
DRAM1	71712	true	true	false	1	location_membrane_predicted				0.988582398096586	9.46161491043689	0.0195210258960641	1.45838922423031e-05	8.22459001366629	3.39698576275368	0		1.134	0	0			Q8N682	DRAM1	Tbio		9606.ENSP00000258534
NDRG1	17988	true	true	false	0		true	true	true	-1.70353082614595	6.74009046223661	0.0672231841193511	0.000250283824300675	-5.73311068554581	0.904360187869023	0		1.067	0	1		C1832338_disease_gda_axonal_loss	Q92597	NDRG1	Tbio		9606.ENSP00000404854
OSTN	239790	true	true	true	1	location_secreted_all				0.887711645460287	4.67499966784929	0.095773725017674	0.000782293600104519	4.89082401445258	-0.15611723640952	0		0	3	0	glad4u_bone_degradation | glad4u_bone_formation | go_terms_genes_bone		P61366	OSTN	Tbio		9606.ENSP00000342356
SPOP	20747,207213,229571,399673,399674,399675,668359,100043188	true	true	false	0		true	true	true	0.595519955974459	2.31446626246486	0.094498834847651	0.000614128120258246	5.06361571194059	0.0711570277696669	0		1.179	0	0			O43791	SPOP	Tbio		9606.ENSP00000377001
TMEM80	71448	true		false	1	location_membrane_predicted				-1.01388172325787	4.37569655224707	0.094498834847651	0.000620892437328881	-5.05572805948441	0.060891821588589	0		0	0	0			Q96HE8	TMEM80	Tdark		9606.ENSP00000380646
TFAP2A	21418	true	true	false	0		true		true	-0.833078370045563	6.67778880549976	0.0587890497417294	0.000138791997413982	-6.20004541344746	1.44169375390473	0		0	0	0			P05549	TFAP2A	Tbio	TF	9606.ENSP00000368924
KRT80	74127	true		false	0					-1.10802125361644	4.88511258769695	0.0652073574174329	0.000211100619191809	-5.86560273787377	1.06041752334859	0		0	0	0			Q6KB66	KRT80	Tbio		9606.ENSP00000378292
ARHGEF28	110596	true	true	false	0		true			-0.920985993868479	5.17265792734773	0.0587890497417294	0.000147850466435765	-6.14886389737128	1.38450500674539	0		0	0	1		glad4u_axon_outgrowth	Q8N1W1	ARHGEF28	Tbio		9606.ENSP00000441913
CEP83	77048	true	true	false	0		true			-0.712668699445566	7.35806263735742	0.0672231841193511	0.000250621833492486	-5.73206783199299	0.903120423278319	0		0	0	0			Q9Y592	CEP83	Tdark		9606.ENSP00000380911
IHH	16147	true	true	true	4	human_compartment_extra_region_GO0005576 | human_compartment_extra_space_GO0005615 | human_compartment_plasma_membr_GO0005886 | location_secreted_all	true	true	true	0.939765696567868	3.5821103280726	0.0957662734607957	0.000680788708114067	4.98966892443485	-0.0254908111862076	0		1.493	4	0	glad4u_bone_degradation | glad4u_bone_formation | glad4u_osteoclastogenesis | go_terms_genes_bone		Q14623	IHH	Tbio		9606.ENSP00000295731
CYP51A1	13121	true	true	false	1	location_membrane_predicted	true	true	true	-1.14923050982576	6.13770257263461	0.0672231841193511	0.000304677246481769	-5.58234671669504	0.723264439942729	0		0	0	0			Q16850	CYP51A1	Tchem	Enzyme	9606.ENSP00000003100
DLGAP2	244310	true	true	false	1	human_compartment_plasma_membr_GO0005886	true	true	true	0.85168842911257	3.45497058828	0.0587890497417294	0.000149168000135204	6.14170400636947	1.37647162601185	0		0	0	0			Q9P1A6	DLGAP2	Tbio		9606.ENSP00000400258
ID1	15901	true	true	false	1	location_secreted_all	true	true	true	0.759549261810377	8.09136382313795	0.0587890497417294	0.000148573370204681	6.14492688312539	1.38008869416318	0		1.175	1	0	glad4u_bone_degradation		P41134	ID1	Tbio	TF	9606.ENSP00000365280
ACKR3	12778	true	true	false	2	location_membrane_predicted | surfaceome_insilico_fulllist	true	true	true	0.613061830080828	7.10890008806327	0.097785953141632	0.000823081287027383	4.8549249216726	-0.203965006413553	0		1.306	1	2	glad4u_bone_degradation	C0030193_disease_gda_pain | C0563625_disease_gda_analgesia	P25106	ACKR3	Tchem	GPCR	9606.ENSP00000272928
EFNB2	13642	true	true	true	2	location_membrane_predicted | surfaceome_insilico_fulllist	true	true	true	-1.26740757132724	5.67835428144178	0.0296460691099504	3.83901681870061e-05	-7.30400057987603	2.5784163972652	0		1.089	0	6		glad4u_axon_growth | glad4u_axon_guidance | go_terms_genes_neuron | pain_genes_PMID_23567662 | pain_genes_PMID_27548044 | pain_related_genes	P52799	EFNB2	Tbio		9606.ENSP00000245323
DEFB134	246082,360211,442835	true	true	false	1	location_secreted_all				0.88355122347041	3.27150336390921	0.0672231841193511	0.000299548584612041	5.59526725729181	0.738931981675367	0		0	0	0			Q4QY38	DEFB134	Tdark		9606.ENSP00000435010
SREBF2	20788	true	true	false	1	location_membrane_predicted	true		true	-0.91253073600058	7.77284374364824	0.0270512215360941	2.77071768176746e-05	-7.60498885204013	2.85815249254104	0		0	0	0			Q12772	SREBF2	Tchem	TF	9606.ENSP00000354476
SP9	381373	true	true	false	0					0.535759883068889	5.93601016390633	0.0957662734607957	0.000771917384504607	4.90027726509581	-0.143553508311818	0		0	0	0			P0CG40	SP9	Tdark	TF	9606.ENSP00000378418
MAGED2	80884	true	true	false	0		true			-0.790464356224934	8.39639685846864	0.0587890497417294	0.000128447049819889	-6.26312672966791	1.51160976340639	0		0	0	0			Q9UNF1	MAGED2	Tbio		9606.ENSP00000364209
IGF2	16002	true	true	true	3	location_membrane_predicted | location_secreted_all | matrisomedb_human_healthy	true	true	true	-1.50307238663062	9.21860126349924	0.0047486989870277	9.46050201619225e-07	-11.3408487421816	5.48884631925412	0		1.596	1	0	go_terms_genes_bone		P01344	IGF2	Tbio		9606.ENSP00000391826
CES2	71903,72361,102022,234669,234671,234673	true	true	false	3	human_compartment_extra_region_GO0005576 | human_compartment_extra_space_GO0005615 | location_membrane_predicted				0.847454428230045	3.42317276509062	0.0817461649634712	0.000464142982659414	5.26746694365733	0.332816851540952	0		0	0	0			O00748	CES2	Tchem	Enzyme	9606.ENSP00000317842
C4B	12268	true		true	4	human_compartment_extra_region_GO0005576 | human_compartment_extra_space_GO0005615 | human_compartment_plasma_membr_GO0005886 | location_secreted_all	true	true	true	1.08678468216875	8.61476861671986	0.0166656153916772	1.15289408899328e-05	8.46105434554451	3.59022690701309	0		0	0	0			P0C0L5	C4B	Tbio		9606.ENSP00000415941
OSR2	107587	true	true	false	0					-1.54432997023611	5.76739339665559	0.0197466585844364	1.57359566366661e-05	-8.14922401486306	3.33399610071126	0		0	1	0	go_terms_genes_bone		Q8N2R0	OSR2	Tbio	TF	9606.ENSP00000414657
CXXC1	74322	true	true	false	0		true			-0.633840855031057	5.65166626184937	0.0978105981846458	0.000828160259557216	-4.85058870340626	-0.209759112226167	0		0	0	0			Q9P0U4	CXXC1	Tbio	Epigenetic	9606.ENSP00000390475
CLU	12759	true	true	false	1	location_secreted_all	true	true	true	1.05480871690173	7.86001339123683	0.0270512215360941	2.83829568850268e-05	7.58243758771433	2.83761394173485	0		1.04	0	1		C0030193_disease_gda_pain	P10909	CLU	Tbio		9606.ENSP00000315130
MAT2A	232087	true	true	false	0		true			0.593341722126661	10.7215861753999	0.0857121053782706	0.000508005804363691	5.20125278754396	0.248593504837721	0		0	0	0			P31153	MAT2A	Tbio	Enzyme	9606.ENSP00000303147
TMCO4	77056	true	true	false	1	location_membrane_predicted				-1.08894082859302	5.18144979973908	0.0274293387784369	3.33386509677133e-05	-7.43311149254486	2.69990753882916	0		0	0	0			Q5TGY1	TMCO4	Tdark		9606.ENSP00000294543
DCAF4L2	73828	true		false	0					-0.644251091134743	6.37502445181826	0.0957662734607957	0.000717559685580405	-4.95213717489112	-0.0748966982831041	0		0	0	0			Q8NA75	DCAF4L2	Tdark		9606.ENSP00000316496
ITGBL1	223272	true	true	true	1	location_secreted_all				-1.56991646182008	5.09957335316927	0.0047486989870277	7.74113118154911e-07	-11.6043377542974	5.62747916293637	0		0	0	0			O95965	ITGBL1	Tbio		9606.ENSP00000365351
APAF1	11783	true	true	false	0		true	true	true	-1.17354559522836	5.54149499885232	0.0652073574174329	0.00020955296280228	-5.87137075840254	1.06714624638889	0		1.908	0	0			O14727	APAF1	Tbio	Enzyme	9606.ENSP00000448165
DEFB108B	246082,360211,442835	true		false	1	location_secreted_all				0.88355122347041	3.27150336390921	0.0672231841193511	0.000299548584612041	5.59526725729181	0.738931981675367	0		0	0	0			Q8NET1	DEFB108B	Tdark		9606.ENSP00000333234
FDFT1	14137	true	true	false	1	location_membrane_predicted	true			-0.933646903766382	8.47483764807272	0.0490242888751016	7.71838247456678e-05	-6.68858071585303	1.9670637890185	0		0	0	0			P37268	FDFT1	Tchem	Enzyme	9606.ENSP00000480828
OLFM3	229759	true	true	false	2	data_SPDI_secreted_transmembrane | location_secreted_all	true			-0.839537288793534	2.95760901992299	0.0652865547700962	0.000214608656979099	-5.8526962426479	1.04534171884635	0		0	0	0			Q96PB7	OLFM3	Tbio		9606.ENSP00000345192
DOP1B	70028	true		false	1	human_compartment_extra_space_GO0005615				-0.614849325826317	6.14311385521985	0.0957662734607957	0.00073987967921565	-4.93034902328153	-0.103686771933126	0		0	0	0			Q9Y3R5	DOPEY2	Tbio		9606.ENSP00000382104
A4GALT	239559	true	true	false	1	location_membrane_predicted				1.35994684122442	6.14921244294988	0.0493541925933008	8.11180573552608e-05	6.6462145361241	1.92294586833585	0		0	0	0			Q9NPC4	A4GALT	Tbio	Enzyme	9606.ENSP00000384794
ZNF787	67109	true	true	false	0		true			-0.64592093194474	6.0907692557586	0.0727048403933696	0.000370151120990338	-5.4354378280465	0.543165230160279	0		0	0	0			Q6DD87	ZNF787	Tdark	TF	9606.ENSP00000478557
INTS6L	236790	true	true	false	0		true			-0.865850557835616	6.22123407584184	0.0589007829891933	0.000158414298307423	-6.09330958166574	1.3219592357523	0		0	0	0			Q5JSJ4	DDX26B	Tdark		9606.ENSP00000359788
APOD	11815	true	true	true	2	human_compartment_extra_region_GO0005576 | location_secreted_all				-1.82310557377211	8.57062190673217	0.0589836378827269	0.00017038803651749	-6.03500408161963	1.25578588811683	0		0	0	2		go_terms_genes_neuron | pain_genes_PMID_27548044	P05090	APOD	Tbio		9606.ENSP00000345179
EHBP1	216565	true	true	false	0		true			-0.64571484986514	8.04106379815264	0.094498834847651	0.000625975945549237	-5.04986087865522	0.0532493124511113	0		0	0	0			Q8NDI1	EHBP1	Tbio		9606.ENSP00000263991
FGL1	234199	true	true	true	3	human_compartment_extra_space_GO0005615 | location_secreted_all | matrisomedb_human_healthy	true	true	true	1.04711807403188	3.90875887232323	0.0727048403933696	0.000372975324261235	5.42974724368917	0.536116449735244	0		0	0	1		C0030193_disease_gda_pain	Q08830	FGL1	Tbio		9606.ENSP00000381133
STEAP4	117167	true	true	false	2	location_membrane_predicted | surfaceome_insilico_fulllist				1.3250051272786	7.57104968006476	0.0600900730638214	0.000185555559814569	5.9672183542368	1.17816653484823	0		0	0	0			Q687X5	STEAP4	Tbio	Enzyme	9606.ENSP00000369419
EPHB3	13845	true	true	false	3	human_compartment_plasma_membr_GO0005886 | location_membrane_predicted | surfaceome_insilico_fulllist	true	true	true	-0.620927245524815	5.46992555697495	0.0919709759141251	0.000570147723948061	-5.1172924656857	0.140734921732779	0		0	0	4		glad4u_axon_growth | glad4u_axon_guidance | glad4u_axon_sprouting | go_terms_genes_neuron	P54753	EPHB3	Tchem	Kinase	9606.ENSP00000332118
PAFAH1B3	18476	true	true	false	0		true	true	true	-0.630645476749802	8.18304473228532	0.0957662734607957	0.000740534021638663	-4.92972095836913	-0.104517857226456	0		0	0	0			Q15102	PAFAH1B3	Tbio	Enzyme	9606.ENSP00000444935
PMVK	68603	true	true	false	0					-0.896056244408701	6.71539592375698	0.0270512215360941	3.09880513661801e-05	-7.50068177869184	2.76258932620947	0		0	0	0			Q15126	PMVK	Tchem	Enzyme	9606.ENSP00000357452
CDO1	12583	true	true	false	0					-0.791901520629986	7.25252004446375	0.0965112769928538	0.000806297035866847	-4.86946137781309	-0.1845642006321	0		0	0	0			Q16878	CDO1	Tbio	Enzyme	9606.ENSP00000250535
AGTR2	11609	true		false	3	human_compartment_plasma_membr_GO0005886 | location_membrane_predicted | surfaceome_insilico_fulllist	true	true	true	-2.84720604362837	5.3723312153271	0.0047486989870277	5.65430265848266e-07	-12.0278745560298	5.84018938808574	0		0	0	5		C0030193_disease_gda_pain | C0563625_disease_gda_analgesia | pain_genes_PMID_23567662 | pain_genes_PMID_27548044 | pain_related_genes	P50052	AGTR2	Tchem	GPCR	9606.ENSP00000360973
CEP152	99100	true	true	false	0					-0.768615465525109	3.38137494122556	0.0672231841193511	0.00025454530699366	-5.72007293856629	0.888847782190728	0		0	0	0			O94986	CEP152	Tbio		9606.ENSP00000370337
SDR39U1	654795	true	true	false	0					-0.84825476043839	6.32564470377319	0.0587890497417294	0.000155185757361872	-6.10985117071428	1.34063397855221	0		0	0	0			Q9NRG7	SDR39U1	Tbio	Enzyme	9606.ENSP00000382327
OGN	18295	true	true	true	4	human_compartment_extra_region_GO0005576 | human_compartment_extra_space_GO0005615 | location_secreted_all | matrisomedb_human_healthy				-1.6473303597728	8.14424447018248	0.00704358388007592	2.8064882478637e-06	-10.0009770068513	4.70047272671151	0		0	0	1		C0030193_disease_gda_pain	P20774	OGN	Tbio		9606.ENSP00000262551
IRAK3	73914	true	true	false	1	location_secreted_all	true	true	true	2.06922220677049	5.35795832376481	0.00704358388007592	2.65307115371485e-06	10.0667522834676	4.74270492340031	0		0	1	0	tissue_category_rna_bone		Q9Y616	IRAK3	Tchem	Kinase	9606.ENSP00000261233
OSR1	23967	true	true	false	0					-0.644560340519913	8.3991506189379	0.0688282452640763	0.000325664075111428	-5.53181727185941	0.661725379893615	0		0	0	0			Q8TAX0	OSR1	Tbio	TF	9606.ENSP00000272223
RIC1	226089	true	true	false	1	location_membrane_predicted	true		true	-0.694214414949761	6.21345661179762	0.0957662734607957	0.00066629348456005	-5.00506613656638	-0.00529086689238056	0		0	0	0			Q4ADV7	RIC1	Tbio		9606.ENSP00000416696
KNSTRN	51944	true	true	false	1	human_compartment_plasma_membr_GO0005886				-0.894966324854777	5.5761823904709	0.0587890497417294	0.000154653724862815	-6.11261285491536	1.34374754926302	0		0	0	0			Q9Y448	KNSTRN	Tbio		9606.ENSP00000249776
TMEM267	633640	true	true	false	1	location_membrane_predicted				0.622223021680915	6.3510092672091	0.0957662734607957	0.000733865799869099	4.93614945884868	-0.0960144932313138	0		0	0	0			Q0VDI3	C5orf28	Tdark		9606.ENSP00000426067
TP53INP1	60599	true	true	false	0		true			-0.715293658396787	5.35793794958878	0.0587890497417294	0.000125766820466342	-6.28037206289173	1.53061468179004	0		1.157	0	0			Q96A56	TP53INP1	Tbio		9606.ENSP00000344215
CYP2F1	13107	true	true	false	1	location_secreted_all				1.01414229416727	7.20813010976684	0.0936005227525801	0.000592054307678936	5.09002025236878	0.105444312751533	0		0	0	0			P24903	CYP2F1	Tbio		9606.ENSP00000333534
TTK	22137	true	true	false	0					-0.853770597356668	4.227409828003	0.0672231841193511	0.000248819536637864	-5.73764608564437	0.909749877171613	0		1.045	0	1		C0030193_disease_gda_pain	P33981	TTK	Tchem	Kinase	9606.ENSP00000358813
DEFB132	246082,360211,442835	true	true	false	1	location_secreted_all				0.88355122347041	3.27150336390921	0.0672231841193511	0.000299548584612041	5.59526725729181	0.738931981675367	0		0	0	0			Q7Z7B7	DEFB132	Tdark		9606.ENSP00000371813
DEFB127	246082,360211,442835	true		false	1	location_secreted_all				0.88355122347041	3.27150336390921	0.0672231841193511	0.000299548584612041	5.59526725729181	0.738931981675367	0		0	0	0			Q9H1M4	DEFB127	Tbio		9606.ENSP00000371825
PFKP	56421	true	true	false	1	human_compartment_extra_space_GO0005615	true			-0.763442397792938	9.44404894201295	0.0596721859247045	0.000178321105462809	-5.99877007352527	1.21438753057972	0		0	0	0			Q01813	PFKP	Tbio	Kinase	9606.ENSP00000370517
ACOX2	93732	true	true	false	0					-1.87935772048162	5.91610603633076	0.0672231841193511	0.000257295696980979	-5.71178300954302	0.878969797848916	0		0	0	0			Q99424	ACOX2	Tbio	Enzyme	9606.ENSP00000307697
TADA3	101206	true	true	false	0		true			-0.644997057868403	7.71994825437513	0.0957662734607957	0.000679723084503659	-4.99078881640891	-0.0240202542524468	0		0	0	0			O75528	TADA3	Tbio		9606.ENSP00000307684
SHBG	20415	true	true	true	2	human_compartment_extra_region_GO0005576 | location_secreted_all	true	true	true	0.6120349805659	3.1058320040101	0.0957662734607957	0.000733053051601028	4.93693727164859	-0.0949728835728436	0		0	4	1	C0029453_disease_gda_osteopenia | glad4u_bone_degradation | glad4u_bone_mineral_density | glad4u_bone_resorption	C0030193_disease_gda_pain	P04278	SHBG	Tchem		9606.ENSP00000369816
MEDAG	70717	true	true	false	0					-0.832478022591668	6.66918007818948	0.0499200574741905	8.70207197727198e-05	-6.58667218244971	1.8604855321088	0		0	0	0			Q5VYS4	MEDAG	Tdark		9606.ENSP00000369849
NUSAP1	108907	true	true	false	0					-0.725749486024372	5.54204238024488	0.0957662734607957	0.000739690373671658	-4.93053083773074	-0.10344619879759	0		0	1	0	tissue_category_rna_bone		Q9BXS6	NUSAP1	Tbio		9606.ENSP00000453403
CAMP	12796	true		true	0		true	true	true	2.18510266594274	5.80935702118561	0.0433005649938304	6.25419058084013e-05	6.86991189743209	2.15287955162329	0		0	1	1	C0029453_disease_gda_osteopenia	C0030193_disease_gda_pain	P49913	CAMP	Tbio		9606.ENSP00000296435
PDK4	27273	true	true	false	0					-0.713198154787877	6.29380487755244	0.0587890497417294	0.000130845363241788	-6.24802328709177	1.49492693384723	0		0	1	0	C0029453_disease_gda_osteopenia		Q16654	PDK4	Tchem	Kinase	9606.ENSP00000005178
HSPA4L	18415	true	true	false	0		true	true	true	-1.29084924534411	5.03096618455384	0.0672231841193511	0.000296312420353295	-5.60354364010201	0.748953410773948	0		0	0	0			O95757	HSPA4L	Tbio		9606.ENSP00000296464
MXI1	17859	true	true	false	0		true	true	true	-0.748436582828717	9.73184645942989	0.072524539669334	0.000364826103526384	-5.44629593718652	0.556599846478087	0		0	0	0			P50539	MXI1	Tbio	TF	9606.ENSP00000331152
CXCL12	20315	true	true	true	3	human_compartment_extra_space_GO0005615 | location_secreted_all | matrisomedb_human_healthy	true	true	true	0.660228647109539	10.1958090157258	0.0661717174350257	0.000220814078501182	5.83041541839373	1.01925198357529	0		2.657	6	3	C0029453_disease_gda_osteopenia | C0238790_disease_gda_bone_destruction | glad4u_bone_degradation | glad4u_bone_destruction | glad4u_bone_formation | glad4u_osteoclastogenesis	C0020429_disease_gda_hyperalgesia | C0030193_disease_gda_pain | go_terms_genes_neuron	P48061	CXCL12	Tbio		9606.ENSP00000379140
REL	19696	true	true	false	0		true	true	true	-0.705731651587412	5.58915648467732	0.0672231841193511	0.000277785481875117	-5.65288805391995	0.808466066157303	0		2.108	0	0			Q04864	REL	Tbio	TF	9606.ENSP00000295025
FHL2	14200	true	true	false	0		true	true	true	-0.660510086067772	6.72295944567545	0.0672231841193511	0.000296206561452153	-5.60381601779629	0.749283025006195	0		0	6	0	C0029453_disease_gda_osteopenia | glad4u_bone_degradation | glad4u_bone_formation | glad4u_osteoblast_differentiation | glad4u_osteoclastogenesis | go_terms_genes_bone		Q14192	FHL2	Tbio		9606.ENSP00000386665
FMOD	14264	true	true	false	3	location_secreted_all | location_secreted_ecm | matrisomedb_human_healthy				-1.14002737673632	5.46086685620661	0.0549790314578298	0.000101208399993452	-6.45987249229812	1.72567949733648	0		0	1	0	glad4u_bone_degradation		Q06828	FMOD	Tbio		9606.ENSP00000347041
RDH10	98711	true	true	false	2	data_SPDI_secreted_transmembrane | location_membrane_predicted				-0.898529212554544	4.06358655419496	0.0957662734607957	0.000672137821177193	-4.99881525171782	-0.0134867289302347	0		0	0	0			Q8IZV5	RDH10	Tbio	Enzyme	9606.ENSP00000240285
FADS2	56473	true	true	false	1	location_membrane_predicted				-0.920952371808957	9.20128393800061	0.0600900730638214	0.000185094140811385	-5.96919064143367	1.1804354056247	0		0	0	0			O95864	FADS2	Tbio	Enzyme	9606.ENSP00000278840
LMLN	239833	true	true	false	1	location_membrane_predicted				-0.831538786547268	5.2213219125452	0.0794256357859116	0.000443055643391877	-5.3017416088088	0.376123720730969	0		0	0	0			Q96KR4	LMLN	Tdark	Enzyme	9606.ENSP00000410926
PRF1	18646	true		false	3	human_compartment_extra_space_GO0005615 | human_compartment_plasma_membr_GO0005886 | location_secreted_all	true			0.71576011022659	2.74721433946629	0.0672231841193511	0.000291926209949235	5.61491846017671	0.76270801537513	0		2.181	0	1		C0030193_disease_gda_pain	P14222	PRF1	Tchem		9606.ENSP00000398568
PARP6	67287	true	true	false	0					-0.657614727064741	6.29951936786976	0.093817672340798	0.000599790841286949	-5.08064717307762	0.0932864718972546	0		0	0	0			Q2NL67	PARP6	Tchem	Enzyme	9606.ENSP00000456348
FAM20A	208659	true	true	false	3	data_SPDI_secreted_transmembrane | human_compartment_extra_space_GO0005615 | location_secreted_all	true	true	true	-1.38760606210582	4.83067815384892	0.0672231841193511	0.000240215575866907	-5.76489250583433	0.942057215552439	0		0	0	0			Q96MK3	FAM20A	Tbio	Enzyme	9606.ENSP00000468308
ZRANB3	226409	true	true	false	0					-0.670034753831144	5.09130943525242	0.0794256357859116	0.000437243637021939	-5.31149778093942	0.388414744032108	0		0	0	0			Q5FWF4	ZRANB3	Tbio	Enzyme	9606.ENSP00000264159
CCL23	20305,20308	true		true	3	human_compartment_extra_region_GO0005576 | human_compartment_extra_space_GO0005615 | location_secreted_all	true	true	true	0.680209519509487	6.32719517823917	0.0957662734607957	0.000776420781368593	4.89615780746594	-0.149026580012221	0		0	0	0			P55773	CCL23	Tbio		9606.ENSP00000481357
FAM131B	76156	true	true	false	0					-0.984772805802949	2.87473471343732	0.0856376358608123	0.000503299184758236	-5.20805695425557	0.257282345486402	0		0	0	0			Q86XD5	FAM131B	Tdark		9606.ENSP00000410603
HMGN5	50887	true	true	false	0					-0.703927586767868	6.00522412877947	0.0794256357859116	0.000439571261423557	-5.30757389696171	0.383473280017622	0		0	0	0			P82970	HMGN5	Tbio		9606.ENSP00000350848
NALCN	338370	true	true	false	2	location_membrane_predicted | surfaceome_insilico_fulllist	true			0.567960119399398	3.7390700464321	0.0957662734607957	0.00068885993843758	4.98124729094784	-0.0365562217745321	0		0	0	1		C0030193_disease_gda_pain	Q8IZF0	NALCN	Tchem	IC	9606.ENSP00000251127
CCDC6	76551	true	true	false	0		true			-0.786454242790903	8.49700864802566	0.0587890497417294	0.000121152129689808	-6.31102058461884	1.56427540692544	0		0	0	1		C0030193_disease_gda_pain	Q16204	CCDC6	Tbio		9606.ENSP00000263102
ACLY	104112	true	true	false	1	human_compartment_plasma_membr_GO0005886	true			-0.784138550380943	8.70756943060555	0.0794256357859116	0.000437249031438969	-5.31148866109129	0.388403262137689	0		0	0	1		C0030193_disease_gda_pain	P53396	ACLY	Tclin	Enzyme	9606.ENSP00000253792
VRK1	22367	true	true	false	1	location_membrane_predicted	true			-0.677697395162063	7.58603562173345	0.0672231841193511	0.000243278199402423	-5.75507470734817	0.930429865290974	0		0	1	0	tissue_category_rna_bone		Q99986	VRK1	Tbio	Kinase	9606.ENSP00000216639
ANKRD37	654824	true	true	false	0					-0.765863929955666	8.94785050141525	0.0587890497417294	0.000149462684198325	-6.1401119878001	1.37468427781564	0		0	0	0			Q7Z713	ANKRD37	Tdark		9606.ENSP00000335147
MMP9	17395	true	true	true	5	human_compartment_extra_region_GO0005576 | human_compartment_extra_space_GO0005615 | human_compartment_plasma_membr_GO0005886 | location_secreted_all | matrisomedb_human_healthy	true	true	true	-1.1016261947704	4.93558461324157	0.0343274289541772	4.61619972986744e-05	-7.13777233994313	2.41861370085242	0		2.209	5	7	C0029453_disease_gda_osteopenia | C0238790_disease_gda_bone_destruction | glad4u_bone_degradation | glad4u_bone_destruction | tissue_category_rna_bone	C0020429_disease_gda_hyperalgesia | C0030193_disease_gda_pain | C0563625_disease_gda_analgesia | human_pain_genetics | pain_genes_PMID_23567662 | pain_genes_PMID_27548044 | pain_related_genes	P14780	MMP9	Tchem	Enzyme	9606.ENSP00000361405
TAS2R10	57252,387340,387341,387342,387346	true		false	2	location_membrane_predicted | surfaceome_insilico_fulllist				0.953861568188491	2.55185143481263	0.0672231841193511	0.000296336706445465	5.60348116618367	0.748877807058554	0		0	0	0			Q9NYW0	TAS2R10	Tbio	GPCR	9606.ENSP00000240619
TUBGCP5	233276	true	true	false	0		true			-0.906349399536052	4.46899483985826	0.0957662734607957	0.000761247602085365	-4.91014118213976	-0.130459978774907	0		0	0	0			Q96RT8	TUBGCP5	Tbio		9606.ENSP00000480316
ARRDC1	215705	true	true	false	2	human_compartment_extra_region_GO0005576 | human_compartment_extra_space_GO0005615	true			-0.66474941316166	5.89355345427536	0.0817461649634712	0.000461008342855857	-5.27245448395016	0.339131020895257	0		0	0	0			Q8N5I2	ARRDC1	Tbio		9606.ENSP00000360475
ITPKC	233011	true	true	false	0					-0.877777960336288	3.88087408132827	0.0719168530918562	0.000345097106558499	-5.48807003055037	0.608102536564616	0		0	0	0			Q96DU7	ITPKC	Tchem	Kinase	9606.ENSP00000263370
RRM1	20133	true	true	false	0		true			-0.571144228664735	7.23220505986329	0.0919709759141251	0.000569603344951422	-5.11798445363226	0.141628732280412	0		1.034	0	0			P23921	RRM1	Tclin	Enzyme	9606.ENSP00000300738
CAMKK2	207565	true	true	false	1	location_membrane_predicted	true			0.630860591603283	6.01039245806111	0.0719168530918562	0.000347441714807753	5.48297240539622	0.60183337550726	0		0	0	0			Q96RR4	CAMKK2	Tchem	Kinase	9606.ENSP00000312741
P2RX3	228139	true	true	false	2	location_membrane_predicted | surfaceome_insilico_fulllist	true			0.64850622686679	9.77230618644591	0.0672231841193511	0.000232893606169623	5.78892406684208	0.970451326435097	0		0	1	9	C0029453_disease_gda_osteopenia	C0020429_disease_gda_hyperalgesia | C0030193_disease_gda_pain | C0151825_disease_gda_bone_pain | C0563625_disease_gda_analgesia | glad4u_nociception | go_terms_genes_neuron | pain_genes_PMID_23567662 | pain_genes_PMID_27548044 | pain_related_genes	P56373	P2RX3	Tchem	IC	9606.ENSP00000263314
TNRC6C	217351	true	true	false	0		true			-0.654877870626422	6.4251530527374	0.0672231841193511	0.000276606976858829	-5.65614634015432	0.812381576892117	0		0	0	0			Q9HCJ0	TNRC6C	Tbio		9606.ENSP00000336783
IL1A	16175	true		true	2	human_compartment_extra_space_GO0005615 | location_secreted_all	true	true	true	0.766420957880555	2.61880585387563	0.0957662734607957	0.000762000630356967	4.9094401781995	-0.13138996405216	0		1.786	5	8	C0029453_disease_gda_osteopenia | C0238790_disease_gda_bone_destruction | glad4u_bone_destruction | glad4u_bone_mineral_density | glad4u_bone_resorption	C0020429_disease_gda_hyperalgesia | C0030193_disease_gda_pain | C0151825_disease_gda_bone_pain | C0563625_disease_gda_analgesia | glad4u_bone_pain | human_pain_genetics | pain_gene_resource | pain_genes_PMID_23567662	P01583	IL1A	Tchem		9606.ENSP00000263339
INSL6	27356	true	true	false	1	location_secreted_all				-0.646976842938654	5.14847787747502	0.0965112769928538	0.0008075453000697	-4.86836916546531	-0.186020670917983	0		0	0	0			Q9Y581	INSL6	Tdark		9606.ENSP00000371054
DEFB121	246082,360211,442835	true		false	2	human_compartment_extra_region_GO0005576 | location_secreted_all				0.88355122347041	3.27150336390921	0.0672231841193511	0.000299548584612041	5.59526725729181	0.738931981675367	0		0	0	0			Q5J5C9	DEFB121	Tdark		9606.ENSP00000417128
RTN4RL2	269295	true	true	false	3	human_compartment_extra_region_GO0005576 | location_secreted_all | surfaceome_insilico_fulllist				0.64674493513047	7.05344842800979	0.0672231841193511	0.000300246432027388	5.5934951969177	0.736784809750001	0		0	0	4		glad4u_axon_growth | glad4u_axon_outgrowth | glad4u_axon_sprouting | go_terms_genes_neuron	Q86UN3	RTN4RL2	Tbio		9606.ENSP00000335397
HIVEP3	16656	true	true	false	0		true			1.04901479527364	5.41602093601519	0.072524539669334	0.000354681582680108	5.46746276668377	0.582732603449217	0		0	5	0	C0029453_disease_gda_osteopenia | glad4u_bone_formation | glad4u_osteoblast_differentiation | glad4u_osteoclast_differentiation | glad4u_osteoclastogenesis		Q5T1R4	HIVEP3	Tbio	TF	9606.ENSP00000361664
MSLN	56047	true		false	4	human_compartment_extra_space_GO0005615 | location_membrane_predicted | location_secreted_all | surfaceome_insilico_fulllist				-1.32579748066183	5.98208488087939	0.00746587702686172	3.71843661064933e-06	-9.6771828086795	4.48677397390661	0		1.551	0	0			Q13421	MSLN	Tbio		9606.ENSP00000372313
ALDOC	11676	true		false	2	human_compartment_extra_region_GO0005576 | human_compartment_extra_space_GO0005615	true			-2.25196992156308	5.52822079195498	0.00534007964375782	1.32983356005524e-06	-10.9055257934069	5.24856342150792	0		0	0	0			P09972	ALDOC	Tbio	Enzyme	9606.ENSP00000226253
SQLE	20775	true	true	false	1	location_membrane_predicted				-1.41519204259201	7.62734643227429	0.00722111436355451	3.23687764080041e-06	-9.83566898679241	4.59259193076782	0		0	0	0			Q14534	SQLE	Tchem	Enzyme	9606.ENSP00000265896
IFT57	73916	true	true	false	0		true			-0.538693915749488	8.11556263660458	0.0957662734607957	0.000777097729432155	-4.89554078930293	-0.149846589611432	0		0	0	0			Q9NWB7	IFT57	Tbio		9606.ENSP00000264538
MID1	17318	true	true	false	1	location_membrane_predicted				-0.672296650072655	6.98020184639539	0.0957662734607957	0.000685687999425544	-4.98454423567644	-0.0322228556970225	0		0	0	0			O15344	MID1	Tbio	Enzyme	9606.ENSP00000312678
LGALS2	107753	true	true	false	0					0.915471316406869	4.90776805493203	0.035668359270516	4.97417103085192e-05	7.07121525431066	2.35354305900475	0		0	0	0			P05162	LGALS2	Tbio		9606.ENSP00000215886
RAD51B	19363	true		false	1	location_membrane_predicted				-0.918707814897956	3.67372264045623	0.0957662734607957	0.000777463022916112	-4.89520807451548	-0.150288790010123	0		0	0	0			O15315	RAD51B	Tbio		9606.ENSP00000419471
POSTN	50706	true	true	false	4	human_compartment_extra_space_GO0005615 | location_secreted_all | location_secreted_ecm | matrisomedb_human_healthy	true	true	true	-0.787434340699258	9.0426133642275	0.0957662734607957	0.00076114112431787	-4.91024036372141	-0.130328406418501	0		1.191	6	1	glad4u_bone_degradation | glad4u_bone_formation | glad4u_bone_mineral_density | glad4u_osteoblast_differentiation | glad4u_osteoblast_proliferation | glad4u_osteoclastogenesis	C0030193_disease_gda_pain	Q15063	POSTN	Tbio		9606.ENSP00000369071
C4A	12268	true		true	1	location_secreted_all	true	true	true	1.08678468216875	8.61476861671986	0.0166656153916772	1.15289408899328e-05	8.46105434554451	3.59022690701309	0		1.012	0	2		pain_genes_PMID_23567662 | pain_genes_PMID_27548044	P0C0L4	C4A	Tbio		9606.ENSP00000396688
ADCK2	57869	true	true	false	1	location_membrane_predicted				-0.592166276974259	5.28903550600122	0.0851223047721275	0.000496030962164504	-5.21870003516626	0.27085778941199	0		0	0	0			Q7Z695	ADCK2	Tbio	Kinase	9606.ENSP00000072869
PLEKHA8	231999	true	true	false	0		true			-0.839367721463243	6.09808834081543	0.0549790314578298	0.000104054347813404	-6.43677136883123	1.70085487625412	0		0	0	0			Q96JA3	PLEKHA8	Tbio		9606.ENSP00000397947
HOMER1	26556	true	true	false	0		true	true	true	-0.787877370149718	6.17434926911876	0.072524539669334	0.000361739236668991	-5.45266886309191	0.56447580511278	0		0	0	1		C0030193_disease_gda_pain	Q86YM7	HOMER1	Tbio		9606.ENSP00000334382
MAP3K6	53608	true	true	false	0					-0.768301946614553	3.45552930526272	0.0652073574174329	0.000210926627423662	-5.86624890651392	1.06117158537743	0		0	0	0			O95382	MAP3K6	Tchem	Kinase	9606.ENSP00000419591
SCP2	20280	true	true	false	0		true	true	true	0.595771491690787	8.08079300184228	0.0919709759141251	0.000572585515951073	5.11420235383117	0.136742574333268	0		0	0	0			P22307	SCP2	Tchem		9606.ENSP00000360569
OR4B1	18331,258789,258982,258987,406186	true		false	2	location_membrane_predicted | surfaceome_insilico_fulllist				1.04186153047613	2.30266367474855	0.0270512215360941	3.0179321622054e-05	7.52523286342165	2.78521255209825	0		0	0	0			Q8NGF8	OR4B1	Tdark	oGPCR	9606.ENSP00000311605
ACTR8	56249	true	true	false	0		true			-0.601235889377887	6.76122518274348	0.0794256357859116	0.000422166372568008	-5.33747289324181	0.421060687681314	0		0	0	0			Q9H981	ACTR8	Tbio		9606.ENSP00000336842
COX6A2	12862	true	true	false	0		true	true	true	-0.947949588676115	7.48289676008504	0.0957662734607957	0.000659329914105562	-5.0125914469572	0.00456723323475483	0		0	0	0			Q02221	COX6A2	Tbio	Enzyme	9606.ENSP00000287490
FADS1	76267	true	true	false	1	location_membrane_predicted				-0.859900019655473	9.01575137363444	0.0490242888751016	7.61102190762933e-05	-6.70055090585764	1.97948026222249	0		0	0	0			O60427	FADS1	Tchem	Enzyme	9606.ENSP00000322229
